year,month,district_id,lat,lon,coastal,dry_belt,oni,dmi,mjo_amplitude,mjo_phase,onset_target,break_target,heavy_target
1990,6,MH-PUN,18.5204,73.8567,0,1,0.25,-0.568,0.7040596286666666,6.0,0.36666666666666664,0.23333333333333334,0.0
1990,7,MH-PUN,18.5204,73.8567,0,1,0.26,-0.246,0.7642434731967742,1.0,0.6451612903225806,0.06451612903225806,0.0
1990,8,MH-PUN,18.5204,73.8567,0,1,0.32,-0.391,0.8801470647322581,6.0,0.3548387096774194,0.22580645161290322,0.0
1990,9,MH-PUN,18.5204,73.8567,0,1,0.31,-0.183,0.775732242,3.0,0.0,0.7666666666666667,0.0
1991,6,MH-PUN,18.5204,73.8567,0,1,0.63,0.263,1.4334286633333333,5.0,0.5333333333333333,0.3,0.06666666666666667
1991,7,MH-PUN,18.5204,73.8567,0,1,0.77,0.269,0.6487244419290323,6.0,0.5806451612903226,0.0,0.0
1991,8,MH-PUN,18.5204,73.8567,0,1,0.67,0.058,1.2953001661290322,5.0,0.25806451612903225,0.5483870967741935,0.0
1991,9,MH-PUN,18.5204,73.8567,0,1,0.72,0.099,1.3728957676666669,8.0,0.23333333333333334,0.6,0.0
1992,6,MH-PUN,18.5204,73.8567,0,1,0.72,-0.861,1.0309609286666666,3.0,0.4,0.43333333333333335,0.0
1992,7,MH-PUN,18.5204,73.8567,0,1,0.35,-0.479,1.032042581935484,3.0,0.3548387096774194,0.3870967741935484,0.0
1992,8,MH-PUN,18.5204,73.8567,0,1,0.08,-0.768,0.7930089680645162,5.0,0.3548387096774194,0.5161290322580645,0.0
1992,9,MH-PUN,18.5204,73.8567,0,1,-0.15,-0.833,1.1277177353333334,2.0,0.26666666666666666,0.4,0.0
1993,6,MH-PUN,18.5204,73.8567,0,1,0.56,-0.108,1.5129156700000002,8.0,0.43333333333333335,0.26666666666666666,0.0
1993,7,MH-PUN,18.5204,73.8567,0,1,0.28,-0.152,0.8503892948387097,5.0,0.5161290322580645,0.1935483870967742,0.0
1993,8,MH-PUN,18.5204,73.8567,0,1,0.22,-0.306,0.9336245306,1.0,0.0,0.3870967741935484,0.0
1993,9,MH-PUN,18.5204,73.8567,0,1,0.2,-0.17,0.4647173026666666,2.0,0.0,0.6,0.0
1995,6,MH-PUN,18.5204,73.8567,0,1,-0.11,-0.078,0.8386585686666667,2.0,0.0,0.9333333333333333,0.0
1995,7,MH-PUN,18.5204,73.8567,0,1,-0.3,-0.169,1.3968855583870967,2.0,0.41935483870967744,0.22580645161290322,0.0
1995,8,MH-PUN,18.5204,73.8567,0,1,-0.55,-0.144,1.3320209096774194,2.0,0.0,0.9032258064516129,0.0
1995,9,MH-PUN,18.5204,73.8567,0,1,-0.81,-0.18,1.0134717556666666,5.0,0.4666666666666667,0.3,0.0
1996,6,MH-PUN,18.5204,73.8567,0,1,-0.24,-0.395,1.5769545686666668,3.0,0.43333333333333335,0.4,0.0
1996,7,MH-PUN,18.5204,73.8567,0,1,-0.22,-0.644,1.590457191935484,6.0,0.5483870967741935,0.3225806451612903,0.0
1996,8,MH-PUN,18.5204,73.8567,0,1,-0.27,-0.681,1.0089208741935485,3.0,0.1935483870967742,0.5161290322580645,0.0
1996,9,MH-PUN,18.5204,73.8567,0,1,-0.3,-0.712,1.0609203293333334,5.0,0.5,0.06666666666666667,0.0
1998,6,MH-PUN,18.5204,73.8567,0,1,-0.08,0.147,0.921335034,3.0,0.23333333333333334,0.4666666666666667,0.0
1998,7,MH-PUN,18.5204,73.8567,0,1,-0.63,-0.385,0.75393639,2.0,0.5806451612903226,0.12903225806451613,0.03225806451612903
1998,8,MH-PUN,18.5204,73.8567,0,1,-0.83,-0.58,1.00514719,2.0,0.3548387096774194,0.2903225806451613,0.0
1998,9,MH-PUN,18.5204,73.8567,0,1,-1.02,-0.496,1.4218518516666667,8.0,0.4666666666666667,0.26666666666666666,0.0
2002,6,MH-PUN,18.5204,73.8567,0,1,0.45,-0.189,1.8803833166666664,2.0,0.36666666666666664,0.5,0.03333333333333333
2002,7,MH-PUN,18.5204,73.8567,0,1,0.57,-0.261,1.7221574980645162,8.0,0.0967741935483871,0.6451612903225806,0.0
2002,8,MH-PUN,18.5204,73.8567,0,1,0.63,-0.208,1.420236031935484,8.0,0.2903225806451613,0.41935483870967744,0.0
2002,9,MH-PUN,18.5204,73.8567,0,1,0.78,0.286,0.7018471730000001,2.0,0.0,0.8,0.0
2003,6,MH-PUN,18.5204,73.8567,0,1,-0.13,0.139,1.65106069,1.0,0.4666666666666667,0.3,0.0
2003,7,MH-PUN,18.5204,73.8567,0,1,0.09,0.131,0.992855799032258,2.0,0.12903225806451613,0.4838709677419355,0.0
2003,8,MH-PUN,18.5204,73.8567,0,1,0.14,0.108,0.6039936987096773,6.0,0.22580645161290322,0.3548387096774194,0.0
2003,9,MH-PUN,18.5204,73.8567,0,1,0.23,-0.06,0.7902776976666667,4.0,0.0,0.8333333333333334,0.0
2004,6,MH-PUN,18.5204,73.8567,0,1,0.22,-0.384,1.0188708323333333,7.0,0.5666666666666667,0.0,0.03333333333333333
2004,7,MH-PUN,18.5204,73.8567,0,1,0.39,-0.301,1.611224959354839,1.0,1.0,0.0,0.0
2004,8,MH-PUN,18.5204,73.8567,0,1,0.54,-0.133,1.2484562670967745,6.0,1.0,0.0,0.16129032258064516
2004,9,MH-PUN,18.5204,73.8567,0,1,0.58,-0.106,1.438454236,2.0,0.7333333333333333,0.0,0.0
2005,6,MH-PUN,18.5204,73.8567,0,1,0.09,-0.176,0.7345759723333334,2.0,0.4,0.4666666666666667,0.2
2005,7,MH-PUN,18.5204,73.8567,0,1,-0.04,-0.384,1.029081502903226,2.0,1.0,0.0,0.4838709677419355
2005,8,MH-PUN,18.5204,73.8567,0,1,-0.14,-0.345,0.939736100967742,1.0,1.0,0.0,0.3548387096774194
2005,9,MH-PUN,18.5204,73.8567,0,1,-0.11,-0.534,1.522602815,8.0,1.0,0.0,0.26666666666666666
2007,6,MH-PUN,18.5204,73.8567,0,1,-0.41,0.031,1.3529915246666666,2.0,0.8333333333333334,0.0,0.13333333333333333
2007,7,MH-PUN,18.5204,73.8567,0,1,-0.49,0.045,1.3795319935483872,1.0,0.7741935483870968,0.03225806451612903,0.06451612903225806
2007,8,MH-PUN,18.5204,73.8567,0,1,-0.77,0.237,0.8762567774193548,2.0,1.0,0.0,0.06451612903225806
2007,9,MH-PUN,18.5204,73.8567,0,1,-1.05,0.235,1.1761283893333332,5.0,0.8333333333333334,0.0,0.03333333333333333
2008,6,MH-PUN,18.5204,73.8567,0,1,-0.56,0.215,0.953116955,3.0,0.26666666666666666,0.4666666666666667,0.0
2008,7,MH-PUN,18.5204,73.8567,0,1,-0.33,0.246,1.2312710548387096,1.0,0.06451612903225806,0.6774193548387096,0.0
2008,8,MH-PUN,18.5204,73.8567,0,1,-0.2,0.124,1.211697393548387,2.0,0.6129032258064516,0.3548387096774194,0.03225806451612903
2008,9,MH-PUN,18.5204,73.8567,0,1,-0.25,0.086,1.446583400333333,5.0,0.43333333333333335,0.16666666666666666,0.03333333333333333
2009,6,MH-PUN,18.5204,73.8567,0,1,0.34,0.1,1.4584701413333332,8.0,0.3,0.6333333333333333,0.0
2009,7,MH-PUN,18.5204,73.8567,0,1,0.5,-0.192,0.6150665787096774,5.0,1.0,0.0,0.3225806451612903
2009,8,MH-PUN,18.5204,73.8567,0,1,0.56,-0.104,1.12875141,1.0,1.0,0.0,0.0
2009,9,MH-PUN,18.5204,73.8567,0,1,0.66,-0.103,1.6812911126666668,4.0,0.9333333333333333,0.03333333333333333,0.03333333333333333
2010,6,MH-PUN,18.5204,73.8567,0,1,-0.66,-0.14,1.285590429,2.0,0.5666666666666667,0.36666666666666664,0.03333333333333333
2010,7,MH-PUN,18.5204,73.8567,0,1,-0.98,-0.001,1.663601914516129,1.0,0.25806451612903225,0.3870967741935484,0.0
2010,8,MH-PUN,18.5204,73.8567,0,1,-1.24,-0.061,0.747917844516129,1.0,0.3548387096774194,0.2903225806451613,0.0
2010,9,MH-PUN,18.5204,73.8567,0,1,-1.43,-0.267,0.8091414173333332,1.0,0.26666666666666666,0.23333333333333334,0.0
2011,6,MH-PUN,18.5204,73.8567,0,1,-0.34,0.055,0.6791252076666666,2.0,0.8333333333333334,0.1,0.0
2011,7,MH-PUN,18.5204,73.8567,0,1,-0.37,0.223,1.0109919648387098,1.0,0.9354838709677419,0.0,0.12903225806451613
2011,8,MH-PUN,18.5204,73.8567,0,1,-0.5,0.344,1.011544473516129,2.0,0.9354838709677419,0.0,0.0
2011,9,MH-PUN,18.5204,73.8567,0,1,-0.76,0.202,0.9066917783333334,3.0,0.7,0.26666666666666666,0.03333333333333333
2014,6,MH-PUN,18.5204,73.8567,0,1,0.22,-0.028,1.108679051,4.0,0.0,1.0,0.0
2014,7,MH-PUN,18.5204,73.8567,0,1,0.07,-0.363,1.1528067432258065,6.0,0.45161290322580644,0.3870967741935484,0.06451612903225806
2014,8,MH-PUN,18.5204,73.8567,0,1,0.07,-0.372,1.2150309538709676,2.0,0.6451612903225806,0.22580645161290322,0.0
2014,9,MH-PUN,18.5204,73.8567,0,1,0.24,-0.145,0.649377995,4.0,0.4,0.43333333333333335,0.0
2015,6,MH-PUN,18.5204,73.8567,0,1,1.19,0.296,1.992920383333333,4.0,0.5666666666666667,0.3333333333333333,0.0
2015,7,MH-PUN,18.5204,73.8567,0,1,1.44,0.225,1.837990334516129,7.0,0.0967741935483871,0.6451612903225806,0.0
2015,8,MH-PUN,18.5204,73.8567,0,1,1.73,0.568,0.8428048241935484,8.0,0.0,0.9032258064516129,0.0
2015,9,MH-PUN,18.5204,73.8567,0,1,2.02,0.294,0.62977513528,1.0,0.5333333333333333,0.43333333333333335,0.0
2016,6,MH-PUN,18.5204,73.8567,0,1,0.09,-0.443,1.5598082686666668,4.0,0.1,0.6,0.0
2016,7,MH-PUN,18.5204,73.8567,0,1,-0.19,-0.757,1.0086871877419354,2.0,0.4838709677419355,0.45161290322580644,0.03225806451612903
2016,8,MH-PUN,18.5204,73.8567,0,1,-0.34,-0.443,1.3634238690322582,6.0,0.3870967741935484,0.5161290322580645,0.03225806451612903
2016,9,MH-PUN,18.5204,73.8567,0,1,-0.42,-0.437,0.9987363606666668,5.0,0.23333333333333334,0.6333333333333333,0.0
2017,6,MH-PUN,18.5204,73.8567,0,1,0.32,0.424,1.010765505,1.0,0.3333333333333333,0.43333333333333335,0.0
2017,7,MH-PUN,18.5204,73.8567,0,1,0.14,0.52,1.0194311058064516,3.0,0.6451612903225806,0.1935483870967742,0.0
2017,8,MH-PUN,18.5204,73.8567,0,1,-0.07,0.349,0.560064344016129,2.0,0.3548387096774194,0.5161290322580645,0.0
2017,9,MH-PUN,18.5204,73.8567,0,1,-0.23,0.035,0.5864452456666667,4.0,0.4666666666666667,0.1,0.0
2018,6,MH-PUN,18.5204,73.8567,0,1,0.13,0.155,1.099695321,1.0,0.4666666666666667,0.3,0.0
2018,7,MH-PUN,18.5204,73.8567,0,1,0.2,0.053,1.4670566325806451,6.0,0.5161290322580645,0.25806451612903225,0.0
2018,8,MH-PUN,18.5204,73.8567,0,1,0.3,0.121,1.1604823280645162,6.0,0.22580645161290322,0.41935483870967744,0.0
2018,9,MH-PUN,18.5204,73.8567,0,1,0.52,0.604,1.0746740603333331,8.0,0.0,0.9666666666666667,0.0
2020,6,MH-PUN,18.5204,73.8567,0,1,-0.18,0.455,1.3547168013333333,1.0,0.43333333333333335,0.4,0.0
2020,7,MH-PUN,18.5204,73.8567,0,1,-0.29,0.319,1.5012130690322585,2.0,0.41935483870967744,0.2903225806451613,0.0
2020,8,MH-PUN,18.5204,73.8567,0,1,-0.43,-0.183,1.5708076487096774,8.0,0.6129032258064516,0.12903225806451613,0.0
2020,9,MH-PUN,18.5204,73.8567,0,1,-0.77,-0.189,1.1078213236666663,4.0,0.6333333333333333,0.16666666666666666,0.0
2021,6,MH-PUN,18.5204,73.8567,0,1,-0.31,-0.002,1.2543668813333333,1.0,0.4666666666666667,0.3333333333333333,0.0
2021,7,MH-PUN,18.5204,73.8567,0,1,-0.35,-0.229,1.2697446645161292,2.0,0.5483870967741935,0.3548387096774194,0.03225806451612903
2021,8,MH-PUN,18.5204,73.8567,0,1,-0.46,-0.099,1.3328496390322582,2.0,0.0,0.8064516129032258,0.0
2021,9,MH-PUN,18.5204,73.8567,0,1,-0.64,-0.058,1.16716908,3.0,0.26666666666666666,0.5333333333333333,0.0
2022,6,MH-PUN,18.5204,73.8567,0,1,-0.73,-0.335,1.7460144566666669,1.0,0.0,0.7666666666666667,0.0
2022,7,MH-PUN,18.5204,73.8567,0,1,-0.7,-0.195,0.9906527754838708,4.0,0.6451612903225806,0.1935483870967742,0.0
2022,8,MH-PUN,18.5204,73.8567,0,1,-0.78,-0.246,0.962351660967742,2.0,0.41935483870967744,0.2903225806451613,0.0
2022,9,MH-PUN,18.5204,73.8567,0,1,-0.87,-0.322,0.45954351401,4.0,0.5666666666666667,0.2,0.0
2023,6,MH-PUN,18.5204,73.8567,0,1,0.73,0.665,1.1452140906,2.0,0.1,0.7,0.0
2023,7,MH-PUN,18.5204,73.8567,0,1,1.0,0.498,0.7976125261290323,6.0,0.6129032258064516,0.2903225806451613,0.0
2023,8,MH-PUN,18.5204,73.8567,0,1,1.25,0.826,0.9138732870967742,8.0,0.06451612903225806,0.6774193548387096,0.0
2023,9,MH-PUN,18.5204,73.8567,0,1,1.5,0.946,0.8482362092433333,4.0,0.3,0.26666666666666666,0.0
1990,6,MH-NAS,19.9975,73.7898,0,1,0.25,-0.568,0.7040596286666666,6.0,0.0,0.6333333333333333,0.0
1990,7,MH-NAS,19.9975,73.7898,0,1,0.26,-0.246,0.7642434731967742,1.0,0.6129032258064516,0.1935483870967742,0.0
1990,8,MH-NAS,19.9975,73.7898,0,1,0.32,-0.391,0.8801470647322581,6.0,0.41935483870967744,0.06451612903225806,0.0
1990,9,MH-NAS,19.9975,73.7898,0,1,0.31,-0.183,0.775732242,3.0,0.1,0.6,0.0
1991,6,MH-NAS,19.9975,73.7898,0,1,0.63,0.263,1.4334286633333333,5.0,0.36666666666666664,0.43333333333333335,0.03333333333333333
1991,7,MH-NAS,19.9975,73.7898,0,1,0.77,0.269,0.6487244419290323,6.0,0.9032258064516129,0.0,0.0
1991,8,MH-NAS,19.9975,73.7898,0,1,0.67,0.058,1.2953001661290322,5.0,0.0967741935483871,0.5806451612903226,0.0
1991,9,MH-NAS,19.9975,73.7898,0,1,0.72,0.099,1.3728957676666669,8.0,0.0,0.9333333333333333,0.0
1992,6,MH-NAS,19.9975,73.7898,0,1,0.72,-0.861,1.0309609286666666,3.0,0.26666666666666666,0.6666666666666666,0.0
1992,7,MH-NAS,19.9975,73.7898,0,1,0.35,-0.479,1.032042581935484,3.0,0.25806451612903225,0.3870967741935484,0.0
1992,8,MH-NAS,19.9975,73.7898,0,1,0.08,-0.768,0.7930089680645162,5.0,0.2903225806451613,0.12903225806451613,0.0
1992,9,MH-NAS,19.9975,73.7898,0,1,-0.15,-0.833,1.1277177353333334,2.0,0.3,0.36666666666666664,0.0
1993,6,MH-NAS,19.9975,73.7898,0,1,0.56,-0.108,1.5129156700000002,8.0,0.26666666666666666,0.5333333333333333,0.0
1993,7,MH-NAS,19.9975,73.7898,0,1,0.28,-0.152,0.8503892948387097,5.0,0.7741935483870968,0.0967741935483871,0.0
1993,8,MH-NAS,19.9975,73.7898,0,1,0.22,-0.306,0.9336245306,1.0,0.06451612903225806,0.6774193548387096,0.0
1993,9,MH-NAS,19.9975,73.7898,0,1,0.2,-0.17,0.4647173026666666,2.0,0.13333333333333333,0.3,0.0
1995,6,MH-NAS,19.9975,73.7898,0,1,-0.11,-0.078,0.8386585686666667,2.0,0.0,0.8333333333333334,0.0
1995,7,MH-NAS,19.9975,73.7898,0,1,-0.3,-0.169,1.3968855583870967,2.0,0.45161290322580644,0.3870967741935484,0.0
1995,8,MH-NAS,19.9975,73.7898,0,1,-0.55,-0.144,1.3320209096774194,2.0,0.0,0.9354838709677419,0.0
1995,9,MH-NAS,19.9975,73.7898,0,1,-0.81,-0.18,1.0134717556666666,5.0,0.5,0.2,0.0
1996,6,MH-NAS,19.9975,73.7898,0,1,-0.24,-0.395,1.5769545686666668,3.0,0.5,0.4,0.0
1996,7,MH-NAS,19.9975,73.7898,0,1,-0.22,-0.644,1.590457191935484,6.0,0.25806451612903225,0.6774193548387096,0.0
1996,8,MH-NAS,19.9975,73.7898,0,1,-0.27,-0.681,1.0089208741935485,3.0,0.3870967741935484,0.3548387096774194,0.0
1996,9,MH-NAS,19.9975,73.7898,0,1,-0.3,-0.712,1.0609203293333334,5.0,0.3333333333333333,0.16666666666666666,0.0
1998,6,MH-NAS,19.9975,73.7898,0,1,-0.08,0.147,0.921335034,3.0,0.43333333333333335,0.3333333333333333,0.0
1998,7,MH-NAS,19.9975,73.7898,0,1,-0.63,-0.385,0.75393639,2.0,0.2903225806451613,0.2903225806451613,0.0
1998,8,MH-NAS,19.9975,73.7898,0,1,-0.83,-0.58,1.00514719,2.0,0.5161290322580645,0.16129032258064516,0.0
1998,9,MH-NAS,19.9975,73.7898,0,1,-1.02,-0.496,1.4218518516666667,8.0,0.4666666666666667,0.13333333333333333,0.0
2002,6,MH-NAS,19.9975,73.7898,0,1,0.45,-0.189,1.8803833166666664,2.0,0.43333333333333335,0.43333333333333335,0.03333333333333333
2002,7,MH-NAS,19.9975,73.7898,0,1,0.57,-0.261,1.7221574980645162,8.0,0.3870967741935484,0.12903225806451613,0.0
2002,8,MH-NAS,19.9975,73.7898,0,1,0.63,-0.208,1.420236031935484,8.0,0.6129032258064516,0.06451612903225806,0.0
2002,9,MH-NAS,19.9975,73.7898,0,1,0.78,0.286,0.7018471730000001,2.0,0.06666666666666667,0.7,0.0
2003,6,MH-NAS,19.9975,73.7898,0,1,-0.13,0.139,1.65106069,1.0,0.5,0.5,0.03333333333333333
2003,7,MH-NAS,19.9975,73.7898,0,1,0.09,0.131,0.992855799032258,2.0,0.4838709677419355,0.2903225806451613,0.03225806451612903
2003,8,MH-NAS,19.9975,73.7898,0,1,0.14,0.108,0.6039936987096773,6.0,0.12903225806451613,0.1935483870967742,0.0
2003,9,MH-NAS,19.9975,73.7898,0,1,0.23,-0.06,0.7902776976666667,4.0,0.13333333333333333,0.6666666666666666,0.0
2004,6,MH-NAS,19.9975,73.7898,0,1,0.22,-0.384,1.0188708323333333,7.0,0.4,0.4,0.0
2004,7,MH-NAS,19.9975,73.7898,0,1,0.39,-0.301,1.611224959354839,1.0,0.25806451612903225,0.5806451612903226,0.0
2004,8,MH-NAS,19.9975,73.7898,0,1,0.54,-0.133,1.2484562670967745,6.0,0.7419354838709677,0.0967741935483871,0.03225806451612903
2004,9,MH-NAS,19.9975,73.7898,0,1,0.58,-0.106,1.438454236,2.0,0.4,0.4666666666666667,0.0
2005,6,MH-NAS,19.9975,73.7898,0,1,0.09,-0.176,0.7345759723333334,2.0,0.23333333333333334,0.7,0.16666666666666666
2005,7,MH-NAS,19.9975,73.7898,0,1,-0.04,-0.384,1.029081502903226,2.0,0.6774193548387096,0.0967741935483871,0.16129032258064516
2005,8,MH-NAS,19.9975,73.7898,0,1,-0.14,-0.345,0.939736100967742,1.0,0.9354838709677419,0.0,0.06451612903225806
2005,9,MH-NAS,19.9975,73.7898,0,1,-0.11,-0.534,1.522602815,8.0,0.8666666666666667,0.1,0.06666666666666667
2007,6,MH-NAS,19.9975,73.7898,0,1,-0.41,0.031,1.3529915246666666,2.0,0.6,0.16666666666666666,0.0
2007,7,MH-NAS,19.9975,73.7898,0,1,-0.49,0.045,1.3795319935483872,1.0,0.2903225806451613,0.45161290322580644,0.03225806451612903
2007,8,MH-NAS,19.9975,73.7898,0,1,-0.77,0.237,0.8762567774193548,2.0,0.41935483870967744,0.45161290322580644,0.0
2007,9,MH-NAS,19.9975,73.7898,0,1,-1.05,0.235,1.1761283893333332,5.0,0.5,0.23333333333333334,0.03333333333333333
2008,6,MH-NAS,19.9975,73.7898,0,1,-0.56,0.215,0.953116955,3.0,0.5333333333333333,0.26666666666666666,0.0
2008,7,MH-NAS,19.9975,73.7898,0,1,-0.33,0.246,1.2312710548387096,1.0,0.9354838709677419,0.0,0.12903225806451613
2008,8,MH-NAS,19.9975,73.7898,0,1,-0.2,0.124,1.211697393548387,2.0,0.6774193548387096,0.25806451612903225,0.0967741935483871
2008,9,MH-NAS,19.9975,73.7898,0,1,-0.25,0.086,1.446583400333333,5.0,0.8,0.16666666666666666,0.06666666666666667
2009,6,MH-NAS,19.9975,73.7898,0,1,0.34,0.1,1.4584701413333332,8.0,0.23333333333333334,0.6666666666666666,0.0
2009,7,MH-NAS,19.9975,73.7898,0,1,0.5,-0.192,0.6150665787096774,5.0,0.8387096774193549,0.0,0.0967741935483871
2009,8,MH-NAS,19.9975,73.7898,0,1,0.56,-0.104,1.12875141,1.0,0.5806451612903226,0.22580645161290322,0.0
2009,9,MH-NAS,19.9975,73.7898,0,1,0.66,-0.103,1.6812911126666668,4.0,0.36666666666666664,0.3,0.03333333333333333
2010,6,MH-NAS,19.9975,73.7898,0,1,-0.66,-0.14,1.285590429,2.0,0.4,0.5333333333333333,0.0
2010,7,MH-NAS,19.9975,73.7898,0,1,-0.98,-0.001,1.663601914516129,1.0,0.22580645161290322,0.3548387096774194,0.0
2010,8,MH-NAS,19.9975,73.7898,0,1,-1.24,-0.061,0.747917844516129,1.0,0.5483870967741935,0.3870967741935484,0.0
2010,9,MH-NAS,19.9975,73.7898,0,1,-1.43,-0.267,0.8091414173333332,1.0,0.2,0.43333333333333335,0.0
2011,6,MH-NAS,19.9975,73.7898,0,1,-0.34,0.055,0.6791252076666666,2.0,0.0,0.8,0.0
2011,7,MH-NAS,19.9975,73.7898,0,1,-0.37,0.223,1.0109919648387098,1.0,0.4838709677419355,0.2903225806451613,0.0
2011,8,MH-NAS,19.9975,73.7898,0,1,-0.5,0.344,1.011544473516129,2.0,0.3548387096774194,0.25806451612903225,0.0
2011,9,MH-NAS,19.9975,73.7898,0,1,-0.76,0.202,0.9066917783333334,3.0,0.26666666666666666,0.5666666666666667,0.0
2014,6,MH-NAS,19.9975,73.7898,0,1,0.22,-0.028,1.108679051,4.0,0.0,0.7,0.0
2014,7,MH-NAS,19.9975,73.7898,0,1,0.07,-0.363,1.1528067432258065,6.0,0.41935483870967744,0.5161290322580645,0.0
2014,8,MH-NAS,19.9975,73.7898,0,1,0.07,-0.372,1.2150309538709676,2.0,0.6129032258064516,0.1935483870967742,0.0
2014,9,MH-NAS,19.9975,73.7898,0,1,0.24,-0.145,0.649377995,4.0,0.4666666666666667,0.3333333333333333,0.0
2015,6,MH-NAS,19.9975,73.7898,0,1,1.19,0.296,1.992920383333333,4.0,0.26666666666666666,0.4666666666666667,0.0
2015,7,MH-NAS,19.9975,73.7898,0,1,1.44,0.225,1.837990334516129,7.0,0.22580645161290322,0.6451612903225806,0.0
2015,8,MH-NAS,19.9975,73.7898,0,1,1.73,0.568,0.8428048241935484,8.0,0.12903225806451613,0.8064516129032258,0.0
2015,9,MH-NAS,19.9975,73.7898,0,1,2.02,0.294,0.62977513528,1.0,0.4666666666666667,0.4,0.03333333333333333
2016,6,MH-NAS,19.9975,73.7898,0,1,0.09,-0.443,1.5598082686666668,4.0,0.0,0.7,0.0
2016,7,MH-NAS,19.9975,73.7898,0,1,-0.19,-0.757,1.0086871877419354,2.0,0.5161290322580645,0.12903225806451613,0.03225806451612903
2016,8,MH-NAS,19.9975,73.7898,0,1,-0.34,-0.443,1.3634238690322582,6.0,0.41935483870967744,0.5161290322580645,0.06451612903225806
2016,9,MH-NAS,19.9975,73.7898,0,1,-0.42,-0.437,0.9987363606666668,5.0,0.3,0.5333333333333333,0.0
2017,6,MH-NAS,19.9975,73.7898,0,1,0.32,0.424,1.010765505,1.0,0.43333333333333335,0.3,0.0
2017,7,MH-NAS,19.9975,73.7898,0,1,0.14,0.52,1.0194311058064516,3.0,0.8387096774193549,0.0967741935483871,0.0
2017,8,MH-NAS,19.9975,73.7898,0,1,-0.07,0.349,0.560064344016129,2.0,0.4838709677419355,0.45161290322580644,0.0
2017,9,MH-NAS,19.9975,73.7898,0,1,-0.23,0.035,0.5864452456666667,4.0,0.5333333333333333,0.26666666666666666,0.0
2018,6,MH-NAS,19.9975,73.7898,0,1,0.13,0.155,1.099695321,1.0,0.16666666666666666,0.43333333333333335,0.0
2018,7,MH-NAS,19.9975,73.7898,0,1,0.2,0.053,1.4670566325806451,6.0,0.5161290322580645,0.16129032258064516,0.0
2018,8,MH-NAS,19.9975,73.7898,0,1,0.3,0.121,1.1604823280645162,6.0,0.3548387096774194,0.3225806451612903,0.0
2018,9,MH-NAS,19.9975,73.7898,0,1,0.52,0.604,1.0746740603333331,8.0,0.0,0.7666666666666667,0.0
2020,6,MH-NAS,19.9975,73.7898,0,1,-0.18,0.455,1.3547168013333333,1.0,0.5666666666666667,0.23333333333333334,0.03333333333333333
2020,7,MH-NAS,19.9975,73.7898,0,1,-0.29,0.319,1.5012130690322585,2.0,0.3548387096774194,0.3225806451612903,0.0
2020,8,MH-NAS,19.9975,73.7898,0,1,-0.43,-0.183,1.5708076487096774,8.0,0.7096774193548387,0.0,0.0
2020,9,MH-NAS,19.9975,73.7898,0,1,-0.77,-0.189,1.1078213236666663,4.0,0.7333333333333333,0.03333333333333333,0.0
2021,6,MH-NAS,19.9975,73.7898,0,1,-0.31,-0.002,1.2543668813333333,1.0,0.3,0.26666666666666666,0.0
2021,7,MH-NAS,19.9975,73.7898,0,1,-0.35,-0.229,1.2697446645161292,2.0,0.3548387096774194,0.22580645161290322,0.0
2021,8,MH-NAS,19.9975,73.7898,0,1,-0.46,-0.099,1.3328496390322582,2.0,0.2903225806451613,0.45161290322580644,0.0
2021,9,MH-NAS,19.9975,73.7898,0,1,-0.64,-0.058,1.16716908,3.0,0.4666666666666667,0.3,0.0
2022,6,MH-NAS,19.9975,73.7898,0,1,-0.73,-0.335,1.7460144566666669,1.0,0.23333333333333334,0.5,0.0
2022,7,MH-NAS,19.9975,73.7898,0,1,-0.7,-0.195,0.9906527754838708,4.0,0.6451612903225806,0.0,0.03225806451612903
2022,8,MH-NAS,19.9975,73.7898,0,1,-0.78,-0.246,0.962351660967742,2.0,0.4838709677419355,0.25806451612903225,0.0
2022,9,MH-NAS,19.9975,73.7898,0,1,-0.87,-0.322,0.45954351401,4.0,0.8333333333333334,0.13333333333333333,0.06666666666666667
2023,6,MH-NAS,19.9975,73.7898,0,1,0.73,0.665,1.1452140906,2.0,0.03333333333333333,0.9,0.0
2023,7,MH-NAS,19.9975,73.7898,0,1,1.0,0.498,0.7976125261290323,6.0,0.3548387096774194,0.0967741935483871,0.0
2023,8,MH-NAS,19.9975,73.7898,0,1,1.25,0.826,0.9138732870967742,8.0,0.0967741935483871,0.7741935483870968,0.0
2023,9,MH-NAS,19.9975,73.7898,0,1,1.5,0.946,0.8482362092433333,4.0,0.5,0.3333333333333333,0.03333333333333333
1990,6,MH-AUR,19.8762,75.3433,0,1,0.25,-0.568,0.7040596286666666,6.0,0.43333333333333335,0.4666666666666667,0.0
1990,7,MH-AUR,19.8762,75.3433,0,1,0.26,-0.246,0.7642434731967742,1.0,0.22580645161290322,0.41935483870967744,0.0
1990,8,MH-AUR,19.8762,75.3433,0,1,0.32,-0.391,0.8801470647322581,6.0,0.6451612903225806,0.16129032258064516,0.0
1990,9,MH-AUR,19.8762,75.3433,0,1,0.31,-0.183,0.775732242,3.0,0.4666666666666667,0.4,0.0
1991,6,MH-AUR,19.8762,75.3433,0,1,0.63,0.263,1.4334286633333333,5.0,0.5333333333333333,0.43333333333333335,0.1
1991,7,MH-AUR,19.8762,75.3433,0,1,0.77,0.269,0.6487244419290323,6.0,0.6129032258064516,0.0967741935483871,0.0
1991,8,MH-AUR,19.8762,75.3433,0,1,0.67,0.058,1.2953001661290322,5.0,0.06451612903225806,0.6129032258064516,0.0
1991,9,MH-AUR,19.8762,75.3433,0,1,0.72,0.099,1.3728957676666669,8.0,0.23333333333333334,0.7333333333333333,0.0
1992,6,MH-AUR,19.8762,75.3433,0,1,0.72,-0.861,1.0309609286666666,3.0,0.36666666666666664,0.4666666666666667,0.03333333333333333
1992,7,MH-AUR,19.8762,75.3433,0,1,0.35,-0.479,1.032042581935484,3.0,0.1935483870967742,0.7419354838709677,0.0
1992,8,MH-AUR,19.8762,75.3433,0,1,0.08,-0.768,0.7930089680645162,5.0,0.6129032258064516,0.1935483870967742,0.0
1992,9,MH-AUR,19.8762,75.3433,0,1,-0.15,-0.833,1.1277177353333334,2.0,0.26666666666666666,0.7333333333333333,0.03333333333333333
1993,6,MH-AUR,19.8762,75.3433,0,1,0.56,-0.108,1.5129156700000002,8.0,0.23333333333333334,0.4,0.0
1993,7,MH-AUR,19.8762,75.3433,0,1,0.28,-0.152,0.8503892948387097,5.0,0.5806451612903226,0.16129032258064516,0.0
1993,8,MH-AUR,19.8762,75.3433,0,1,0.22,-0.306,0.9336245306,1.0,0.5806451612903226,0.0967741935483871,0.0
1993,9,MH-AUR,19.8762,75.3433,0,1,0.2,-0.17,0.4647173026666666,2.0,0.43333333333333335,0.3333333333333333,0.0
1995,6,MH-AUR,19.8762,75.3433,0,1,-0.11,-0.078,0.8386585686666667,2.0,0.13333333333333333,0.7333333333333333,0.0
1995,7,MH-AUR,19.8762,75.3433,0,1,-0.3,-0.169,1.3968855583870967,2.0,0.25806451612903225,0.16129032258064516,0.0
1995,8,MH-AUR,19.8762,75.3433,0,1,-0.55,-0.144,1.3320209096774194,2.0,0.12903225806451613,0.7096774193548387,0.0
1995,9,MH-AUR,19.8762,75.3433,0,1,-0.81,-0.18,1.0134717556666666,5.0,0.26666666666666666,0.4666666666666667,0.0
1996,6,MH-AUR,19.8762,75.3433,0,1,-0.24,-0.395,1.5769545686666668,3.0,0.13333333333333333,0.6666666666666666,0.0
1996,7,MH-AUR,19.8762,75.3433,0,1,-0.22,-0.644,1.590457191935484,6.0,0.8709677419354839,0.06451612903225806,0.0
1996,8,MH-AUR,19.8762,75.3433,0,1,-0.27,-0.681,1.0089208741935485,3.0,0.5483870967741935,0.25806451612903225,0.0
1996,9,MH-AUR,19.8762,75.3433,0,1,-0.3,-0.712,1.0609203293333334,5.0,0.6666666666666666,0.06666666666666667,0.0
1998,6,MH-AUR,19.8762,75.3433,0,1,-0.08,0.147,0.921335034,3.0,0.43333333333333335,0.43333333333333335,0.0
1998,7,MH-AUR,19.8762,75.3433,0,1,-0.63,-0.385,0.75393639,2.0,0.45161290322580644,0.16129032258064516,0.0
1998,8,MH-AUR,19.8762,75.3433,0,1,-0.83,-0.58,1.00514719,2.0,0.6774193548387096,0.0967741935483871,0.03225806451612903
1998,9,MH-AUR,19.8762,75.3433,0,1,-1.02,-0.496,1.4218518516666667,8.0,0.7666666666666667,0.03333333333333333,0.0
2002,6,MH-AUR,19.8762,75.3433,0,1,0.45,-0.189,1.8803833166666664,2.0,0.4,0.43333333333333335,0.06666666666666667
2002,7,MH-AUR,19.8762,75.3433,0,1,0.57,-0.261,1.7221574980645162,8.0,0.3225806451612903,0.6451612903225806,0.0
2002,8,MH-AUR,19.8762,75.3433,0,1,0.63,-0.208,1.420236031935484,8.0,0.5483870967741935,0.3548387096774194,0.03225806451612903
2002,9,MH-AUR,19.8762,75.3433,0,1,0.78,0.286,0.7018471730000001,2.0,0.3,0.4666666666666667,0.0
2003,6,MH-AUR,19.8762,75.3433,0,1,-0.13,0.139,1.65106069,1.0,0.4666666666666667,0.4,0.03333333333333333
2003,7,MH-AUR,19.8762,75.3433,0,1,0.09,0.131,0.992855799032258,2.0,0.7096774193548387,0.0,0.0
2003,8,MH-AUR,19.8762,75.3433,0,1,0.14,0.108,0.6039936987096773,6.0,0.4838709677419355,0.41935483870967744,0.0
2003,9,MH-AUR,19.8762,75.3433,0,1,0.23,-0.06,0.7902776976666667,4.0,0.13333333333333333,0.7666666666666667,0.0
2004,6,MH-AUR,19.8762,75.3433,0,1,0.22,-0.384,1.0188708323333333,7.0,0.26666666666666666,0.4666666666666667,0.0
2004,7,MH-AUR,19.8762,75.3433,0,1,0.39,-0.301,1.611224959354839,1.0,0.16129032258064516,0.3225806451612903,0.0
2004,8,MH-AUR,19.8762,75.3433,0,1,0.54,-0.133,1.2484562670967745,6.0,0.6129032258064516,0.1935483870967742,0.0
2004,9,MH-AUR,19.8762,75.3433,0,1,0.58,-0.106,1.438454236,2.0,0.4666666666666667,0.43333333333333335,0.0
2005,6,MH-AUR,19.8762,75.3433,0,1,0.09,-0.176,0.7345759723333334,2.0,0.0,1.0,0.0
2005,7,MH-AUR,19.8762,75.3433,0,1,-0.04,-0.384,1.029081502903226,2.0,0.5806451612903226,0.3225806451612903,0.0
2005,8,MH-AUR,19.8762,75.3433,0,1,-0.14,-0.345,0.939736100967742,1.0,0.3548387096774194,0.5806451612903226,0.0
2005,9,MH-AUR,19.8762,75.3433,0,1,-0.11,-0.534,1.522602815,8.0,0.43333333333333335,0.3333333333333333,0.0
2007,6,MH-AUR,19.8762,75.3433,0,1,-0.41,0.031,1.3529915246666666,2.0,0.6,0.16666666666666666,0.0
2007,7,MH-AUR,19.8762,75.3433,0,1,-0.49,0.045,1.3795319935483872,1.0,0.3870967741935484,0.3870967741935484,0.0
2007,8,MH-AUR,19.8762,75.3433,0,1,-0.77,0.237,0.8762567774193548,2.0,0.3225806451612903,0.3870967741935484,0.0
2007,9,MH-AUR,19.8762,75.3433,0,1,-1.05,0.235,1.1761283893333332,5.0,0.3333333333333333,0.03333333333333333,0.0
2008,6,MH-AUR,19.8762,75.3433,0,1,-0.56,0.215,0.953116955,3.0,0.2,0.5666666666666667,0.0
2008,7,MH-AUR,19.8762,75.3433,0,1,-0.33,0.246,1.2312710548387096,1.0,0.1935483870967742,0.6129032258064516,0.0
2008,8,MH-AUR,19.8762,75.3433,0,1,-0.2,0.124,1.211697393548387,2.0,0.5161290322580645,0.25806451612903225,0.0
2008,9,MH-AUR,19.8762,75.3433,0,1,-0.25,0.086,1.446583400333333,5.0,0.6333333333333333,0.2,0.0
2009,6,MH-AUR,19.8762,75.3433,0,1,0.34,0.1,1.4584701413333332,8.0,0.03333333333333333,0.7666666666666667,0.0
2009,7,MH-AUR,19.8762,75.3433,0,1,0.5,-0.192,0.6150665787096774,5.0,0.5483870967741935,0.0967741935483871,0.0
2009,8,MH-AUR,19.8762,75.3433,0,1,0.56,-0.104,1.12875141,1.0,0.3548387096774194,0.6129032258064516,0.0
2009,9,MH-AUR,19.8762,75.3433,0,1,0.66,-0.103,1.6812911126666668,4.0,0.3,0.6,0.0
2010,6,MH-AUR,19.8762,75.3433,0,1,-0.66,-0.14,1.285590429,2.0,0.4,0.23333333333333334,0.0
2010,7,MH-AUR,19.8762,75.3433,0,1,-0.98,-0.001,1.663601914516129,1.0,0.5806451612903226,0.0,0.0
2010,8,MH-AUR,19.8762,75.3433,0,1,-1.24,-0.061,0.747917844516129,1.0,0.6451612903225806,0.1935483870967742,0.0
2010,9,MH-AUR,19.8762,75.3433,0,1,-1.43,-0.267,0.8091414173333332,1.0,0.4666666666666667,0.3,0.0
2011,6,MH-AUR,19.8762,75.3433,0,1,-0.34,0.055,0.6791252076666666,2.0,0.23333333333333334,0.6,0.0
2011,7,MH-AUR,19.8762,75.3433,0,1,-0.37,0.223,1.0109919648387098,1.0,0.3870967741935484,0.16129032258064516,0.0
2011,8,MH-AUR,19.8762,75.3433,0,1,-0.5,0.344,1.011544473516129,2.0,0.25806451612903225,0.3548387096774194,0.0
2011,9,MH-AUR,19.8762,75.3433,0,1,-0.76,0.202,0.9066917783333334,3.0,0.43333333333333335,0.4,0.0
2014,6,MH-AUR,19.8762,75.3433,0,1,0.22,-0.028,1.108679051,4.0,0.23333333333333334,0.7666666666666667,0.0
2014,7,MH-AUR,19.8762,75.3433,0,1,0.07,-0.363,1.1528067432258065,6.0,0.45161290322580644,0.22580645161290322,0.0
2014,8,MH-AUR,19.8762,75.3433,0,1,0.07,-0.372,1.2150309538709676,2.0,0.2903225806451613,0.25806451612903225,0.0
2014,9,MH-AUR,19.8762,75.3433,0,1,0.24,-0.145,0.649377995,4.0,0.3333333333333333,0.5333333333333333,0.0
2015,6,MH-AUR,19.8762,75.3433,0,1,1.19,0.296,1.992920383333333,4.0,0.5,0.43333333333333335,0.0
2015,7,MH-AUR,19.8762,75.3433,0,1,1.44,0.225,1.837990334516129,7.0,0.0,1.0,0.0
2015,8,MH-AUR,19.8762,75.3433,0,1,1.73,0.568,0.8428048241935484,8.0,0.25806451612903225,0.4838709677419355,0.0
2015,9,MH-AUR,19.8762,75.3433,0,1,2.02,0.294,0.62977513528,1.0,0.26666666666666666,0.3333333333333333,0.06666666666666667
2016,6,MH-AUR,19.8762,75.3433,0,1,0.09,-0.443,1.5598082686666668,4.0,0.16666666666666666,0.5666666666666667,0.0
2016,7,MH-AUR,19.8762,75.3433,0,1,-0.19,-0.757,1.0086871877419354,2.0,0.6774193548387096,0.12903225806451613,0.03225806451612903
2016,8,MH-AUR,19.8762,75.3433,0,1,-0.34,-0.443,1.3634238690322582,6.0,0.2903225806451613,0.4838709677419355,0.0
2016,9,MH-AUR,19.8762,75.3433,0,1,-0.42,-0.437,0.9987363606666668,5.0,0.5333333333333333,0.26666666666666666,0.0
2017,6,MH-AUR,19.8762,75.3433,0,1,0.32,0.424,1.010765505,1.0,0.5666666666666667,0.13333333333333333,0.0
2017,7,MH-AUR,19.8762,75.3433,0,1,0.14,0.52,1.0194311058064516,3.0,0.25806451612903225,0.45161290322580644,0.0
2017,8,MH-AUR,19.8762,75.3433,0,1,-0.07,0.349,0.560064344016129,2.0,0.3870967741935484,0.6129032258064516,0.0
2017,9,MH-AUR,19.8762,75.3433,0,1,-0.23,0.035,0.5864452456666667,4.0,0.6333333333333333,0.26666666666666666,0.0
2018,6,MH-AUR,19.8762,75.3433,0,1,0.13,0.155,1.099695321,1.0,0.5,0.36666666666666664,0.0
2018,7,MH-AUR,19.8762,75.3433,0,1,0.2,0.053,1.4670566325806451,6.0,0.16129032258064516,0.3225806451612903,0.0
2018,8,MH-AUR,19.8762,75.3433,0,1,0.3,0.121,1.1604823280645162,6.0,0.3548387096774194,0.6451612903225806,0.03225806451612903
2018,9,MH-AUR,19.8762,75.3433,0,1,0.52,0.604,1.0746740603333331,8.0,0.0,0.9,0.0
2020,6,MH-AUR,19.8762,75.3433,0,1,-0.18,0.455,1.3547168013333333,1.0,0.7333333333333333,0.1,0.0
2020,7,MH-AUR,19.8762,75.3433,0,1,-0.29,0.319,1.5012130690322585,2.0,0.6774193548387096,0.03225806451612903,0.0
2020,8,MH-AUR,19.8762,75.3433,0,1,-0.43,-0.183,1.5708076487096774,8.0,0.6451612903225806,0.16129032258064516,0.0
2020,9,MH-AUR,19.8762,75.3433,0,1,-0.77,-0.189,1.1078213236666663,4.0,0.4666666666666667,0.23333333333333334,0.0
2021,6,MH-AUR,19.8762,75.3433,0,1,-0.31,-0.002,1.2543668813333333,1.0,0.4,0.36666666666666664,0.0
2021,7,MH-AUR,19.8762,75.3433,0,1,-0.35,-0.229,1.2697446645161292,2.0,0.41935483870967744,0.22580645161290322,0.0
2021,8,MH-AUR,19.8762,75.3433,0,1,-0.46,-0.099,1.3328496390322582,2.0,0.25806451612903225,0.6451612903225806,0.0
2021,9,MH-AUR,19.8762,75.3433,0,1,-0.64,-0.058,1.16716908,3.0,0.7666666666666667,0.1,0.03333333333333333
2022,6,MH-AUR,19.8762,75.3433,0,1,-0.73,-0.335,1.7460144566666669,1.0,0.26666666666666666,0.6333333333333333,0.0
2022,7,MH-AUR,19.8762,75.3433,0,1,-0.7,-0.195,0.9906527754838708,4.0,0.6451612903225806,0.06451612903225806,0.0
2022,8,MH-AUR,19.8762,75.3433,0,1,-0.78,-0.246,0.962351660967742,2.0,0.22580645161290322,0.5161290322580645,0.0
2022,9,MH-AUR,19.8762,75.3433,0,1,-0.87,-0.322,0.45954351401,4.0,0.7333333333333333,0.16666666666666666,0.0
2023,6,MH-AUR,19.8762,75.3433,0,1,0.73,0.665,1.1452140906,2.0,0.0,0.9,0.0
2023,7,MH-AUR,19.8762,75.3433,0,1,1.0,0.498,0.7976125261290323,6.0,0.3225806451612903,0.0,0.0
2023,8,MH-AUR,19.8762,75.3433,0,1,1.25,0.826,0.9138732870967742,8.0,0.0,0.967741935483871,0.0
2023,9,MH-AUR,19.8762,75.3433,0,1,1.5,0.946,0.8482362092433333,4.0,0.5333333333333333,0.4,0.0
1990,6,MH-NAG,21.1458,79.0882,0,1,0.25,-0.568,0.7040596286666666,6.0,0.3333333333333333,0.3,0.03333333333333333
1990,7,MH-NAG,21.1458,79.0882,0,1,0.26,-0.246,0.7642434731967742,1.0,0.7419354838709677,0.03225806451612903,0.0
1990,8,MH-NAG,21.1458,79.0882,0,1,0.32,-0.391,0.8801470647322581,6.0,0.6451612903225806,0.22580645161290322,0.0
1990,9,MH-NAG,21.1458,79.0882,0,1,0.31,-0.183,0.775732242,3.0,0.36666666666666664,0.3,0.0
1991,6,MH-NAG,21.1458,79.0882,0,1,0.63,0.263,1.4334286633333333,5.0,0.23333333333333334,0.6666666666666666,0.0
1991,7,MH-NAG,21.1458,79.0882,0,1,0.77,0.269,0.6487244419290323,6.0,0.6774193548387096,0.22580645161290322,0.03225806451612903
1991,8,MH-NAG,21.1458,79.0882,0,1,0.67,0.058,1.2953001661290322,5.0,0.7096774193548387,0.06451612903225806,0.0
1991,9,MH-NAG,21.1458,79.0882,0,1,0.72,0.099,1.3728957676666669,8.0,0.0,1.0,0.0
1992,6,MH-NAG,21.1458,79.0882,0,1,0.72,-0.861,1.0309609286666666,3.0,0.23333333333333334,0.7333333333333333,0.0
1992,7,MH-NAG,21.1458,79.0882,0,1,0.35,-0.479,1.032042581935484,3.0,0.45161290322580644,0.22580645161290322,0.0
1992,8,MH-NAG,21.1458,79.0882,0,1,0.08,-0.768,0.7930089680645162,5.0,0.8709677419354839,0.06451612903225806,0.06451612903225806
1992,9,MH-NAG,21.1458,79.0882,0,1,-0.15,-0.833,1.1277177353333334,2.0,0.23333333333333334,0.7333333333333333,0.0
1993,6,MH-NAG,21.1458,79.0882,0,1,0.56,-0.108,1.5129156700000002,8.0,0.43333333333333335,0.36666666666666664,0.03333333333333333
1993,7,MH-NAG,21.1458,79.0882,0,1,0.28,-0.152,0.8503892948387097,5.0,0.8064516129032258,0.0967741935483871,0.0
1993,8,MH-NAG,21.1458,79.0882,0,1,0.22,-0.306,0.9336245306,1.0,0.7096774193548387,0.22580645161290322,0.0
1993,9,MH-NAG,21.1458,79.0882,0,1,0.2,-0.17,0.4647173026666666,2.0,0.5333333333333333,0.16666666666666666,0.0
1995,6,MH-NAG,21.1458,79.0882,0,1,-0.11,-0.078,0.8386585686666667,2.0,0.36666666666666664,0.5333333333333333,0.0
1995,7,MH-NAG,21.1458,79.0882,0,1,-0.3,-0.169,1.3968855583870967,2.0,0.7419354838709677,0.16129032258064516,0.0
1995,8,MH-NAG,21.1458,79.0882,0,1,-0.55,-0.144,1.3320209096774194,2.0,0.41935483870967744,0.03225806451612903,0.0
1995,9,MH-NAG,21.1458,79.0882,0,1,-0.81,-0.18,1.0134717556666666,5.0,0.5,0.43333333333333335,0.06666666666666667
1996,6,MH-NAG,21.1458,79.0882,0,1,-0.24,-0.395,1.5769545686666668,3.0,0.0,0.6666666666666666,0.0
1996,7,MH-NAG,21.1458,79.0882,0,1,-0.22,-0.644,1.590457191935484,6.0,0.8709677419354839,0.0967741935483871,0.0
1996,8,MH-NAG,21.1458,79.0882,0,1,-0.27,-0.681,1.0089208741935485,3.0,0.7419354838709677,0.0967741935483871,0.0
1996,9,MH-NAG,21.1458,79.0882,0,1,-0.3,-0.712,1.0609203293333334,5.0,0.4666666666666667,0.16666666666666666,0.0
1998,6,MH-NAG,21.1458,79.0882,0,1,-0.08,0.147,0.921335034,3.0,0.26666666666666666,0.5333333333333333,0.0
1998,7,MH-NAG,21.1458,79.0882,0,1,-0.63,-0.385,0.75393639,2.0,0.6451612903225806,0.0967741935483871,0.0
1998,8,MH-NAG,21.1458,79.0882,0,1,-0.83,-0.58,1.00514719,2.0,0.7419354838709677,0.06451612903225806,0.0
1998,9,MH-NAG,21.1458,79.0882,0,1,-1.02,-0.496,1.4218518516666667,8.0,0.7666666666666667,0.0,0.0
2002,6,MH-NAG,21.1458,79.0882,0,1,0.45,-0.189,1.8803833166666664,2.0,0.3,0.5666666666666667,0.06666666666666667
2002,7,MH-NAG,21.1458,79.0882,0,1,0.57,-0.261,1.7221574980645162,8.0,0.3225806451612903,0.6129032258064516,0.0
2002,8,MH-NAG,21.1458,79.0882,0,1,0.63,-0.208,1.420236031935484,8.0,0.8387096774193549,0.0,0.03225806451612903
2002,9,MH-NAG,21.1458,79.0882,0,1,0.78,0.286,0.7018471730000001,2.0,0.26666666666666666,0.43333333333333335,0.0
2003,6,MH-NAG,21.1458,79.0882,0,1,-0.13,0.139,1.65106069,1.0,0.4,0.5666666666666667,0.0
2003,7,MH-NAG,21.1458,79.0882,0,1,0.09,0.131,0.992855799032258,2.0,1.0,0.0,0.06451612903225806
2003,8,MH-NAG,21.1458,79.0882,0,1,0.14,0.108,0.6039936987096773,6.0,0.5161290322580645,0.12903225806451613,0.03225806451612903
2003,9,MH-NAG,21.1458,79.0882,0,1,0.23,-0.06,0.7902776976666667,4.0,0.4,0.4,0.0
2004,6,MH-NAG,21.1458,79.0882,0,1,0.22,-0.384,1.0188708323333333,7.0,0.3333333333333333,0.6333333333333333,0.0
2004,7,MH-NAG,21.1458,79.0882,0,1,0.39,-0.301,1.611224959354839,1.0,0.6451612903225806,0.25806451612903225,0.0
2004,8,MH-NAG,21.1458,79.0882,0,1,0.54,-0.133,1.2484562670967745,6.0,0.5161290322580645,0.22580645161290322,0.03225806451612903
2004,9,MH-NAG,21.1458,79.0882,0,1,0.58,-0.106,1.438454236,2.0,0.26666666666666666,0.3,0.0
2005,6,MH-NAG,21.1458,79.0882,0,1,0.09,-0.176,0.7345759723333334,2.0,0.2,0.7,0.03333333333333333
2005,7,MH-NAG,21.1458,79.0882,0,1,-0.04,-0.384,1.029081502903226,2.0,0.8064516129032258,0.0,0.0
2005,8,MH-NAG,21.1458,79.0882,0,1,-0.14,-0.345,0.939736100967742,1.0,0.7741935483870968,0.16129032258064516,0.0
2005,9,MH-NAG,21.1458,79.0882,0,1,-0.11,-0.534,1.522602815,8.0,0.26666666666666666,0.16666666666666666,0.06666666666666667
2007,6,MH-NAG,21.1458,79.0882,0,1,-0.41,0.031,1.3529915246666666,2.0,0.2,0.5666666666666667,0.03333333333333333
2007,7,MH-NAG,21.1458,79.0882,0,1,-0.49,0.045,1.3795319935483872,1.0,0.8387096774193549,0.0,0.06451612903225806
2007,8,MH-NAG,21.1458,79.0882,0,1,-0.77,0.237,0.8762567774193548,2.0,0.45161290322580644,0.22580645161290322,0.0
2007,9,MH-NAG,21.1458,79.0882,0,1,-1.05,0.235,1.1761283893333332,5.0,0.5,0.2,0.0
2008,6,MH-NAG,21.1458,79.0882,0,1,-0.56,0.215,0.953116955,3.0,0.5,0.36666666666666664,0.03333333333333333
2008,7,MH-NAG,21.1458,79.0882,0,1,-0.33,0.246,1.2312710548387096,1.0,0.6774193548387096,0.12903225806451613,0.0
2008,8,MH-NAG,21.1458,79.0882,0,1,-0.2,0.124,1.211697393548387,2.0,0.6129032258064516,0.3548387096774194,0.0
2008,9,MH-NAG,21.1458,79.0882,0,1,-0.25,0.086,1.446583400333333,5.0,0.36666666666666664,0.43333333333333335,0.03333333333333333
2009,6,MH-NAG,21.1458,79.0882,0,1,0.34,0.1,1.4584701413333332,8.0,0.2,0.43333333333333335,0.0
2009,7,MH-NAG,21.1458,79.0882,0,1,0.5,-0.192,0.6150665787096774,5.0,0.967741935483871,0.0,0.03225806451612903
2009,8,MH-NAG,21.1458,79.0882,0,1,0.56,-0.104,1.12875141,1.0,0.5483870967741935,0.3225806451612903,0.0
2009,9,MH-NAG,21.1458,79.0882,0,1,0.66,-0.103,1.6812911126666668,4.0,0.5,0.5,0.0
2010,6,MH-NAG,21.1458,79.0882,0,1,-0.66,-0.14,1.285590429,2.0,0.4,0.5333333333333333,0.0
2010,7,MH-NAG,21.1458,79.0882,0,1,-0.98,-0.001,1.663601914516129,1.0,0.8387096774193549,0.0,0.03225806451612903
2010,8,MH-NAG,21.1458,79.0882,0,1,-1.24,-0.061,0.747917844516129,1.0,0.7741935483870968,0.0,0.0
2010,9,MH-NAG,21.1458,79.0882,0,1,-1.43,-0.267,0.8091414173333332,1.0,0.7,0.16666666666666666,0.0
2011,6,MH-NAG,21.1458,79.0882,0,1,-0.34,0.055,0.6791252076666666,2.0,0.6333333333333333,0.16666666666666666,0.0
2011,7,MH-NAG,21.1458,79.0882,0,1,-0.37,0.223,1.0109919648387098,1.0,0.5161290322580645,0.06451612903225806,0.03225806451612903
2011,8,MH-NAG,21.1458,79.0882,0,1,-0.5,0.344,1.011544473516129,2.0,0.8709677419354839,0.0,0.0
2011,9,MH-NAG,21.1458,79.0882,0,1,-0.76,0.202,0.9066917783333334,3.0,0.43333333333333335,0.3,0.0
2014,6,MH-NAG,21.1458,79.0882,0,1,0.22,-0.028,1.108679051,4.0,0.23333333333333334,0.5333333333333333,0.0
2014,7,MH-NAG,21.1458,79.0882,0,1,0.07,-0.363,1.1528067432258065,6.0,0.4838709677419355,0.2903225806451613,0.06451612903225806
2014,8,MH-NAG,21.1458,79.0882,0,1,0.07,-0.372,1.2150309538709676,2.0,0.3870967741935484,0.3870967741935484,0.0
2014,9,MH-NAG,21.1458,79.0882,0,1,0.24,-0.145,0.649377995,4.0,0.3,0.4,0.0
2015,6,MH-NAG,21.1458,79.0882,0,1,1.19,0.296,1.992920383333333,4.0,0.4666666666666667,0.43333333333333335,0.0
2015,7,MH-NAG,21.1458,79.0882,0,1,1.44,0.225,1.837990334516129,7.0,0.3548387096774194,0.3870967741935484,0.0
2015,8,MH-NAG,21.1458,79.0882,0,1,1.73,0.568,0.8428048241935484,8.0,0.6451612903225806,0.16129032258064516,0.0967741935483871
2015,9,MH-NAG,21.1458,79.0882,0,1,2.02,0.294,0.62977513528,1.0,0.36666666666666664,0.3,0.0
2016,6,MH-NAG,21.1458,79.0882,0,1,0.09,-0.443,1.5598082686666668,4.0,0.2,0.5666666666666667,0.03333333333333333
2016,7,MH-NAG,21.1458,79.0882,0,1,-0.19,-0.757,1.0086871877419354,2.0,0.967741935483871,0.0,0.0
2016,8,MH-NAG,21.1458,79.0882,0,1,-0.34,-0.443,1.3634238690322582,6.0,0.3870967741935484,0.45161290322580644,0.0
2016,9,MH-NAG,21.1458,79.0882,0,1,-0.42,-0.437,0.9987363606666668,5.0,0.23333333333333334,0.3,0.0
2017,6,MH-NAG,21.1458,79.0882,0,1,0.32,0.424,1.010765505,1.0,0.1,0.5333333333333333,0.0
2017,7,MH-NAG,21.1458,79.0882,0,1,0.14,0.52,1.0194311058064516,3.0,0.6129032258064516,0.2903225806451613,0.03225806451612903
2017,8,MH-NAG,21.1458,79.0882,0,1,-0.07,0.349,0.560064344016129,2.0,0.5161290322580645,0.25806451612903225,0.03225806451612903
2017,9,MH-NAG,21.1458,79.0882,0,1,-0.23,0.035,0.5864452456666667,4.0,0.4666666666666667,0.2,0.0
2018,6,MH-NAG,21.1458,79.0882,0,1,0.13,0.155,1.099695321,1.0,0.43333333333333335,0.16666666666666666,0.0
2018,7,MH-NAG,21.1458,79.0882,0,1,0.2,0.053,1.4670566325806451,6.0,0.8064516129032258,0.06451612903225806,0.06451612903225806
2018,8,MH-NAG,21.1458,79.0882,0,1,0.3,0.121,1.1604823280645162,6.0,0.5161290322580645,0.3870967741935484,0.03225806451612903
2018,9,MH-NAG,21.1458,79.0882,0,1,0.52,0.604,1.0746740603333331,8.0,0.5666666666666667,0.3,0.0
2020,6,MH-NAG,21.1458,79.0882,0,1,-0.18,0.455,1.3547168013333333,1.0,0.6333333333333333,0.1,0.0
2020,7,MH-NAG,21.1458,79.0882,0,1,-0.29,0.319,1.5012130690322585,2.0,0.8709677419354839,0.03225806451612903,0.0
2020,8,MH-NAG,21.1458,79.0882,0,1,-0.43,-0.183,1.5708076487096774,8.0,0.8709677419354839,0.06451612903225806,0.03225806451612903
2020,9,MH-NAG,21.1458,79.0882,0,1,-0.77,-0.189,1.1078213236666663,4.0,0.4,0.26666666666666666,0.0
2021,6,MH-NAG,21.1458,79.0882,0,1,-0.31,-0.002,1.2543668813333333,1.0,0.6666666666666666,0.3333333333333333,0.0
2021,7,MH-NAG,21.1458,79.0882,0,1,-0.35,-0.229,1.2697446645161292,2.0,0.7096774193548387,0.03225806451612903,0.03225806451612903
2021,8,MH-NAG,21.1458,79.0882,0,1,-0.46,-0.099,1.3328496390322582,2.0,0.41935483870967744,0.22580645161290322,0.0
2021,9,MH-NAG,21.1458,79.0882,0,1,-0.64,-0.058,1.16716908,3.0,0.9333333333333333,0.0,0.0
2022,6,MH-NAG,21.1458,79.0882,0,1,-0.73,-0.335,1.7460144566666669,1.0,0.3,0.5666666666666667,0.0
2022,7,MH-NAG,21.1458,79.0882,0,1,-0.7,-0.195,0.9906527754838708,4.0,0.967741935483871,0.0,0.03225806451612903
2022,8,MH-NAG,21.1458,79.0882,0,1,-0.78,-0.246,0.962351660967742,2.0,0.6129032258064516,0.22580645161290322,0.06451612903225806
2022,9,MH-NAG,21.1458,79.0882,0,1,-0.87,-0.322,0.45954351401,4.0,0.6666666666666666,0.06666666666666667,0.0
2023,6,MH-NAG,21.1458,79.0882,0,1,0.73,0.665,1.1452140906,2.0,0.16666666666666666,0.7333333333333333,0.0
2023,7,MH-NAG,21.1458,79.0882,0,1,1.0,0.498,0.7976125261290323,6.0,0.8387096774193549,0.0,0.03225806451612903
2023,8,MH-NAG,21.1458,79.0882,0,1,1.25,0.826,0.9138732870967742,8.0,0.5806451612903226,0.25806451612903225,0.0
2023,9,MH-NAG,21.1458,79.0882,0,1,1.5,0.946,0.8482362092433333,4.0,0.8333333333333334,0.1,0.03333333333333333
1990,6,MH-AMR,20.9374,77.7796,0,1,0.25,-0.568,0.7040596286666666,6.0,0.6333333333333333,0.1,0.0
1990,7,MH-AMR,20.9374,77.7796,0,1,0.26,-0.246,0.7642434731967742,1.0,0.6129032258064516,0.22580645161290322,0.0
1990,8,MH-AMR,20.9374,77.7796,0,1,0.32,-0.391,0.8801470647322581,6.0,0.7741935483870968,0.1935483870967742,0.06451612903225806
1990,9,MH-AMR,20.9374,77.7796,0,1,0.31,-0.183,0.775732242,3.0,0.26666666666666666,0.43333333333333335,0.0
1991,6,MH-AMR,20.9374,77.7796,0,1,0.63,0.263,1.4334286633333333,5.0,0.26666666666666666,0.36666666666666664,0.0
1991,7,MH-AMR,20.9374,77.7796,0,1,0.77,0.269,0.6487244419290323,6.0,0.3870967741935484,0.22580645161290322,0.03225806451612903
1991,8,MH-AMR,20.9374,77.7796,0,1,0.67,0.058,1.2953001661290322,5.0,0.45161290322580644,0.3548387096774194,0.03225806451612903
1991,9,MH-AMR,20.9374,77.7796,0,1,0.72,0.099,1.3728957676666669,8.0,0.0,1.0,0.0
1992,6,MH-AMR,20.9374,77.7796,0,1,0.72,-0.861,1.0309609286666666,3.0,0.26666666666666666,0.3333333333333333,0.0
1992,7,MH-AMR,20.9374,77.7796,0,1,0.35,-0.479,1.032042581935484,3.0,0.5806451612903226,0.3870967741935484,0.0
1992,8,MH-AMR,20.9374,77.7796,0,1,0.08,-0.768,0.7930089680645162,5.0,0.8387096774193549,0.0967741935483871,0.06451612903225806
1992,9,MH-AMR,20.9374,77.7796,0,1,-0.15,-0.833,1.1277177353333334,2.0,0.0,0.7666666666666667,0.0
1993,6,MH-AMR,20.9374,77.7796,0,1,0.56,-0.108,1.5129156700000002,8.0,0.23333333333333334,0.4666666666666667,0.0
1993,7,MH-AMR,20.9374,77.7796,0,1,0.28,-0.152,0.8503892948387097,5.0,0.41935483870967744,0.12903225806451613,0.0
1993,8,MH-AMR,20.9374,77.7796,0,1,0.22,-0.306,0.9336245306,1.0,0.5161290322580645,0.3225806451612903,0.0
1993,9,MH-AMR,20.9374,77.7796,0,1,0.2,-0.17,0.4647173026666666,2.0,0.43333333333333335,0.13333333333333333,0.0
1995,6,MH-AMR,20.9374,77.7796,0,1,-0.11,-0.078,0.8386585686666667,2.0,0.23333333333333334,0.5666666666666667,0.0
1995,7,MH-AMR,20.9374,77.7796,0,1,-0.3,-0.169,1.3968855583870967,2.0,0.7419354838709677,0.0967741935483871,0.0
1995,8,MH-AMR,20.9374,77.7796,0,1,-0.55,-0.144,1.3320209096774194,2.0,0.0,0.7741935483870968,0.0
1995,9,MH-AMR,20.9374,77.7796,0,1,-0.81,-0.18,1.0134717556666666,5.0,0.4,0.3333333333333333,0.0
1996,6,MH-AMR,20.9374,77.7796,0,1,-0.24,-0.395,1.5769545686666668,3.0,0.0,0.9333333333333333,0.0
1996,7,MH-AMR,20.9374,77.7796,0,1,-0.22,-0.644,1.590457191935484,6.0,0.5161290322580645,0.2903225806451613,0.0
1996,8,MH-AMR,20.9374,77.7796,0,1,-0.27,-0.681,1.0089208741935485,3.0,0.6451612903225806,0.1935483870967742,0.0
1996,9,MH-AMR,20.9374,77.7796,0,1,-0.3,-0.712,1.0609203293333334,5.0,0.5,0.3,0.0
1998,6,MH-AMR,20.9374,77.7796,0,1,-0.08,0.147,0.921335034,3.0,0.4,0.5,0.0
1998,7,MH-AMR,20.9374,77.7796,0,1,-0.63,-0.385,0.75393639,2.0,0.5483870967741935,0.12903225806451613,0.0
1998,8,MH-AMR,20.9374,77.7796,0,1,-0.83,-0.58,1.00514719,2.0,0.5483870967741935,0.12903225806451613,0.0
1998,9,MH-AMR,20.9374,77.7796,0,1,-1.02,-0.496,1.4218518516666667,8.0,0.5333333333333333,0.0,0.0
2002,6,MH-AMR,20.9374,77.7796,0,1,0.45,-0.189,1.8803833166666664,2.0,0.5333333333333333,0.43333333333333335,0.03333333333333333
2002,7,MH-AMR,20.9374,77.7796,0,1,0.57,-0.261,1.7221574980645162,8.0,0.06451612903225806,0.9032258064516129,0.0
2002,8,MH-AMR,20.9374,77.7796,0,1,0.63,-0.208,1.420236031935484,8.0,0.4838709677419355,0.2903225806451613,0.0
2002,9,MH-AMR,20.9374,77.7796,0,1,0.78,0.286,0.7018471730000001,2.0,0.3333333333333333,0.6,0.0
2003,6,MH-AMR,20.9374,77.7796,0,1,-0.13,0.139,1.65106069,1.0,0.4666666666666667,0.4666666666666667,0.0
2003,7,MH-AMR,20.9374,77.7796,0,1,0.09,0.131,0.992855799032258,2.0,0.9032258064516129,0.0,0.0
2003,8,MH-AMR,20.9374,77.7796,0,1,0.14,0.108,0.6039936987096773,6.0,0.6129032258064516,0.2903225806451613,0.0
2003,9,MH-AMR,20.9374,77.7796,0,1,0.23,-0.06,0.7902776976666667,4.0,0.36666666666666664,0.5333333333333333,0.0
2004,6,MH-AMR,20.9374,77.7796,0,1,0.22,-0.384,1.0188708323333333,7.0,0.26666666666666666,0.5333333333333333,0.0
2004,7,MH-AMR,20.9374,77.7796,0,1,0.39,-0.301,1.611224959354839,1.0,0.45161290322580644,0.1935483870967742,0.0
2004,8,MH-AMR,20.9374,77.7796,0,1,0.54,-0.133,1.2484562670967745,6.0,0.3225806451612903,0.2903225806451613,0.03225806451612903
2004,9,MH-AMR,20.9374,77.7796,0,1,0.58,-0.106,1.438454236,2.0,0.2,0.6,0.0
2005,6,MH-AMR,20.9374,77.7796,0,1,0.09,-0.176,0.7345759723333334,2.0,0.43333333333333335,0.5666666666666667,0.03333333333333333
2005,7,MH-AMR,20.9374,77.7796,0,1,-0.04,-0.384,1.029081502903226,2.0,0.6774193548387096,0.16129032258064516,0.0
2005,8,MH-AMR,20.9374,77.7796,0,1,-0.14,-0.345,0.939736100967742,1.0,0.3548387096774194,0.3870967741935484,0.03225806451612903
2005,9,MH-AMR,20.9374,77.7796,0,1,-0.11,-0.534,1.522602815,8.0,0.3333333333333333,0.2,0.0
2007,6,MH-AMR,20.9374,77.7796,0,1,-0.41,0.031,1.3529915246666666,2.0,0.4,0.3,0.0
2007,7,MH-AMR,20.9374,77.7796,0,1,-0.49,0.045,1.3795319935483872,1.0,0.6129032258064516,0.16129032258064516,0.03225806451612903
2007,8,MH-AMR,20.9374,77.7796,0,1,-0.77,0.237,0.8762567774193548,2.0,0.6451612903225806,0.3548387096774194,0.0
2007,9,MH-AMR,20.9374,77.7796,0,1,-1.05,0.235,1.1761283893333332,5.0,0.7333333333333333,0.1,0.0
2008,6,MH-AMR,20.9374,77.7796,0,1,-0.56,0.215,0.953116955,3.0,0.06666666666666667,0.6666666666666666,0.0
2008,7,MH-AMR,20.9374,77.7796,0,1,-0.33,0.246,1.2312710548387096,1.0,0.3548387096774194,0.2903225806451613,0.0
2008,8,MH-AMR,20.9374,77.7796,0,1,-0.2,0.124,1.211697393548387,2.0,0.5483870967741935,0.2903225806451613,0.0
2008,9,MH-AMR,20.9374,77.7796,0,1,-0.25,0.086,1.446583400333333,5.0,0.7666666666666667,0.1,0.03333333333333333
2009,6,MH-AMR,20.9374,77.7796,0,1,0.34,0.1,1.4584701413333332,8.0,0.0,1.0,0.0
2009,7,MH-AMR,20.9374,77.7796,0,1,0.5,-0.192,0.6150665787096774,5.0,0.0,0.6451612903225806,0.0
2009,8,MH-AMR,20.9374,77.7796,0,1,0.56,-0.104,1.12875141,1.0,0.0,1.0,0.0
2009,9,MH-AMR,20.9374,77.7796,0,1,0.66,-0.103,1.6812911126666668,4.0,0.0,1.0,0.0
2010,6,MH-AMR,20.9374,77.7796,0,1,-0.66,-0.14,1.285590429,2.0,0.3,0.5333333333333333,0.0
2010,7,MH-AMR,20.9374,77.7796,0,1,-0.98,-0.001,1.663601914516129,1.0,0.7419354838709677,0.16129032258064516,0.0
2010,8,MH-AMR,20.9374,77.7796,0,1,-1.24,-0.061,0.747917844516129,1.0,0.8709677419354839,0.0967741935483871,0.0
2010,9,MH-AMR,20.9374,77.7796,0,1,-1.43,-0.267,0.8091414173333332,1.0,0.4666666666666667,0.26666666666666666,0.0
2011,6,MH-AMR,20.9374,77.7796,0,1,-0.34,0.055,0.6791252076666666,2.0,0.5,0.3333333333333333,0.0
2011,7,MH-AMR,20.9374,77.7796,0,1,-0.37,0.223,1.0109919648387098,1.0,0.8709677419354839,0.0,0.0
2011,8,MH-AMR,20.9374,77.7796,0,1,-0.5,0.344,1.011544473516129,2.0,0.9032258064516129,0.0,0.0
2011,9,MH-AMR,20.9374,77.7796,0,1,-0.76,0.202,0.9066917783333334,3.0,0.36666666666666664,0.4,0.0
2014,6,MH-AMR,20.9374,77.7796,0,1,0.22,-0.028,1.108679051,4.0,0.23333333333333334,0.7666666666666667,0.0
2014,7,MH-AMR,20.9374,77.7796,0,1,0.07,-0.363,1.1528067432258065,6.0,0.5161290322580645,0.22580645161290322,0.03225806451612903
2014,8,MH-AMR,20.9374,77.7796,0,1,0.07,-0.372,1.2150309538709676,2.0,0.3870967741935484,0.5483870967741935,0.0
2014,9,MH-AMR,20.9374,77.7796,0,1,0.24,-0.145,0.649377995,4.0,0.5333333333333333,0.3,0.0
2015,6,MH-AMR,20.9374,77.7796,0,1,1.19,0.296,1.992920383333333,4.0,0.5,0.43333333333333335,0.0
2015,7,MH-AMR,20.9374,77.7796,0,1,1.44,0.225,1.837990334516129,7.0,0.25806451612903225,0.7096774193548387,0.0
2015,8,MH-AMR,20.9374,77.7796,0,1,1.73,0.568,0.8428048241935484,8.0,0.4838709677419355,0.45161290322580644,0.03225806451612903
2015,9,MH-AMR,20.9374,77.7796,0,1,2.02,0.294,0.62977513528,1.0,0.23333333333333334,0.5333333333333333,0.03333333333333333
2016,6,MH-AMR,20.9374,77.7796,0,1,0.09,-0.443,1.5598082686666668,4.0,0.23333333333333334,0.3333333333333333,0.0
2016,7,MH-AMR,20.9374,77.7796,0,1,-0.19,-0.757,1.0086871877419354,2.0,0.8064516129032258,0.12903225806451613,0.0
2016,8,MH-AMR,20.9374,77.7796,0,1,-0.34,-0.443,1.3634238690322582,6.0,0.25806451612903225,0.5161290322580645,0.0
2016,9,MH-AMR,20.9374,77.7796,0,1,-0.42,-0.437,0.9987363606666668,5.0,0.6666666666666666,0.2,0.0
2017,6,MH-AMR,20.9374,77.7796,0,1,0.32,0.424,1.010765505,1.0,0.23333333333333334,0.2,0.0
2017,7,MH-AMR,20.9374,77.7796,0,1,0.14,0.52,1.0194311058064516,3.0,0.6451612903225806,0.0967741935483871,0.0
2017,8,MH-AMR,20.9374,77.7796,0,1,-0.07,0.349,0.560064344016129,2.0,0.3225806451612903,0.5161290322580645,0.0
2017,9,MH-AMR,20.9374,77.7796,0,1,-0.23,0.035,0.5864452456666667,4.0,0.43333333333333335,0.2,0.0
2018,6,MH-AMR,20.9374,77.7796,0,1,0.13,0.155,1.099695321,1.0,0.4,0.3,0.0
2018,7,MH-AMR,20.9374,77.7796,0,1,0.2,0.053,1.4670566325806451,6.0,0.5806451612903226,0.06451612903225806,0.0
2018,8,MH-AMR,20.9374,77.7796,0,1,0.3,0.121,1.1604823280645162,6.0,0.25806451612903225,0.6129032258064516,0.0
2018,9,MH-AMR,20.9374,77.7796,0,1,0.52,0.604,1.0746740603333331,8.0,0.23333333333333334,0.7333333333333333,0.0
2020,6,MH-AMR,20.9374,77.7796,0,1,-0.18,0.455,1.3547168013333333,1.0,0.26666666666666666,0.13333333333333333,0.0
2020,7,MH-AMR,20.9374,77.7796,0,1,-0.29,0.319,1.5012130690322585,2.0,0.7741935483870968,0.0,0.0
2020,8,MH-AMR,20.9374,77.7796,0,1,-0.43,-0.183,1.5708076487096774,8.0,0.5483870967741935,0.03225806451612903,0.0
2020,9,MH-AMR,20.9374,77.7796,0,1,-0.77,-0.189,1.1078213236666663,4.0,0.5666666666666667,0.1,0.0
2021,6,MH-AMR,20.9374,77.7796,0,1,-0.31,-0.002,1.2543668813333333,1.0,0.4,0.3333333333333333,0.0
2021,7,MH-AMR,20.9374,77.7796,0,1,-0.35,-0.229,1.2697446645161292,2.0,0.45161290322580644,0.1935483870967742,0.0
2021,8,MH-AMR,20.9374,77.7796,0,1,-0.46,-0.099,1.3328496390322582,2.0,0.25806451612903225,0.5483870967741935,0.0
2021,9,MH-AMR,20.9374,77.7796,0,1,-0.64,-0.058,1.16716908,3.0,0.7333333333333333,0.0,0.03333333333333333
2022,6,MH-AMR,20.9374,77.7796,0,1,-0.73,-0.335,1.7460144566666669,1.0,0.3333333333333333,0.4666666666666667,0.0
2022,7,MH-AMR,20.9374,77.7796,0,1,-0.7,-0.195,0.9906527754838708,4.0,0.9354838709677419,0.0,0.03225806451612903
2022,8,MH-AMR,20.9374,77.7796,0,1,-0.78,-0.246,0.962351660967742,2.0,0.3548387096774194,0.41935483870967744,0.0
2022,9,MH-AMR,20.9374,77.7796,0,1,-0.87,-0.322,0.45954351401,4.0,0.7,0.1,0.0
2023,6,MH-AMR,20.9374,77.7796,0,1,0.73,0.665,1.1452140906,2.0,0.16666666666666666,0.7666666666666667,0.0
2023,7,MH-AMR,20.9374,77.7796,0,1,1.0,0.498,0.7976125261290323,6.0,0.8064516129032258,0.06451612903225806,0.0
2023,8,MH-AMR,20.9374,77.7796,0,1,1.25,0.826,0.9138732870967742,8.0,0.16129032258064516,0.5483870967741935,0.0
2023,9,MH-AMR,20.9374,77.7796,0,1,1.5,0.946,0.8482362092433333,4.0,0.5333333333333333,0.23333333333333334,0.0
1990,6,MH-KOL,16.705,74.2433,0,1,0.25,-0.568,0.7040596286666666,6.0,0.03333333333333333,0.8333333333333334,0.0
1990,7,MH-KOL,16.705,74.2433,0,1,0.26,-0.246,0.7642434731967742,1.0,0.7096774193548387,0.06451612903225806,0.0
1990,8,MH-KOL,16.705,74.2433,0,1,0.32,-0.391,0.8801470647322581,6.0,0.3225806451612903,0.41935483870967744,0.0
1990,9,MH-KOL,16.705,74.2433,0,1,0.31,-0.183,0.775732242,3.0,0.0,0.7666666666666667,0.0
1991,6,MH-KOL,16.705,74.2433,0,1,0.63,0.263,1.4334286633333333,5.0,0.6,0.2,0.0
1991,7,MH-KOL,16.705,74.2433,0,1,0.77,0.269,0.6487244419290323,6.0,0.5483870967741935,0.0967741935483871,0.03225806451612903
1991,8,MH-KOL,16.705,74.2433,0,1,0.67,0.058,1.2953001661290322,5.0,0.3548387096774194,0.0967741935483871,0.0
1991,9,MH-KOL,16.705,74.2433,0,1,0.72,0.099,1.3728957676666669,8.0,0.3333333333333333,0.4666666666666667,0.0
1992,6,MH-KOL,16.705,74.2433,0,1,0.72,-0.861,1.0309609286666666,3.0,0.4666666666666667,0.3333333333333333,0.0
1992,7,MH-KOL,16.705,74.2433,0,1,0.35,-0.479,1.032042581935484,3.0,0.25806451612903225,0.5806451612903226,0.0
1992,8,MH-KOL,16.705,74.2433,0,1,0.08,-0.768,0.7930089680645162,5.0,0.45161290322580644,0.3225806451612903,0.0
1992,9,MH-KOL,16.705,74.2433,0,1,-0.15,-0.833,1.1277177353333334,2.0,0.06666666666666667,0.4,0.0
1993,6,MH-KOL,16.705,74.2433,0,1,0.56,-0.108,1.5129156700000002,8.0,0.36666666666666664,0.3,0.03333333333333333
1993,7,MH-KOL,16.705,74.2433,0,1,0.28,-0.152,0.8503892948387097,5.0,0.25806451612903225,0.3548387096774194,0.03225806451612903
1993,8,MH-KOL,16.705,74.2433,0,1,0.22,-0.306,0.9336245306,1.0,0.4838709677419355,0.0967741935483871,0.0
1993,9,MH-KOL,16.705,74.2433,0,1,0.2,-0.17,0.4647173026666666,2.0,0.0,0.9,0.0
1995,6,MH-KOL,16.705,74.2433,0,1,-0.11,-0.078,0.8386585686666667,2.0,0.0,0.9333333333333333,0.0
1995,7,MH-KOL,16.705,74.2433,0,1,-0.3,-0.169,1.3968855583870967,2.0,0.3548387096774194,0.41935483870967744,0.0
1995,8,MH-KOL,16.705,74.2433,0,1,-0.55,-0.144,1.3320209096774194,2.0,0.0967741935483871,0.6774193548387096,0.0
1995,9,MH-KOL,16.705,74.2433,0,1,-0.81,-0.18,1.0134717556666666,5.0,0.4,0.4,0.0
1996,6,MH-KOL,16.705,74.2433,0,1,-0.24,-0.395,1.5769545686666668,3.0,0.23333333333333334,0.3333333333333333,0.0
1996,7,MH-KOL,16.705,74.2433,0,1,-0.22,-0.644,1.590457191935484,6.0,0.5483870967741935,0.3225806451612903,0.0
1996,8,MH-KOL,16.705,74.2433,0,1,-0.27,-0.681,1.0089208741935485,3.0,0.25806451612903225,0.45161290322580644,0.0
1996,9,MH-KOL,16.705,74.2433,0,1,-0.3,-0.712,1.0609203293333334,5.0,0.2,0.5333333333333333,0.0
1998,6,MH-KOL,16.705,74.2433,0,1,-0.08,0.147,0.921335034,3.0,0.2,0.6666666666666666,0.0
1998,7,MH-KOL,16.705,74.2433,0,1,-0.63,-0.385,0.75393639,2.0,0.5806451612903226,0.1935483870967742,0.0
1998,8,MH-KOL,16.705,74.2433,0,1,-0.83,-0.58,1.00514719,2.0,0.4838709677419355,0.1935483870967742,0.0
1998,9,MH-KOL,16.705,74.2433,0,1,-1.02,-0.496,1.4218518516666667,8.0,0.1,0.7333333333333333,0.0
2002,6,MH-KOL,16.705,74.2433,0,1,0.45,-0.189,1.8803833166666664,2.0,0.36666666666666664,0.1,0.0
2002,7,MH-KOL,16.705,74.2433,0,1,0.57,-0.261,1.7221574980645162,8.0,0.0,0.7096774193548387,0.0
2002,8,MH-KOL,16.705,74.2433,0,1,0.63,-0.208,1.420236031935484,8.0,0.41935483870967744,0.3548387096774194,0.0
2002,9,MH-KOL,16.705,74.2433,0,1,0.78,0.286,0.7018471730000001,2.0,0.0,1.0,0.0
2003,6,MH-KOL,16.705,74.2433,0,1,-0.13,0.139,1.65106069,1.0,0.23333333333333334,0.5,0.0
2003,7,MH-KOL,16.705,74.2433,0,1,0.09,0.131,0.992855799032258,2.0,0.0,0.45161290322580644,0.0
2003,8,MH-KOL,16.705,74.2433,0,1,0.14,0.108,0.6039936987096773,6.0,0.0,0.6774193548387096,0.0
2003,9,MH-KOL,16.705,74.2433,0,1,0.23,-0.06,0.7902776976666667,4.0,0.0,0.6666666666666666,0.0
2004,6,MH-KOL,16.705,74.2433,0,1,0.22,-0.384,1.0188708323333333,7.0,0.5666666666666667,0.26666666666666666,0.03333333333333333
2004,7,MH-KOL,16.705,74.2433,0,1,0.39,-0.301,1.611224959354839,1.0,0.03225806451612903,0.9354838709677419,0.0
2004,8,MH-KOL,16.705,74.2433,0,1,0.54,-0.133,1.2484562670967745,6.0,0.6129032258064516,0.2903225806451613,0.0
2004,9,MH-KOL,16.705,74.2433,0,1,0.58,-0.106,1.438454236,2.0,0.3333333333333333,0.36666666666666664,0.0
2005,6,MH-KOL,16.705,74.2433,0,1,0.09,-0.176,0.7345759723333334,2.0,0.43333333333333335,0.1,0.03333333333333333
2005,7,MH-KOL,16.705,74.2433,0,1,-0.04,-0.384,1.029081502903226,2.0,0.6451612903225806,0.16129032258064516,0.03225806451612903
2005,8,MH-KOL,16.705,74.2433,0,1,-0.14,-0.345,0.939736100967742,1.0,0.7741935483870968,0.0967741935483871,0.0
2005,9,MH-KOL,16.705,74.2433,0,1,-0.11,-0.534,1.522602815,8.0,0.3,0.03333333333333333,0.0
2007,6,MH-KOL,16.705,74.2433,0,1,-0.41,0.031,1.3529915246666666,2.0,0.26666666666666666,0.7,0.06666666666666667
2007,7,MH-KOL,16.705,74.2433,0,1,-0.49,0.045,1.3795319935483872,1.0,0.5161290322580645,0.3548387096774194,0.0
2007,8,MH-KOL,16.705,74.2433,0,1,-0.77,0.237,0.8762567774193548,2.0,0.5806451612903226,0.16129032258064516,0.0
2007,9,MH-KOL,16.705,74.2433,0,1,-1.05,0.235,1.1761283893333332,5.0,0.26666666666666666,0.36666666666666664,0.0
2008,6,MH-KOL,16.705,74.2433,0,1,-0.56,0.215,0.953116955,3.0,0.0,0.3333333333333333,0.0
2008,7,MH-KOL,16.705,74.2433,0,1,-0.33,0.246,1.2312710548387096,1.0,0.06451612903225806,0.45161290322580644,0.0
2008,8,MH-KOL,16.705,74.2433,0,1,-0.2,0.124,1.211697393548387,2.0,0.5161290322580645,0.3870967741935484,0.0
2008,9,MH-KOL,16.705,74.2433,0,1,-0.25,0.086,1.446583400333333,5.0,0.7,0.06666666666666667,0.0
2009,6,MH-KOL,16.705,74.2433,0,1,0.34,0.1,1.4584701413333332,8.0,0.0,0.9666666666666667,0.0
2009,7,MH-KOL,16.705,74.2433,0,1,0.5,-0.192,0.6150665787096774,5.0,0.9354838709677419,0.0,0.0
2009,8,MH-KOL,16.705,74.2433,0,1,0.56,-0.104,1.12875141,1.0,0.16129032258064516,0.4838709677419355,0.0
2009,9,MH-KOL,16.705,74.2433,0,1,0.66,-0.103,1.6812911126666668,4.0,0.4,0.13333333333333333,0.0
2010,6,MH-KOL,16.705,74.2433,0,1,-0.66,-0.14,1.285590429,2.0,0.36666666666666664,0.5,0.0
2010,7,MH-KOL,16.705,74.2433,0,1,-0.98,-0.001,1.663601914516129,1.0,0.3225806451612903,0.6451612903225806,0.0
2010,8,MH-KOL,16.705,74.2433,0,1,-1.24,-0.061,0.747917844516129,1.0,0.45161290322580644,0.16129032258064516,0.0
2010,9,MH-KOL,16.705,74.2433,0,1,-1.43,-0.267,0.8091414173333332,1.0,0.5666666666666667,0.26666666666666666,0.0
2011,6,MH-KOL,16.705,74.2433,0,1,-0.34,0.055,0.6791252076666666,2.0,0.4666666666666667,0.23333333333333334,0.0
2011,7,MH-KOL,16.705,74.2433,0,1,-0.37,0.223,1.0109919648387098,1.0,0.2903225806451613,0.16129032258064516,0.0
2011,8,MH-KOL,16.705,74.2433,0,1,-0.5,0.344,1.011544473516129,2.0,0.3225806451612903,0.25806451612903225,0.0
2011,9,MH-KOL,16.705,74.2433,0,1,-0.76,0.202,0.9066917783333334,3.0,0.3333333333333333,0.5333333333333333,0.0
2014,6,MH-KOL,16.705,74.2433,0,1,0.22,-0.028,1.108679051,4.0,0.1,0.6666666666666666,0.0
2014,7,MH-KOL,16.705,74.2433,0,1,0.07,-0.363,1.1528067432258065,6.0,0.5161290322580645,0.3870967741935484,0.0
2014,8,MH-KOL,16.705,74.2433,0,1,0.07,-0.372,1.2150309538709676,2.0,0.4838709677419355,0.12903225806451613,0.0
2014,9,MH-KOL,16.705,74.2433,0,1,0.24,-0.145,0.649377995,4.0,0.2,0.7333333333333333,0.0
2015,6,MH-KOL,16.705,74.2433,0,1,1.19,0.296,1.992920383333333,4.0,0.4666666666666667,0.3,0.0
2015,7,MH-KOL,16.705,74.2433,0,1,1.44,0.225,1.837990334516129,7.0,0.0,0.8387096774193549,0.0
2015,8,MH-KOL,16.705,74.2433,0,1,1.73,0.568,0.8428048241935484,8.0,0.0,0.9032258064516129,0.0
2015,9,MH-KOL,16.705,74.2433,0,1,2.02,0.294,0.62977513528,1.0,0.0,0.7666666666666667,0.0
2016,6,MH-KOL,16.705,74.2433,0,1,0.09,-0.443,1.5598082686666668,4.0,0.06666666666666667,0.5666666666666667,0.0
2016,7,MH-KOL,16.705,74.2433,0,1,-0.19,-0.757,1.0086871877419354,2.0,0.5483870967741935,0.12903225806451613,0.06451612903225806
2016,8,MH-KOL,16.705,74.2433,0,1,-0.34,-0.443,1.3634238690322582,6.0,0.3548387096774194,0.1935483870967742,0.0
2016,9,MH-KOL,16.705,74.2433,0,1,-0.42,-0.437,0.9987363606666668,5.0,0.0,0.5333333333333333,0.0
2017,6,MH-KOL,16.705,74.2433,0,1,0.32,0.424,1.010765505,1.0,0.2,0.43333333333333335,0.0
2017,7,MH-KOL,16.705,74.2433,0,1,0.14,0.52,1.0194311058064516,3.0,0.5161290322580645,0.1935483870967742,0.0
2017,8,MH-KOL,16.705,74.2433,0,1,-0.07,0.349,0.560064344016129,2.0,0.06451612903225806,0.7419354838709677,0.0
2017,9,MH-KOL,16.705,74.2433,0,1,-0.23,0.035,0.5864452456666667,4.0,0.5333333333333333,0.06666666666666667,0.0
2018,6,MH-KOL,16.705,74.2433,0,1,0.13,0.155,1.099695321,1.0,0.26666666666666666,0.4,0.0
2018,7,MH-KOL,16.705,74.2433,0,1,0.2,0.053,1.4670566325806451,6.0,0.7741935483870968,0.03225806451612903,0.03225806451612903
2018,8,MH-KOL,16.705,74.2433,0,1,0.3,0.121,1.1604823280645162,6.0,0.5161290322580645,0.0967741935483871,0.0
2018,9,MH-KOL,16.705,74.2433,0,1,0.52,0.604,1.0746740603333331,8.0,0.23333333333333334,0.7,0.0
2020,6,MH-KOL,16.705,74.2433,0,1,-0.18,0.455,1.3547168013333333,1.0,0.4,0.16666666666666666,0.0
2020,7,MH-KOL,16.705,74.2433,0,1,-0.29,0.319,1.5012130690322585,2.0,0.3225806451612903,0.0967741935483871,0.0
2020,8,MH-KOL,16.705,74.2433,0,1,-0.43,-0.183,1.5708076487096774,8.0,0.6774193548387096,0.12903225806451613,0.03225806451612903
2020,9,MH-KOL,16.705,74.2433,0,1,-0.77,-0.189,1.1078213236666663,4.0,0.43333333333333335,0.2,0.0
2021,6,MH-KOL,16.705,74.2433,0,1,-0.31,-0.002,1.2543668813333333,1.0,0.5666666666666667,0.4,0.03333333333333333
2021,7,MH-KOL,16.705,74.2433,0,1,-0.35,-0.229,1.2697446645161292,2.0,0.5161290322580645,0.2903225806451613,0.06451612903225806
2021,8,MH-KOL,16.705,74.2433,0,1,-0.46,-0.099,1.3328496390322582,2.0,0.22580645161290322,0.5483870967741935,0.0
2021,9,MH-KOL,16.705,74.2433,0,1,-0.64,-0.058,1.16716908,3.0,0.1,0.5666666666666667,0.0
2022,6,MH-KOL,16.705,74.2433,0,1,-0.73,-0.335,1.7460144566666669,1.0,0.0,1.0,0.0
2022,7,MH-KOL,16.705,74.2433,0,1,-0.7,-0.195,0.9906527754838708,4.0,0.5483870967741935,0.1935483870967742,0.0
2022,8,MH-KOL,16.705,74.2433,0,1,-0.78,-0.246,0.962351660967742,2.0,0.41935483870967744,0.22580645161290322,0.03225806451612903
2022,9,MH-KOL,16.705,74.2433,0,1,-0.87,-0.322,0.45954351401,4.0,0.3333333333333333,0.36666666666666664,0.0
2023,6,MH-KOL,16.705,74.2433,0,1,0.73,0.665,1.1452140906,2.0,0.0,0.9,0.0
2023,7,MH-KOL,16.705,74.2433,0,1,1.0,0.498,0.7976125261290323,6.0,0.7096774193548387,0.03225806451612903,0.0
2023,8,MH-KOL,16.705,74.2433,0,1,1.25,0.826,0.9138732870967742,8.0,0.0967741935483871,0.6451612903225806,0.0
2023,9,MH-KOL,16.705,74.2433,0,1,1.5,0.946,0.8482362092433333,4.0,0.0,0.9,0.0
1990,6,MH-SOL,17.6599,75.9064,0,1,0.25,-0.568,0.7040596286666666,6.0,0.5666666666666667,0.23333333333333334,0.03333333333333333
1990,7,MH-SOL,17.6599,75.9064,0,1,0.26,-0.246,0.7642434731967742,1.0,0.0967741935483871,0.45161290322580644,0.0
1990,8,MH-SOL,17.6599,75.9064,0,1,0.32,-0.391,0.8801470647322581,6.0,0.45161290322580644,0.41935483870967744,0.06451612903225806
1990,9,MH-SOL,17.6599,75.9064,0,1,0.31,-0.183,0.775732242,3.0,0.23333333333333334,0.4666666666666667,0.0
1991,6,MH-SOL,17.6599,75.9064,0,1,0.63,0.263,1.4334286633333333,5.0,0.3,0.23333333333333334,0.0
1991,7,MH-SOL,17.6599,75.9064,0,1,0.77,0.269,0.6487244419290323,6.0,0.5806451612903226,0.3548387096774194,0.0
1991,8,MH-SOL,17.6599,75.9064,0,1,0.67,0.058,1.2953001661290322,5.0,0.0967741935483871,0.4838709677419355,0.0
1991,9,MH-SOL,17.6599,75.9064,0,1,0.72,0.099,1.3728957676666669,8.0,0.2,0.6666666666666666,0.0
1992,6,MH-SOL,17.6599,75.9064,0,1,0.72,-0.861,1.0309609286666666,3.0,0.3333333333333333,0.3,0.0
1992,7,MH-SOL,17.6599,75.9064,0,1,0.35,-0.479,1.032042581935484,3.0,0.5161290322580645,0.3548387096774194,0.0
1992,8,MH-SOL,17.6599,75.9064,0,1,0.08,-0.768,0.7930089680645162,5.0,0.2903225806451613,0.41935483870967744,0.0
1992,9,MH-SOL,17.6599,75.9064,0,1,-0.15,-0.833,1.1277177353333334,2.0,0.26666666666666666,0.5333333333333333,0.03333333333333333
1993,6,MH-SOL,17.6599,75.9064,0,1,0.56,-0.108,1.5129156700000002,8.0,0.03333333333333333,0.7666666666666667,0.0
1993,7,MH-SOL,17.6599,75.9064,0,1,0.28,-0.152,0.8503892948387097,5.0,0.3548387096774194,0.3225806451612903,0.0
1993,8,MH-SOL,17.6599,75.9064,0,1,0.22,-0.306,0.9336245306,1.0,0.3225806451612903,0.22580645161290322,0.0
1993,9,MH-SOL,17.6599,75.9064,0,1,0.2,-0.17,0.4647173026666666,2.0,0.6666666666666666,0.1,0.0
1995,6,MH-SOL,17.6599,75.9064,0,1,-0.11,-0.078,0.8386585686666667,2.0,0.16666666666666666,0.7333333333333333,0.0
1995,7,MH-SOL,17.6599,75.9064,0,1,-0.3,-0.169,1.3968855583870967,2.0,0.5806451612903226,0.03225806451612903,0.0
1995,8,MH-SOL,17.6599,75.9064,0,1,-0.55,-0.144,1.3320209096774194,2.0,0.06451612903225806,0.5161290322580645,0.0
1995,9,MH-SOL,17.6599,75.9064,0,1,-0.81,-0.18,1.0134717556666666,5.0,0.4,0.26666666666666666,0.0
1996,6,MH-SOL,17.6599,75.9064,0,1,-0.24,-0.395,1.5769545686666668,3.0,0.3,0.5333333333333333,0.0
1996,7,MH-SOL,17.6599,75.9064,0,1,-0.22,-0.644,1.590457191935484,6.0,0.41935483870967744,0.45161290322580644,0.03225806451612903
1996,8,MH-SOL,17.6599,75.9064,0,1,-0.27,-0.681,1.0089208741935485,3.0,0.41935483870967744,0.22580645161290322,0.0
1996,9,MH-SOL,17.6599,75.9064,0,1,-0.3,-0.712,1.0609203293333334,5.0,0.6666666666666666,0.13333333333333333,0.0
1998,6,MH-SOL,17.6599,75.9064,0,1,-0.08,0.147,0.921335034,3.0,0.43333333333333335,0.23333333333333334,0.0
1998,7,MH-SOL,17.6599,75.9064,0,1,-0.63,-0.385,0.75393639,2.0,0.1935483870967742,0.5483870967741935,0.0
1998,8,MH-SOL,17.6599,75.9064,0,1,-0.83,-0.58,1.00514719,2.0,0.9354838709677419,0.0,0.0
1998,9,MH-SOL,17.6599,75.9064,0,1,-1.02,-0.496,1.4218518516666667,8.0,0.8333333333333334,0.0,0.03333333333333333
2002,6,MH-SOL,17.6599,75.9064,0,1,0.45,-0.189,1.8803833166666664,2.0,0.26666666666666666,0.2,0.0
2002,7,MH-SOL,17.6599,75.9064,0,1,0.57,-0.261,1.7221574980645162,8.0,0.0,0.5161290322580645,0.0
2002,8,MH-SOL,17.6599,75.9064,0,1,0.63,-0.208,1.420236031935484,8.0,0.6129032258064516,0.3225806451612903,0.0
2002,9,MH-SOL,17.6599,75.9064,0,1,0.78,0.286,0.7018471730000001,2.0,0.3333333333333333,0.6,0.0
2003,6,MH-SOL,17.6599,75.9064,0,1,-0.13,0.139,1.65106069,1.0,0.0,0.7666666666666667,0.0
2003,7,MH-SOL,17.6599,75.9064,0,1,0.09,0.131,0.992855799032258,2.0,0.03225806451612903,0.3225806451612903,0.0
2003,8,MH-SOL,17.6599,75.9064,0,1,0.14,0.108,0.6039936987096773,6.0,0.25806451612903225,0.45161290322580644,0.0
2003,9,MH-SOL,17.6599,75.9064,0,1,0.23,-0.06,0.7902776976666667,4.0,0.2,0.7333333333333333,0.0
2004,6,MH-SOL,17.6599,75.9064,0,1,0.22,-0.384,1.0188708323333333,7.0,0.23333333333333334,0.43333333333333335,0.0
2004,7,MH-SOL,17.6599,75.9064,0,1,0.39,-0.301,1.611224959354839,1.0,0.3548387096774194,0.25806451612903225,0.0
2004,8,MH-SOL,17.6599,75.9064,0,1,0.54,-0.133,1.2484562670967745,6.0,0.1935483870967742,0.6774193548387096,0.0
2004,9,MH-SOL,17.6599,75.9064,0,1,0.58,-0.106,1.438454236,2.0,0.5333333333333333,0.2,0.0
2005,6,MH-SOL,17.6599,75.9064,0,1,0.09,-0.176,0.7345759723333334,2.0,0.0,0.6666666666666666,0.0
2005,7,MH-SOL,17.6599,75.9064,0,1,-0.04,-0.384,1.029081502903226,2.0,0.6451612903225806,0.25806451612903225,0.0
2005,8,MH-SOL,17.6599,75.9064,0,1,-0.14,-0.345,0.939736100967742,1.0,0.06451612903225806,0.1935483870967742,0.0
2005,9,MH-SOL,17.6599,75.9064,0,1,-0.11,-0.534,1.522602815,8.0,0.5,0.13333333333333333,0.0
2007,6,MH-SOL,17.6599,75.9064,0,1,-0.41,0.031,1.3529915246666666,2.0,0.9,0.03333333333333333,0.0
2007,7,MH-SOL,17.6599,75.9064,0,1,-0.49,0.045,1.3795319935483872,1.0,0.2903225806451613,0.5806451612903226,0.0
2007,8,MH-SOL,17.6599,75.9064,0,1,-0.77,0.237,0.8762567774193548,2.0,0.3548387096774194,0.45161290322580644,0.0
2007,9,MH-SOL,17.6599,75.9064,0,1,-1.05,0.235,1.1761283893333332,5.0,0.8333333333333334,0.0,0.0
2008,6,MH-SOL,17.6599,75.9064,0,1,-0.56,0.215,0.953116955,3.0,0.0,0.8666666666666667,0.0
2008,7,MH-SOL,17.6599,75.9064,0,1,-0.33,0.246,1.2312710548387096,1.0,0.22580645161290322,0.7419354838709677,0.0
2008,8,MH-SOL,17.6599,75.9064,0,1,-0.2,0.124,1.211697393548387,2.0,0.3225806451612903,0.41935483870967744,0.0
2008,9,MH-SOL,17.6599,75.9064,0,1,-0.25,0.086,1.446583400333333,5.0,0.6,0.13333333333333333,0.0
2009,6,MH-SOL,17.6599,75.9064,0,1,0.34,0.1,1.4584701413333332,8.0,0.0,0.5333333333333333,0.0
2009,7,MH-SOL,17.6599,75.9064,0,1,0.5,-0.192,0.6150665787096774,5.0,0.0,1.0,0.0
2009,8,MH-SOL,17.6599,75.9064,0,1,0.56,-0.104,1.12875141,1.0,0.3870967741935484,0.6129032258064516,0.0
2009,9,MH-SOL,17.6599,75.9064,0,1,0.66,-0.103,1.6812911126666668,4.0,0.4,0.4,0.0
2010,6,MH-SOL,17.6599,75.9064,0,1,-0.66,-0.14,1.285590429,2.0,0.3333333333333333,0.23333333333333334,0.0
2010,7,MH-SOL,17.6599,75.9064,0,1,-0.98,-0.001,1.663601914516129,1.0,0.5806451612903226,0.22580645161290322,0.0
2010,8,MH-SOL,17.6599,75.9064,0,1,-1.24,-0.061,0.747917844516129,1.0,0.7419354838709677,0.22580645161290322,0.0
2010,9,MH-SOL,17.6599,75.9064,0,1,-1.43,-0.267,0.8091414173333332,1.0,0.36666666666666664,0.2,0.0
2011,6,MH-SOL,17.6599,75.9064,0,1,-0.34,0.055,0.6791252076666666,2.0,0.0,0.7333333333333333,0.0
2011,7,MH-SOL,17.6599,75.9064,0,1,-0.37,0.223,1.0109919648387098,1.0,0.3548387096774194,0.2903225806451613,0.03225806451612903
2011,8,MH-SOL,17.6599,75.9064,0,1,-0.5,0.344,1.011544473516129,2.0,0.5483870967741935,0.3548387096774194,0.0
2011,9,MH-SOL,17.6599,75.9064,0,1,-0.76,0.202,0.9066917783333334,3.0,0.1,0.7,0.0
2014,6,MH-SOL,17.6599,75.9064,0,1,0.22,-0.028,1.108679051,4.0,0.0,0.8333333333333334,0.0
2014,7,MH-SOL,17.6599,75.9064,0,1,0.07,-0.363,1.1528067432258065,6.0,0.22580645161290322,0.41935483870967744,0.0
2014,8,MH-SOL,17.6599,75.9064,0,1,0.07,-0.372,1.2150309538709676,2.0,0.3225806451612903,0.41935483870967744,0.0
2014,9,MH-SOL,17.6599,75.9064,0,1,0.24,-0.145,0.649377995,4.0,0.16666666666666666,0.43333333333333335,0.0
2015,6,MH-SOL,17.6599,75.9064,0,1,1.19,0.296,1.992920383333333,4.0,0.0,0.7666666666666667,0.0
2015,7,MH-SOL,17.6599,75.9064,0,1,1.44,0.225,1.837990334516129,7.0,0.0,1.0,0.0
2015,8,MH-SOL,17.6599,75.9064,0,1,1.73,0.568,0.8428048241935484,8.0,0.0,0.45161290322580644,0.0
2015,9,MH-SOL,17.6599,75.9064,0,1,2.02,0.294,0.62977513528,1.0,0.3,0.43333333333333335,0.0
2016,6,MH-SOL,17.6599,75.9064,0,1,0.09,-0.443,1.5598082686666668,4.0,0.4,0.4666666666666667,0.0
2016,7,MH-SOL,17.6599,75.9064,0,1,-0.19,-0.757,1.0086871877419354,2.0,0.2903225806451613,0.25806451612903225,0.03225806451612903
2016,8,MH-SOL,17.6599,75.9064,0,1,-0.34,-0.443,1.3634238690322582,6.0,0.1935483870967742,0.7741935483870968,0.0
2016,9,MH-SOL,17.6599,75.9064,0,1,-0.42,-0.437,0.9987363606666668,5.0,0.5333333333333333,0.43333333333333335,0.0
2017,6,MH-SOL,17.6599,75.9064,0,1,0.32,0.424,1.010765505,1.0,0.43333333333333335,0.3,0.0
2017,7,MH-SOL,17.6599,75.9064,0,1,0.14,0.52,1.0194311058064516,3.0,0.0,0.8709677419354839,0.0
2017,8,MH-SOL,17.6599,75.9064,0,1,-0.07,0.349,0.560064344016129,2.0,0.3870967741935484,0.5806451612903226,0.0
2017,9,MH-SOL,17.6599,75.9064,0,1,-0.23,0.035,0.5864452456666667,4.0,0.5,0.16666666666666666,0.0
2018,6,MH-SOL,17.6599,75.9064,0,1,0.13,0.155,1.099695321,1.0,0.4666666666666667,0.23333333333333334,0.0
2018,7,MH-SOL,17.6599,75.9064,0,1,0.2,0.053,1.4670566325806451,6.0,0.0967741935483871,0.3870967741935484,0.0
2018,8,MH-SOL,17.6599,75.9064,0,1,0.3,0.121,1.1604823280645162,6.0,0.25806451612903225,0.4838709677419355,0.0
2018,9,MH-SOL,17.6599,75.9064,0,1,0.52,0.604,1.0746740603333331,8.0,0.0,0.5333333333333333,0.0
2020,6,MH-SOL,17.6599,75.9064,0,1,-0.18,0.455,1.3547168013333333,1.0,0.13333333333333333,0.2,0.0
2020,7,MH-SOL,17.6599,75.9064,0,1,-0.29,0.319,1.5012130690322585,2.0,0.6451612903225806,0.12903225806451613,0.0
2020,8,MH-SOL,17.6599,75.9064,0,1,-0.43,-0.183,1.5708076487096774,8.0,0.3225806451612903,0.22580645161290322,0.0
2020,9,MH-SOL,17.6599,75.9064,0,1,-0.77,-0.189,1.1078213236666663,4.0,0.23333333333333334,0.3,0.0
2021,6,MH-SOL,17.6599,75.9064,0,1,-0.31,-0.002,1.2543668813333333,1.0,0.1,0.3,0.0
2021,7,MH-SOL,17.6599,75.9064,0,1,-0.35,-0.229,1.2697446645161292,2.0,0.5483870967741935,0.16129032258064516,0.0
2021,8,MH-SOL,17.6599,75.9064,0,1,-0.46,-0.099,1.3328496390322582,2.0,0.03225806451612903,0.7096774193548387,0.0
2021,9,MH-SOL,17.6599,75.9064,0,1,-0.64,-0.058,1.16716908,3.0,0.6333333333333333,0.2,0.0
2022,6,MH-SOL,17.6599,75.9064,0,1,-0.73,-0.335,1.7460144566666669,1.0,0.23333333333333334,0.4666666666666667,0.0
2022,7,MH-SOL,17.6599,75.9064,0,1,-0.7,-0.195,0.9906527754838708,4.0,0.3870967741935484,0.22580645161290322,0.0
2022,8,MH-SOL,17.6599,75.9064,0,1,-0.78,-0.246,0.962351660967742,2.0,0.3870967741935484,0.4838709677419355,0.0
2022,9,MH-SOL,17.6599,75.9064,0,1,-0.87,-0.322,0.45954351401,4.0,0.4,0.3333333333333333,0.0
2023,6,MH-SOL,17.6599,75.9064,0,1,0.73,0.665,1.1452140906,2.0,0.0,0.8,0.0
2023,7,MH-SOL,17.6599,75.9064,0,1,1.0,0.498,0.7976125261290323,6.0,0.6451612903225806,0.16129032258064516,0.0
2023,8,MH-SOL,17.6599,75.9064,0,1,1.25,0.826,0.9138732870967742,8.0,0.03225806451612903,0.9032258064516129,0.0
2023,9,MH-SOL,17.6599,75.9064,0,1,1.5,0.946,0.8482362092433333,4.0,0.13333333333333333,0.4666666666666667,0.0
1990,6,KA-BLR,13.2846,77.6947,1,0,0.25,-0.568,0.7040596286666666,6.0,0.0,0.7666666666666667,0.0
1990,7,KA-BLR,13.2846,77.6947,1,0,0.26,-0.246,0.7642434731967742,1.0,0.0,1.0,0.0
1990,8,KA-BLR,13.2846,77.6947,1,0,0.32,-0.391,0.8801470647322581,6.0,0.22580645161290322,0.6451612903225806,0.0
1990,9,KA-BLR,13.2846,77.6947,1,0,0.31,-0.183,0.775732242,3.0,0.23333333333333334,0.4666666666666667,0.0
1991,6,KA-BLR,13.2846,77.6947,1,0,0.63,0.263,1.4334286633333333,5.0,0.5333333333333333,0.1,0.0
1991,7,KA-BLR,13.2846,77.6947,1,0,0.77,0.269,0.6487244419290323,6.0,0.0,0.7419354838709677,0.0
1991,8,KA-BLR,13.2846,77.6947,1,0,0.67,0.058,1.2953001661290322,5.0,0.22580645161290322,0.41935483870967744,0.0
1991,9,KA-BLR,13.2846,77.6947,1,0,0.72,0.099,1.3728957676666669,8.0,0.23333333333333334,0.43333333333333335,0.0
1992,6,KA-BLR,13.2846,77.6947,1,0,0.72,-0.861,1.0309609286666666,3.0,0.5666666666666667,0.2,0.0
1992,7,KA-BLR,13.2846,77.6947,1,0,0.35,-0.479,1.032042581935484,3.0,0.22580645161290322,0.7096774193548387,0.0
1992,8,KA-BLR,13.2846,77.6947,1,0,0.08,-0.768,0.7930089680645162,5.0,0.22580645161290322,0.7419354838709677,0.0
1992,9,KA-BLR,13.2846,77.6947,1,0,-0.15,-0.833,1.1277177353333334,2.0,0.2,0.6666666666666666,0.0
1993,6,KA-BLR,13.2846,77.6947,1,0,0.56,-0.108,1.5129156700000002,8.0,0.3,0.5,0.0
1993,7,KA-BLR,13.2846,77.6947,1,0,0.28,-0.152,0.8503892948387097,5.0,0.12903225806451613,0.5806451612903226,0.0
1993,8,KA-BLR,13.2846,77.6947,1,0,0.22,-0.306,0.9336245306,1.0,0.12903225806451613,0.6129032258064516,0.0
1993,9,KA-BLR,13.2846,77.6947,1,0,0.2,-0.17,0.4647173026666666,2.0,0.5666666666666667,0.3,0.03333333333333333
1995,6,KA-BLR,13.2846,77.6947,1,0,-0.11,-0.078,0.8386585686666667,2.0,0.0,0.6333333333333333,0.0
1995,7,KA-BLR,13.2846,77.6947,1,0,-0.3,-0.169,1.3968855583870967,2.0,0.22580645161290322,0.7419354838709677,0.0
1995,8,KA-BLR,13.2846,77.6947,1,0,-0.55,-0.144,1.3320209096774194,2.0,0.5161290322580645,0.0967741935483871,0.0
1995,9,KA-BLR,13.2846,77.6947,1,0,-0.81,-0.18,1.0134717556666666,5.0,0.23333333333333334,0.5666666666666667,0.0
1996,6,KA-BLR,13.2846,77.6947,1,0,-0.24,-0.395,1.5769545686666668,3.0,0.5333333333333333,0.3,0.0
1996,7,KA-BLR,13.2846,77.6947,1,0,-0.22,-0.644,1.590457191935484,6.0,0.0,0.5483870967741935,0.0
1996,8,KA-BLR,13.2846,77.6947,1,0,-0.27,-0.681,1.0089208741935485,3.0,0.45161290322580644,0.41935483870967744,0.0
1996,9,KA-BLR,13.2846,77.6947,1,0,-0.3,-0.712,1.0609203293333334,5.0,0.5,0.3333333333333333,0.0
1998,6,KA-BLR,13.2846,77.6947,1,0,-0.08,0.147,0.921335034,3.0,0.0,1.0,0.0
1998,7,KA-BLR,13.2846,77.6947,1,0,-0.63,-0.385,0.75393639,2.0,0.41935483870967744,0.3548387096774194,0.0
1998,8,KA-BLR,13.2846,77.6947,1,0,-0.83,-0.58,1.00514719,2.0,0.7741935483870968,0.0967741935483871,0.03225806451612903
1998,9,KA-BLR,13.2846,77.6947,1,0,-1.02,-0.496,1.4218518516666667,8.0,0.3333333333333333,0.3,0.0
2002,6,KA-BLR,13.2846,77.6947,1,0,0.45,-0.189,1.8803833166666664,2.0,0.03333333333333333,0.7666666666666667,0.0
2002,7,KA-BLR,13.2846,77.6947,1,0,0.57,-0.261,1.7221574980645162,8.0,0.0,1.0,0.0
2002,8,KA-BLR,13.2846,77.6947,1,0,0.63,-0.208,1.420236031935484,8.0,0.0,1.0,0.0
2002,9,KA-BLR,13.2846,77.6947,1,0,0.78,0.286,0.7018471730000001,2.0,0.06666666666666667,0.7666666666666667,0.0
2003,6,KA-BLR,13.2846,77.6947,1,0,-0.13,0.139,1.65106069,1.0,0.0,0.7,0.0
2003,7,KA-BLR,13.2846,77.6947,1,0,0.09,0.131,0.992855799032258,2.0,0.1935483870967742,0.5806451612903226,0.0
2003,8,KA-BLR,13.2846,77.6947,1,0,0.14,0.108,0.6039936987096773,6.0,0.4838709677419355,0.2903225806451613,0.0
2003,9,KA-BLR,13.2846,77.6947,1,0,0.23,-0.06,0.7902776976666667,4.0,0.03333333333333333,0.7,0.0
2004,6,KA-BLR,13.2846,77.6947,1,0,0.22,-0.384,1.0188708323333333,7.0,0.1,0.7666666666666667,0.0
2004,7,KA-BLR,13.2846,77.6947,1,0,0.39,-0.301,1.611224959354839,1.0,0.3548387096774194,0.3870967741935484,0.0
2004,8,KA-BLR,13.2846,77.6947,1,0,0.54,-0.133,1.2484562670967745,6.0,0.0,0.6129032258064516,0.0
2004,9,KA-BLR,13.2846,77.6947,1,0,0.58,-0.106,1.438454236,2.0,0.36666666666666664,0.3333333333333333,0.0
2005,6,KA-BLR,13.2846,77.6947,1,0,0.09,-0.176,0.7345759723333334,2.0,0.1,0.1,0.0
2005,7,KA-BLR,13.2846,77.6947,1,0,-0.04,-0.384,1.029081502903226,2.0,0.3548387096774194,0.5483870967741935,0.0
2005,8,KA-BLR,13.2846,77.6947,1,0,-0.14,-0.345,0.939736100967742,1.0,0.5483870967741935,0.3225806451612903,0.0
2005,9,KA-BLR,13.2846,77.6947,1,0,-0.11,-0.534,1.522602815,8.0,0.36666666666666664,0.43333333333333335,0.0
2007,6,KA-BLR,13.2846,77.6947,1,0,-0.41,0.031,1.3529915246666666,2.0,0.0,0.43333333333333335,0.0
2007,7,KA-BLR,13.2846,77.6947,1,0,-0.49,0.045,1.3795319935483872,1.0,0.3225806451612903,0.45161290322580644,0.0
2007,8,KA-BLR,13.2846,77.6947,1,0,-0.77,0.237,0.8762567774193548,2.0,0.45161290322580644,0.45161290322580644,0.0
2007,9,KA-BLR,13.2846,77.6947,1,0,-1.05,0.235,1.1761283893333332,5.0,0.6333333333333333,0.26666666666666666,0.0
2008,6,KA-BLR,13.2846,77.6947,1,0,-0.56,0.215,0.953116955,3.0,0.1,0.7,0.0
2008,7,KA-BLR,13.2846,77.6947,1,0,-0.33,0.246,1.2312710548387096,1.0,0.5161290322580645,0.4838709677419355,0.0
2008,8,KA-BLR,13.2846,77.6947,1,0,-0.2,0.124,1.211697393548387,2.0,0.45161290322580644,0.1935483870967742,0.0
2008,9,KA-BLR,13.2846,77.6947,1,0,-0.25,0.086,1.446583400333333,5.0,0.43333333333333335,0.5,0.0
2009,6,KA-BLR,13.2846,77.6947,1,0,0.34,0.1,1.4584701413333332,8.0,0.3333333333333333,0.5333333333333333,0.0
2009,7,KA-BLR,13.2846,77.6947,1,0,0.5,-0.192,0.6150665787096774,5.0,0.0,0.967741935483871,0.0
2009,8,KA-BLR,13.2846,77.6947,1,0,0.56,-0.104,1.12875141,1.0,0.22580645161290322,0.3870967741935484,0.0
2009,9,KA-BLR,13.2846,77.6947,1,0,0.66,-0.103,1.6812911126666668,4.0,0.6,0.36666666666666664,0.0
2010,6,KA-BLR,13.2846,77.6947,1,0,-0.66,-0.14,1.285590429,2.0,0.7,0.03333333333333333,0.0
2010,7,KA-BLR,13.2846,77.6947,1,0,-0.98,-0.001,1.663601914516129,1.0,0.8064516129032258,0.0,0.0
2010,8,KA-BLR,13.2846,77.6947,1,0,-1.24,-0.061,0.747917844516129,1.0,0.9032258064516129,0.0,0.0
2010,9,KA-BLR,13.2846,77.6947,1,0,-1.43,-0.267,0.8091414173333332,1.0,0.6,0.2,0.0
2011,6,KA-BLR,13.2846,77.6947,1,0,-0.34,0.055,0.6791252076666666,2.0,0.2,0.4,0.0
2011,7,KA-BLR,13.2846,77.6947,1,0,-0.37,0.223,1.0109919648387098,1.0,0.25806451612903225,0.1935483870967742,0.0
2011,8,KA-BLR,13.2846,77.6947,1,0,-0.5,0.344,1.011544473516129,2.0,0.7096774193548387,0.0967741935483871,0.0
2011,9,KA-BLR,13.2846,77.6947,1,0,-0.76,0.202,0.9066917783333334,3.0,0.43333333333333335,0.5,0.0
2014,6,KA-BLR,13.2846,77.6947,1,0,0.22,-0.028,1.108679051,4.0,0.23333333333333334,0.6666666666666666,0.0
2014,7,KA-BLR,13.2846,77.6947,1,0,0.07,-0.363,1.1528067432258065,6.0,0.0,0.7096774193548387,0.0
2014,8,KA-BLR,13.2846,77.6947,1,0,0.07,-0.372,1.2150309538709676,2.0,0.22580645161290322,0.7096774193548387,0.0
2014,9,KA-BLR,13.2846,77.6947,1,0,0.24,-0.145,0.649377995,4.0,0.06666666666666667,0.5,0.0
2015,6,KA-BLR,13.2846,77.6947,1,0,1.19,0.296,1.992920383333333,4.0,0.0,0.6,0.0
2015,7,KA-BLR,13.2846,77.6947,1,0,1.44,0.225,1.837990334516129,7.0,0.1935483870967742,0.6774193548387096,0.0
2015,8,KA-BLR,13.2846,77.6947,1,0,1.73,0.568,0.8428048241935484,8.0,0.2903225806451613,0.22580645161290322,0.0
2015,9,KA-BLR,13.2846,77.6947,1,0,2.02,0.294,0.62977513528,1.0,0.4,0.4666666666666667,0.03333333333333333
2016,6,KA-BLR,13.2846,77.6947,1,0,0.09,-0.443,1.5598082686666668,4.0,0.36666666666666664,0.4666666666666667,0.0
2016,7,KA-BLR,13.2846,77.6947,1,0,-0.19,-0.757,1.0086871877419354,2.0,0.2903225806451613,0.5161290322580645,0.0
2016,8,KA-BLR,13.2846,77.6947,1,0,-0.34,-0.443,1.3634238690322582,6.0,0.12903225806451613,0.8064516129032258,0.0
2016,9,KA-BLR,13.2846,77.6947,1,0,-0.42,-0.437,0.9987363606666668,5.0,0.0,1.0,0.0
2017,6,KA-BLR,13.2846,77.6947,1,0,0.32,0.424,1.010765505,1.0,0.1,0.6666666666666666,0.0
2017,7,KA-BLR,13.2846,77.6947,1,0,0.14,0.52,1.0194311058064516,3.0,0.0,1.0,0.0
2017,8,KA-BLR,13.2846,77.6947,1,0,-0.07,0.349,0.560064344016129,2.0,0.22580645161290322,0.3548387096774194,0.0
2017,9,KA-BLR,13.2846,77.6947,1,0,-0.23,0.035,0.5864452456666667,4.0,0.7,0.1,0.0
2018,6,KA-BLR,13.2846,77.6947,1,0,0.13,0.155,1.099695321,1.0,0.2,0.7666666666666667,0.0
2018,7,KA-BLR,13.2846,77.6947,1,0,0.2,0.053,1.4670566325806451,6.0,0.0,0.7741935483870968,0.0
2018,8,KA-BLR,13.2846,77.6947,1,0,0.3,0.121,1.1604823280645162,6.0,0.0,1.0,0.0
2018,9,KA-BLR,13.2846,77.6947,1,0,0.52,0.604,1.0746740603333331,8.0,0.43333333333333335,0.4666666666666667,0.0
2020,6,KA-BLR,13.2846,77.6947,1,0,-0.18,0.455,1.3547168013333333,1.0,0.26666666666666666,0.43333333333333335,0.0
2020,7,KA-BLR,13.2846,77.6947,1,0,-0.29,0.319,1.5012130690322585,2.0,0.8709677419354839,0.0,0.0
2020,8,KA-BLR,13.2846,77.6947,1,0,-0.43,-0.183,1.5708076487096774,8.0,0.16129032258064516,0.45161290322580644,0.0
2020,9,KA-BLR,13.2846,77.6947,1,0,-0.77,-0.189,1.1078213236666663,4.0,0.5,0.2,0.0
2021,6,KA-BLR,13.2846,77.6947,1,0,-0.31,-0.002,1.2543668813333333,1.0,0.3333333333333333,0.6,0.0
2021,7,KA-BLR,13.2846,77.6947,1,0,-0.35,-0.229,1.2697446645161292,2.0,0.5806451612903226,0.1935483870967742,0.0
2021,8,KA-BLR,13.2846,77.6947,1,0,-0.46,-0.099,1.3328496390322582,2.0,0.25806451612903225,0.45161290322580644,0.0
2021,9,KA-BLR,13.2846,77.6947,1,0,-0.64,-0.058,1.16716908,3.0,0.16666666666666666,0.5333333333333333,0.0
2022,6,KA-BLR,13.2846,77.6947,1,0,-0.73,-0.335,1.7460144566666669,1.0,0.5333333333333333,0.23333333333333334,0.0
2022,7,KA-BLR,13.2846,77.6947,1,0,-0.7,-0.195,0.9906527754838708,4.0,0.16129032258064516,0.1935483870967742,0.0
2022,8,KA-BLR,13.2846,77.6947,1,0,-0.78,-0.246,0.962351660967742,2.0,0.5483870967741935,0.45161290322580644,0.03225806451612903
2022,9,KA-BLR,13.2846,77.6947,1,0,-0.87,-0.322,0.45954351401,4.0,0.43333333333333335,0.5333333333333333,0.0
2023,6,KA-BLR,13.2846,77.6947,1,0,0.73,0.665,1.1452140906,2.0,0.2,0.5666666666666667,0.0
2023,7,KA-BLR,13.2846,77.6947,1,0,1.0,0.498,0.7976125261290323,6.0,0.12903225806451613,0.0967741935483871,0.0
2023,8,KA-BLR,13.2846,77.6947,1,0,1.25,0.826,0.9138732870967742,8.0,0.0,0.967741935483871,0.0
2023,9,KA-BLR,13.2846,77.6947,1,0,1.5,0.946,0.8482362092433333,4.0,0.5333333333333333,0.2,0.0
1990,6,KA-MYS,12.2958,76.6394,1,0,0.25,-0.568,0.7040596286666666,6.0,0.0,0.8666666666666667,0.0
1990,7,KA-MYS,12.2958,76.6394,1,0,0.26,-0.246,0.7642434731967742,1.0,0.0,0.8387096774193549,0.0
1990,8,KA-MYS,12.2958,76.6394,1,0,0.32,-0.391,0.8801470647322581,6.0,0.0,0.8709677419354839,0.0
1990,9,KA-MYS,12.2958,76.6394,1,0,0.31,-0.183,0.775732242,3.0,0.0,0.7666666666666667,0.0
1991,6,KA-MYS,12.2958,76.6394,1,0,0.63,0.263,1.4334286633333333,5.0,0.3333333333333333,0.4666666666666667,0.03333333333333333
1991,7,KA-MYS,12.2958,76.6394,1,0,0.77,0.269,0.6487244419290323,6.0,0.0,0.9354838709677419,0.0
1991,8,KA-MYS,12.2958,76.6394,1,0,0.67,0.058,1.2953001661290322,5.0,0.25806451612903225,0.4838709677419355,0.0
1991,9,KA-MYS,12.2958,76.6394,1,0,0.72,0.099,1.3728957676666669,8.0,0.3,0.43333333333333335,0.03333333333333333
1992,6,KA-MYS,12.2958,76.6394,1,0,0.72,-0.861,1.0309609286666666,3.0,0.7,0.1,0.0
1992,7,KA-MYS,12.2958,76.6394,1,0,0.35,-0.479,1.032042581935484,3.0,0.1935483870967742,0.3870967741935484,0.0
1992,8,KA-MYS,12.2958,76.6394,1,0,0.08,-0.768,0.7930089680645162,5.0,0.0,0.8709677419354839,0.0
1992,9,KA-MYS,12.2958,76.6394,1,0,-0.15,-0.833,1.1277177353333334,2.0,0.4666666666666667,0.36666666666666664,0.0
1993,6,KA-MYS,12.2958,76.6394,1,0,0.56,-0.108,1.5129156700000002,8.0,0.5333333333333333,0.43333333333333335,0.0
1993,7,KA-MYS,12.2958,76.6394,1,0,0.28,-0.152,0.8503892948387097,5.0,0.0,0.967741935483871,0.0
1993,8,KA-MYS,12.2958,76.6394,1,0,0.22,-0.306,0.9336245306,1.0,0.16129032258064516,0.45161290322580644,0.0
1993,9,KA-MYS,12.2958,76.6394,1,0,0.2,-0.17,0.4647173026666666,2.0,0.4,0.4,0.0
1995,6,KA-MYS,12.2958,76.6394,1,0,-0.11,-0.078,0.8386585686666667,2.0,0.0,0.5666666666666667,0.0
1995,7,KA-MYS,12.2958,76.6394,1,0,-0.3,-0.169,1.3968855583870967,2.0,0.06451612903225806,0.6129032258064516,0.0
1995,8,KA-MYS,12.2958,76.6394,1,0,-0.55,-0.144,1.3320209096774194,2.0,0.5483870967741935,0.0967741935483871,0.0
1995,9,KA-MYS,12.2958,76.6394,1,0,-0.81,-0.18,1.0134717556666666,5.0,0.23333333333333334,0.6,0.03333333333333333
1996,6,KA-MYS,12.2958,76.6394,1,0,-0.24,-0.395,1.5769545686666668,3.0,0.3,0.3333333333333333,0.0
1996,7,KA-MYS,12.2958,76.6394,1,0,-0.22,-0.644,1.590457191935484,6.0,0.0,1.0,0.0
1996,8,KA-MYS,12.2958,76.6394,1,0,-0.27,-0.681,1.0089208741935485,3.0,0.3870967741935484,0.5161290322580645,0.0
1996,9,KA-MYS,12.2958,76.6394,1,0,-0.3,-0.712,1.0609203293333334,5.0,0.5,0.26666666666666666,0.0
1998,6,KA-MYS,12.2958,76.6394,1,0,-0.08,0.147,0.921335034,3.0,0.0,0.9666666666666667,0.0
1998,7,KA-MYS,12.2958,76.6394,1,0,-0.63,-0.385,0.75393639,2.0,0.22580645161290322,0.45161290322580644,0.0
1998,8,KA-MYS,12.2958,76.6394,1,0,-0.83,-0.58,1.00514719,2.0,0.2903225806451613,0.16129032258064516,0.0
1998,9,KA-MYS,12.2958,76.6394,1,0,-1.02,-0.496,1.4218518516666667,8.0,0.4666666666666667,0.5333333333333333,0.03333333333333333
2002,6,KA-MYS,12.2958,76.6394,1,0,0.45,-0.189,1.8803833166666664,2.0,0.26666666666666666,0.4666666666666667,0.0
2002,7,KA-MYS,12.2958,76.6394,1,0,0.57,-0.261,1.7221574980645162,8.0,0.0,1.0,0.0
2002,8,KA-MYS,12.2958,76.6394,1,0,0.63,-0.208,1.420236031935484,8.0,0.0,0.6774193548387096,0.0
2002,9,KA-MYS,12.2958,76.6394,1,0,0.78,0.286,0.7018471730000001,2.0,0.0,0.8666666666666667,0.0
2003,6,KA-MYS,12.2958,76.6394,1,0,-0.13,0.139,1.65106069,1.0,0.0,0.6333333333333333,0.0
2003,7,KA-MYS,12.2958,76.6394,1,0,0.09,0.131,0.992855799032258,2.0,0.0,0.7741935483870968,0.0
2003,8,KA-MYS,12.2958,76.6394,1,0,0.14,0.108,0.6039936987096773,6.0,0.0,0.5806451612903226,0.0
2003,9,KA-MYS,12.2958,76.6394,1,0,0.23,-0.06,0.7902776976666667,4.0,0.0,0.9666666666666667,0.0
2004,6,KA-MYS,12.2958,76.6394,1,0,0.22,-0.384,1.0188708323333333,7.0,0.1,0.8333333333333334,0.0
2004,7,KA-MYS,12.2958,76.6394,1,0,0.39,-0.301,1.611224959354839,1.0,0.45161290322580644,0.45161290322580644,0.0
2004,8,KA-MYS,12.2958,76.6394,1,0,0.54,-0.133,1.2484562670967745,6.0,0.0,1.0,0.0
2004,9,KA-MYS,12.2958,76.6394,1,0,0.58,-0.106,1.438454236,2.0,0.3,0.2,0.0
2005,6,KA-MYS,12.2958,76.6394,1,0,0.09,-0.176,0.7345759723333334,2.0,0.23333333333333334,0.13333333333333333,0.0
2005,7,KA-MYS,12.2958,76.6394,1,0,-0.04,-0.384,1.029081502903226,2.0,0.2903225806451613,0.5161290322580645,0.03225806451612903
2005,8,KA-MYS,12.2958,76.6394,1,0,-0.14,-0.345,0.939736100967742,1.0,0.16129032258064516,0.8064516129032258,0.0
2005,9,KA-MYS,12.2958,76.6394,1,0,-0.11,-0.534,1.522602815,8.0,0.3,0.6333333333333333,0.0
2007,6,KA-MYS,12.2958,76.6394,1,0,-0.41,0.031,1.3529915246666666,2.0,0.0,0.7333333333333333,0.0
2007,7,KA-MYS,12.2958,76.6394,1,0,-0.49,0.045,1.3795319935483872,1.0,0.0,0.7741935483870968,0.0
2007,8,KA-MYS,12.2958,76.6394,1,0,-0.77,0.237,0.8762567774193548,2.0,0.1935483870967742,0.5161290322580645,0.0
2007,9,KA-MYS,12.2958,76.6394,1,0,-1.05,0.235,1.1761283893333332,5.0,0.36666666666666664,0.4,0.0
2008,6,KA-MYS,12.2958,76.6394,1,0,-0.56,0.215,0.953116955,3.0,0.0,0.8,0.0
2008,7,KA-MYS,12.2958,76.6394,1,0,-0.33,0.246,1.2312710548387096,1.0,0.22580645161290322,0.6774193548387096,0.0
2008,8,KA-MYS,12.2958,76.6394,1,0,-0.2,0.124,1.211697393548387,2.0,0.12903225806451613,0.5161290322580645,0.0
2008,9,KA-MYS,12.2958,76.6394,1,0,-0.25,0.086,1.446583400333333,5.0,0.3,0.6666666666666666,0.0
2009,6,KA-MYS,12.2958,76.6394,1,0,0.34,0.1,1.4584701413333332,8.0,0.0,0.6666666666666666,0.0
2009,7,KA-MYS,12.2958,76.6394,1,0,0.5,-0.192,0.6150665787096774,5.0,0.1935483870967742,0.5161290322580645,0.0
2009,8,KA-MYS,12.2958,76.6394,1,0,0.56,-0.104,1.12875141,1.0,0.22580645161290322,0.6451612903225806,0.0
2009,9,KA-MYS,12.2958,76.6394,1,0,0.66,-0.103,1.6812911126666668,4.0,0.36666666666666664,0.2,0.0
2010,6,KA-MYS,12.2958,76.6394,1,0,-0.66,-0.14,1.285590429,2.0,0.23333333333333334,0.6333333333333333,0.0
2010,7,KA-MYS,12.2958,76.6394,1,0,-0.98,-0.001,1.663601914516129,1.0,0.22580645161290322,0.5806451612903226,0.0
2010,8,KA-MYS,12.2958,76.6394,1,0,-1.24,-0.061,0.747917844516129,1.0,0.3225806451612903,0.41935483870967744,0.0
2010,9,KA-MYS,12.2958,76.6394,1,0,-1.43,-0.267,0.8091414173333332,1.0,0.06666666666666667,0.4666666666666667,0.0
2011,6,KA-MYS,12.2958,76.6394,1,0,-0.34,0.055,0.6791252076666666,2.0,0.0,0.7333333333333333,0.0
2011,7,KA-MYS,12.2958,76.6394,1,0,-0.37,0.223,1.0109919648387098,1.0,0.0,0.7419354838709677,0.0
2011,8,KA-MYS,12.2958,76.6394,1,0,-0.5,0.344,1.011544473516129,2.0,0.22580645161290322,0.41935483870967744,0.0
2011,9,KA-MYS,12.2958,76.6394,1,0,-0.76,0.202,0.9066917783333334,3.0,0.0,0.6666666666666666,0.0
2014,6,KA-MYS,12.2958,76.6394,1,0,0.22,-0.028,1.108679051,4.0,0.23333333333333334,0.5666666666666667,0.0
2014,7,KA-MYS,12.2958,76.6394,1,0,0.07,-0.363,1.1528067432258065,6.0,0.22580645161290322,0.6774193548387096,0.0
2014,8,KA-MYS,12.2958,76.6394,1,0,0.07,-0.372,1.2150309538709676,2.0,0.45161290322580644,0.5161290322580645,0.03225806451612903
2014,9,KA-MYS,12.2958,76.6394,1,0,0.24,-0.145,0.649377995,4.0,0.23333333333333334,0.36666666666666664,0.0
2015,6,KA-MYS,12.2958,76.6394,1,0,1.19,0.296,1.992920383333333,4.0,0.26666666666666666,0.3,0.0
2015,7,KA-MYS,12.2958,76.6394,1,0,1.44,0.225,1.837990334516129,7.0,0.0,1.0,0.0
2015,8,KA-MYS,12.2958,76.6394,1,0,1.73,0.568,0.8428048241935484,8.0,0.45161290322580644,0.2903225806451613,0.0
2015,9,KA-MYS,12.2958,76.6394,1,0,2.02,0.294,0.62977513528,1.0,0.2,0.5666666666666667,0.0
2016,6,KA-MYS,12.2958,76.6394,1,0,0.09,-0.443,1.5598082686666668,4.0,0.2,0.7333333333333333,0.0
2016,7,KA-MYS,12.2958,76.6394,1,0,-0.19,-0.757,1.0086871877419354,2.0,0.0967741935483871,0.7419354838709677,0.0
2016,8,KA-MYS,12.2958,76.6394,1,0,-0.34,-0.443,1.3634238690322582,6.0,0.12903225806451613,0.8064516129032258,0.0
2016,9,KA-MYS,12.2958,76.6394,1,0,-0.42,-0.437,0.9987363606666668,5.0,0.0,0.9333333333333333,0.0
2017,6,KA-MYS,12.2958,76.6394,1,0,0.32,0.424,1.010765505,1.0,0.06666666666666667,0.9,0.0
2017,7,KA-MYS,12.2958,76.6394,1,0,0.14,0.52,1.0194311058064516,3.0,0.0,0.967741935483871,0.0
2017,8,KA-MYS,12.2958,76.6394,1,0,-0.07,0.349,0.560064344016129,2.0,0.6451612903225806,0.03225806451612903,0.03225806451612903
2017,9,KA-MYS,12.2958,76.6394,1,0,-0.23,0.035,0.5864452456666667,4.0,0.5666666666666667,0.26666666666666666,0.06666666666666667
2018,6,KA-MYS,12.2958,76.6394,1,0,0.13,0.155,1.099695321,1.0,0.26666666666666666,0.7,0.0
2018,7,KA-MYS,12.2958,76.6394,1,0,0.2,0.053,1.4670566325806451,6.0,0.0,0.6451612903225806,0.0
2018,8,KA-MYS,12.2958,76.6394,1,0,0.3,0.121,1.1604823280645162,6.0,0.0,0.8064516129032258,0.0
2018,9,KA-MYS,12.2958,76.6394,1,0,0.52,0.604,1.0746740603333331,8.0,0.23333333333333334,0.7333333333333333,0.0
2020,6,KA-MYS,12.2958,76.6394,1,0,-0.18,0.455,1.3547168013333333,1.0,0.13333333333333333,0.6333333333333333,0.0
2020,7,KA-MYS,12.2958,76.6394,1,0,-0.29,0.319,1.5012130690322585,2.0,0.22580645161290322,0.0967741935483871,0.0
2020,8,KA-MYS,12.2958,76.6394,1,0,-0.43,-0.183,1.5708076487096774,8.0,0.03225806451612903,0.5161290322580645,0.0
2020,9,KA-MYS,12.2958,76.6394,1,0,-0.77,-0.189,1.1078213236666663,4.0,0.03333333333333333,0.5333333333333333,0.0
2021,6,KA-MYS,12.2958,76.6394,1,0,-0.31,-0.002,1.2543668813333333,1.0,0.0,0.8333333333333334,0.0
2021,7,KA-MYS,12.2958,76.6394,1,0,-0.35,-0.229,1.2697446645161292,2.0,0.0,0.5161290322580645,0.0
2021,8,KA-MYS,12.2958,76.6394,1,0,-0.46,-0.099,1.3328496390322582,2.0,0.0,0.6774193548387096,0.0
2021,9,KA-MYS,12.2958,76.6394,1,0,-0.64,-0.058,1.16716908,3.0,0.0,1.0,0.0
2022,6,KA-MYS,12.2958,76.6394,1,0,-0.73,-0.335,1.7460144566666669,1.0,0.23333333333333334,0.43333333333333335,0.0
2022,7,KA-MYS,12.2958,76.6394,1,0,-0.7,-0.195,0.9906527754838708,4.0,0.2903225806451613,0.1935483870967742,0.0
2022,8,KA-MYS,12.2958,76.6394,1,0,-0.78,-0.246,0.962351660967742,2.0,0.5806451612903226,0.3225806451612903,0.0
2022,9,KA-MYS,12.2958,76.6394,1,0,-0.87,-0.322,0.45954351401,4.0,0.36666666666666664,0.6,0.0
2023,6,KA-MYS,12.2958,76.6394,1,0,0.73,0.665,1.1452140906,2.0,0.0,0.8666666666666667,0.0
2023,7,KA-MYS,12.2958,76.6394,1,0,1.0,0.498,0.7976125261290323,6.0,0.0,0.8064516129032258,0.0
2023,8,KA-MYS,12.2958,76.6394,1,0,1.25,0.826,0.9138732870967742,8.0,0.22580645161290322,0.7419354838709677,0.0
2023,9,KA-MYS,12.2958,76.6394,1,0,1.5,0.946,0.8482362092433333,4.0,0.23333333333333334,0.4666666666666667,0.0
1990,6,KA-BEL,15.8497,74.4977,1,0,0.25,-0.568,0.7040596286666666,6.0,0.16666666666666666,0.5,0.0
1990,7,KA-BEL,15.8497,74.4977,1,0,0.26,-0.246,0.7642434731967742,1.0,0.7741935483870968,0.0967741935483871,0.03225806451612903
1990,8,KA-BEL,15.8497,74.4977,1,0,0.32,-0.391,0.8801470647322581,6.0,0.45161290322580644,0.41935483870967744,0.0
1990,9,KA-BEL,15.8497,74.4977,1,0,0.31,-0.183,0.775732242,3.0,0.13333333333333333,0.5666666666666667,0.0
1991,6,KA-BEL,15.8497,74.4977,1,0,0.63,0.263,1.4334286633333333,5.0,0.4666666666666667,0.5,0.0
1991,7,KA-BEL,15.8497,74.4977,1,0,0.77,0.269,0.6487244419290323,6.0,0.5161290322580645,0.3870967741935484,0.0
1991,8,KA-BEL,15.8497,74.4977,1,0,0.67,0.058,1.2953001661290322,5.0,0.3225806451612903,0.41935483870967744,0.0
1991,9,KA-BEL,15.8497,74.4977,1,0,0.72,0.099,1.3728957676666669,8.0,0.3,0.6333333333333333,0.0
1992,6,KA-BEL,15.8497,74.4977,1,0,0.72,-0.861,1.0309609286666666,3.0,0.5,0.0,0.0
1992,7,KA-BEL,15.8497,74.4977,1,0,0.35,-0.479,1.032042581935484,3.0,0.3870967741935484,0.5483870967741935,0.0
1992,8,KA-BEL,15.8497,74.4977,1,0,0.08,-0.768,0.7930089680645162,5.0,0.3548387096774194,0.1935483870967742,0.0
1992,9,KA-BEL,15.8497,74.4977,1,0,-0.15,-0.833,1.1277177353333334,2.0,0.06666666666666667,0.9333333333333333,0.03333333333333333
1993,6,KA-BEL,15.8497,74.4977,1,0,0.56,-0.108,1.5129156700000002,8.0,0.3333333333333333,0.4,0.0
1993,7,KA-BEL,15.8497,74.4977,1,0,0.28,-0.152,0.8503892948387097,5.0,0.5483870967741935,0.16129032258064516,0.0
1993,8,KA-BEL,15.8497,74.4977,1,0,0.22,-0.306,0.9336245306,1.0,0.1935483870967742,0.2903225806451613,0.0
1993,9,KA-BEL,15.8497,74.4977,1,0,0.2,-0.17,0.4647173026666666,2.0,0.0,0.8,0.0
1995,6,KA-BEL,15.8497,74.4977,1,0,-0.11,-0.078,0.8386585686666667,2.0,0.0,0.8666666666666667,0.0
1995,7,KA-BEL,15.8497,74.4977,1,0,-0.3,-0.169,1.3968855583870967,2.0,0.6774193548387096,0.16129032258064516,0.03225806451612903
1995,8,KA-BEL,15.8497,74.4977,1,0,-0.55,-0.144,1.3320209096774194,2.0,0.2903225806451613,0.5806451612903226,0.0
1995,9,KA-BEL,15.8497,74.4977,1,0,-0.81,-0.18,1.0134717556666666,5.0,0.3333333333333333,0.5,0.0
1996,6,KA-BEL,15.8497,74.4977,1,0,-0.24,-0.395,1.5769545686666668,3.0,0.4,0.13333333333333333,0.0
1996,7,KA-BEL,15.8497,74.4977,1,0,-0.22,-0.644,1.590457191935484,6.0,0.0,0.41935483870967744,0.0
1996,8,KA-BEL,15.8497,74.4977,1,0,-0.27,-0.681,1.0089208741935485,3.0,0.0,0.9354838709677419,0.0
1996,9,KA-BEL,15.8497,74.4977,1,0,-0.3,-0.712,1.0609203293333334,5.0,0.0,0.5333333333333333,0.0
1998,6,KA-BEL,15.8497,74.4977,1,0,-0.08,0.147,0.921335034,3.0,0.26666666666666666,0.6,0.0
1998,7,KA-BEL,15.8497,74.4977,1,0,-0.63,-0.385,0.75393639,2.0,0.1935483870967742,0.5161290322580645,0.0
1998,8,KA-BEL,15.8497,74.4977,1,0,-0.83,-0.58,1.00514719,2.0,0.0,0.7419354838709677,0.0
1998,9,KA-BEL,15.8497,74.4977,1,0,-1.02,-0.496,1.4218518516666667,8.0,0.06666666666666667,0.8333333333333334,0.0
2002,6,KA-BEL,15.8497,74.4977,1,0,0.45,-0.189,1.8803833166666664,2.0,0.0,0.2,0.0
2002,7,KA-BEL,15.8497,74.4977,1,0,0.57,-0.261,1.7221574980645162,8.0,0.0,0.8387096774193549,0.0
2002,8,KA-BEL,15.8497,74.4977,1,0,0.63,-0.208,1.420236031935484,8.0,0.25806451612903225,0.45161290322580644,0.0
2002,9,KA-BEL,15.8497,74.4977,1,0,0.78,0.286,0.7018471730000001,2.0,0.0,1.0,0.0
2003,6,KA-BEL,15.8497,74.4977,1,0,-0.13,0.139,1.65106069,1.0,0.4,0.4666666666666667,0.03333333333333333
2003,7,KA-BEL,15.8497,74.4977,1,0,0.09,0.131,0.992855799032258,2.0,0.5483870967741935,0.03225806451612903,0.0
2003,8,KA-BEL,15.8497,74.4977,1,0,0.14,0.108,0.6039936987096773,6.0,0.22580645161290322,0.3548387096774194,0.0
2003,9,KA-BEL,15.8497,74.4977,1,0,0.23,-0.06,0.7902776976666667,4.0,0.0,0.6666666666666666,0.0
2004,6,KA-BEL,15.8497,74.4977,1,0,0.22,-0.384,1.0188708323333333,7.0,0.8333333333333334,0.0,0.0
2004,7,KA-BEL,15.8497,74.4977,1,0,0.39,-0.301,1.611224959354839,1.0,0.3548387096774194,0.22580645161290322,0.0
2004,8,KA-BEL,15.8497,74.4977,1,0,0.54,-0.133,1.2484562670967745,6.0,0.7096774193548387,0.03225806451612903,0.03225806451612903
2004,9,KA-BEL,15.8497,74.4977,1,0,0.58,-0.106,1.438454236,2.0,0.13333333333333333,0.3333333333333333,0.0
2005,6,KA-BEL,15.8497,74.4977,1,0,0.09,-0.176,0.7345759723333334,2.0,0.6666666666666666,0.06666666666666667,0.03333333333333333
2005,7,KA-BEL,15.8497,74.4977,1,0,-0.04,-0.384,1.029081502903226,2.0,0.5161290322580645,0.3548387096774194,0.03225806451612903
2005,8,KA-BEL,15.8497,74.4977,1,0,-0.14,-0.345,0.939736100967742,1.0,0.3225806451612903,0.0967741935483871,0.0
2005,9,KA-BEL,15.8497,74.4977,1,0,-0.11,-0.534,1.522602815,8.0,0.5333333333333333,0.13333333333333333,0.06666666666666667
2007,6,KA-BEL,15.8497,74.4977,1,0,-0.41,0.031,1.3529915246666666,2.0,0.26666666666666666,0.4666666666666667,0.03333333333333333
2007,7,KA-BEL,15.8497,74.4977,1,0,-0.49,0.045,1.3795319935483872,1.0,0.5161290322580645,0.2903225806451613,0.03225806451612903
2007,8,KA-BEL,15.8497,74.4977,1,0,-0.77,0.237,0.8762567774193548,2.0,0.3870967741935484,0.3548387096774194,0.0
2007,9,KA-BEL,15.8497,74.4977,1,0,-1.05,0.235,1.1761283893333332,5.0,0.36666666666666664,0.3,0.0
2008,6,KA-BEL,15.8497,74.4977,1,0,-0.56,0.215,0.953116955,3.0,0.26666666666666666,0.43333333333333335,0.0
2008,7,KA-BEL,15.8497,74.4977,1,0,-0.33,0.246,1.2312710548387096,1.0,0.12903225806451613,0.6451612903225806,0.0
2008,8,KA-BEL,15.8497,74.4977,1,0,-0.2,0.124,1.211697393548387,2.0,0.6129032258064516,0.3548387096774194,0.03225806451612903
2008,9,KA-BEL,15.8497,74.4977,1,0,-0.25,0.086,1.446583400333333,5.0,0.36666666666666664,0.26666666666666666,0.0
2009,6,KA-BEL,15.8497,74.4977,1,0,0.34,0.1,1.4584701413333332,8.0,0.6333333333333333,0.1,0.03333333333333333
2009,7,KA-BEL,15.8497,74.4977,1,0,0.5,-0.192,0.6150665787096774,5.0,0.967741935483871,0.0,0.03225806451612903
2009,8,KA-BEL,15.8497,74.4977,1,0,0.56,-0.104,1.12875141,1.0,0.0967741935483871,0.45161290322580644,0.0
2009,9,KA-BEL,15.8497,74.4977,1,0,0.66,-0.103,1.6812911126666668,4.0,0.3333333333333333,0.43333333333333335,0.0
2010,6,KA-BEL,15.8497,74.4977,1,0,-0.66,-0.14,1.285590429,2.0,0.4666666666666667,0.4,0.0
2010,7,KA-BEL,15.8497,74.4977,1,0,-0.98,-0.001,1.663601914516129,1.0,0.2903225806451613,0.1935483870967742,0.0
2010,8,KA-BEL,15.8497,74.4977,1,0,-1.24,-0.061,0.747917844516129,1.0,0.3870967741935484,0.2903225806451613,0.0
2010,9,KA-BEL,15.8497,74.4977,1,0,-1.43,-0.267,0.8091414173333332,1.0,0.6,0.06666666666666667,0.03333333333333333
2011,6,KA-BEL,15.8497,74.4977,1,0,-0.34,0.055,0.6791252076666666,2.0,1.0,0.0,0.0
2011,7,KA-BEL,15.8497,74.4977,1,0,-0.37,0.223,1.0109919648387098,1.0,0.8387096774193549,0.0,0.0
2011,8,KA-BEL,15.8497,74.4977,1,0,-0.5,0.344,1.011544473516129,2.0,0.7419354838709677,0.0,0.0
2011,9,KA-BEL,15.8497,74.4977,1,0,-0.76,0.202,0.9066917783333334,3.0,0.4666666666666667,0.3,0.0
2014,6,KA-BEL,15.8497,74.4977,1,0,0.22,-0.028,1.108679051,4.0,0.0,1.0,0.0
2014,7,KA-BEL,15.8497,74.4977,1,0,0.07,-0.363,1.1528067432258065,6.0,0.22580645161290322,0.25806451612903225,0.0
2014,8,KA-BEL,15.8497,74.4977,1,0,0.07,-0.372,1.2150309538709676,2.0,0.3225806451612903,0.5806451612903226,0.0
2014,9,KA-BEL,15.8497,74.4977,1,0,0.24,-0.145,0.649377995,4.0,0.26666666666666666,0.26666666666666666,0.0
2015,6,KA-BEL,15.8497,74.4977,1,0,1.19,0.296,1.992920383333333,4.0,0.0,0.9666666666666667,0.0
2015,7,KA-BEL,15.8497,74.4977,1,0,1.44,0.225,1.837990334516129,7.0,0.0,1.0,0.0
2015,8,KA-BEL,15.8497,74.4977,1,0,1.73,0.568,0.8428048241935484,8.0,0.22580645161290322,0.5483870967741935,0.0
2015,9,KA-BEL,15.8497,74.4977,1,0,2.02,0.294,0.62977513528,1.0,0.5666666666666667,0.16666666666666666,0.03333333333333333
2016,6,KA-BEL,15.8497,74.4977,1,0,0.09,-0.443,1.5598082686666668,4.0,0.4666666666666667,0.4666666666666667,0.0
2016,7,KA-BEL,15.8497,74.4977,1,0,-0.19,-0.757,1.0086871877419354,2.0,0.2903225806451613,0.1935483870967742,0.0
2016,8,KA-BEL,15.8497,74.4977,1,0,-0.34,-0.443,1.3634238690322582,6.0,0.0,0.6129032258064516,0.0
2016,9,KA-BEL,15.8497,74.4977,1,0,-0.42,-0.437,0.9987363606666668,5.0,0.23333333333333334,0.36666666666666664,0.0
2017,6,KA-BEL,15.8497,74.4977,1,0,0.32,0.424,1.010765505,1.0,0.43333333333333335,0.43333333333333335,0.03333333333333333
2017,7,KA-BEL,15.8497,74.4977,1,0,0.14,0.52,1.0194311058064516,3.0,0.0,0.5483870967741935,0.0
2017,8,KA-BEL,15.8497,74.4977,1,0,-0.07,0.349,0.560064344016129,2.0,0.1935483870967742,0.2903225806451613,0.0
2017,9,KA-BEL,15.8497,74.4977,1,0,-0.23,0.035,0.5864452456666667,4.0,0.6,0.06666666666666667,0.03333333333333333
2018,6,KA-BEL,15.8497,74.4977,1,0,0.13,0.155,1.099695321,1.0,0.4,0.5,0.0
2018,7,KA-BEL,15.8497,74.4977,1,0,0.2,0.053,1.4670566325806451,6.0,0.0,0.6451612903225806,0.0
2018,8,KA-BEL,15.8497,74.4977,1,0,0.3,0.121,1.1604823280645162,6.0,0.16129032258064516,0.6451612903225806,0.0
2018,9,KA-BEL,15.8497,74.4977,1,0,0.52,0.604,1.0746740603333331,8.0,0.26666666666666666,0.5,0.0
2020,6,KA-BEL,15.8497,74.4977,1,0,-0.18,0.455,1.3547168013333333,1.0,0.3,0.16666666666666666,0.0
2020,7,KA-BEL,15.8497,74.4977,1,0,-0.29,0.319,1.5012130690322585,2.0,0.4838709677419355,0.16129032258064516,0.0
2020,8,KA-BEL,15.8497,74.4977,1,0,-0.43,-0.183,1.5708076487096774,8.0,0.2903225806451613,0.3225806451612903,0.0
2020,9,KA-BEL,15.8497,74.4977,1,0,-0.77,-0.189,1.1078213236666663,4.0,0.5666666666666667,0.26666666666666666,0.0
2021,6,KA-BEL,15.8497,74.4977,1,0,-0.31,-0.002,1.2543668813333333,1.0,0.36666666666666664,0.5,0.0
2021,7,KA-BEL,15.8497,74.4977,1,0,-0.35,-0.229,1.2697446645161292,2.0,0.2903225806451613,0.2903225806451613,0.0
2021,8,KA-BEL,15.8497,74.4977,1,0,-0.46,-0.099,1.3328496390322582,2.0,0.5806451612903226,0.06451612903225806,0.0
2021,9,KA-BEL,15.8497,74.4977,1,0,-0.64,-0.058,1.16716908,3.0,0.4666666666666667,0.13333333333333333,0.0
2022,6,KA-BEL,15.8497,74.4977,1,0,-0.73,-0.335,1.7460144566666669,1.0,0.23333333333333334,0.5333333333333333,0.0
2022,7,KA-BEL,15.8497,74.4977,1,0,-0.7,-0.195,0.9906527754838708,4.0,0.25806451612903225,0.41935483870967744,0.0
2022,8,KA-BEL,15.8497,74.4977,1,0,-0.78,-0.246,0.962351660967742,2.0,0.3548387096774194,0.45161290322580644,0.0
2022,9,KA-BEL,15.8497,74.4977,1,0,-0.87,-0.322,0.45954351401,4.0,0.3333333333333333,0.3333333333333333,0.0
2023,6,KA-BEL,15.8497,74.4977,1,0,0.73,0.665,1.1452140906,2.0,0.13333333333333333,0.7,0.0
2023,7,KA-BEL,15.8497,74.4977,1,0,1.0,0.498,0.7976125261290323,6.0,0.3548387096774194,0.5806451612903226,0.0
2023,8,KA-BEL,15.8497,74.4977,1,0,1.25,0.826,0.9138732870967742,8.0,0.41935483870967744,0.3870967741935484,0.0
2023,9,KA-BEL,15.8497,74.4977,1,0,1.5,0.946,0.8482362092433333,4.0,0.13333333333333333,0.7666666666666667,0.0
1990,6,KA-DHA,15.4589,75.0078,1,0,0.25,-0.568,0.7040596286666666,6.0,0.03333333333333333,0.8333333333333334,0.0
1990,7,KA-DHA,15.4589,75.0078,1,0,0.26,-0.246,0.7642434731967742,1.0,0.0,1.0,0.0
1990,8,KA-DHA,15.4589,75.0078,1,0,0.32,-0.391,0.8801470647322581,6.0,0.0,1.0,0.0
1990,9,KA-DHA,15.4589,75.0078,1,0,0.31,-0.183,0.775732242,3.0,0.0,1.0,0.0
1991,6,KA-DHA,15.4589,75.0078,1,0,0.63,0.263,1.4334286633333333,5.0,0.3,0.5333333333333333,0.0
1991,7,KA-DHA,15.4589,75.0078,1,0,0.77,0.269,0.6487244419290323,6.0,0.16129032258064516,0.6129032258064516,0.0
1991,8,KA-DHA,15.4589,75.0078,1,0,0.67,0.058,1.2953001661290322,5.0,0.22580645161290322,0.4838709677419355,0.0
1991,9,KA-DHA,15.4589,75.0078,1,0,0.72,0.099,1.3728957676666669,8.0,0.3333333333333333,0.4666666666666667,0.03333333333333333
1992,6,KA-DHA,15.4589,75.0078,1,0,0.72,-0.861,1.0309609286666666,3.0,0.0,0.6,0.0
1992,7,KA-DHA,15.4589,75.0078,1,0,0.35,-0.479,1.032042581935484,3.0,0.0,1.0,0.0
1992,8,KA-DHA,15.4589,75.0078,1,0,0.08,-0.768,0.7930089680645162,5.0,0.0,0.8387096774193549,0.0
1992,9,KA-DHA,15.4589,75.0078,1,0,-0.15,-0.833,1.1277177353333334,2.0,0.0,0.7333333333333333,0.0
1993,6,KA-DHA,15.4589,75.0078,1,0,0.56,-0.108,1.5129156700000002,8.0,0.0,1.0,0.0
1993,7,KA-DHA,15.4589,75.0078,1,0,0.28,-0.152,0.8503892948387097,5.0,0.0,1.0,0.0
1993,8,KA-DHA,15.4589,75.0078,1,0,0.22,-0.306,0.9336245306,1.0,0.0,1.0,0.0
1993,9,KA-DHA,15.4589,75.0078,1,0,0.2,-0.17,0.4647173026666666,2.0,0.0,1.0,0.0
1995,6,KA-DHA,15.4589,75.0078,1,0,-0.11,-0.078,0.8386585686666667,2.0,0.13333333333333333,0.8333333333333334,0.0
1995,7,KA-DHA,15.4589,75.0078,1,0,-0.3,-0.169,1.3968855583870967,2.0,0.12903225806451613,0.8709677419354839,0.0
1995,8,KA-DHA,15.4589,75.0078,1,0,-0.55,-0.144,1.3320209096774194,2.0,0.0,1.0,0.0
1995,9,KA-DHA,15.4589,75.0078,1,0,-0.81,-0.18,1.0134717556666666,5.0,0.06666666666666667,0.7,0.0
1996,6,KA-DHA,15.4589,75.0078,1,0,-0.24,-0.395,1.5769545686666668,3.0,0.36666666666666664,0.36666666666666664,0.0
1996,7,KA-DHA,15.4589,75.0078,1,0,-0.22,-0.644,1.590457191935484,6.0,0.0,1.0,0.0
1996,8,KA-DHA,15.4589,75.0078,1,0,-0.27,-0.681,1.0089208741935485,3.0,0.12903225806451613,0.7741935483870968,0.0
1996,9,KA-DHA,15.4589,75.0078,1,0,-0.3,-0.712,1.0609203293333334,5.0,0.36666666666666664,0.6,0.0
1998,6,KA-DHA,15.4589,75.0078,1,0,-0.08,0.147,0.921335034,3.0,0.1,0.7333333333333333,0.0
1998,7,KA-DHA,15.4589,75.0078,1,0,-0.63,-0.385,0.75393639,2.0,0.0,0.6129032258064516,0.0
1998,8,KA-DHA,15.4589,75.0078,1,0,-0.83,-0.58,1.00514719,2.0,0.16129032258064516,0.41935483870967744,0.0
1998,9,KA-DHA,15.4589,75.0078,1,0,-1.02,-0.496,1.4218518516666667,8.0,0.36666666666666664,0.5,0.0
2002,6,KA-DHA,15.4589,75.0078,1,0,0.45,-0.189,1.8803833166666664,2.0,0.0,0.5333333333333333,0.0
2002,7,KA-DHA,15.4589,75.0078,1,0,0.57,-0.261,1.7221574980645162,8.0,0.0,1.0,0.0
2002,8,KA-DHA,15.4589,75.0078,1,0,0.63,-0.208,1.420236031935484,8.0,0.0,0.7741935483870968,0.0
2002,9,KA-DHA,15.4589,75.0078,1,0,0.78,0.286,0.7018471730000001,2.0,0.23333333333333334,0.7666666666666667,0.0
2003,6,KA-DHA,15.4589,75.0078,1,0,-0.13,0.139,1.65106069,1.0,0.0,0.9666666666666667,0.0
2003,7,KA-DHA,15.4589,75.0078,1,0,0.09,0.131,0.992855799032258,2.0,0.0,1.0,0.0
2003,8,KA-DHA,15.4589,75.0078,1,0,0.14,0.108,0.6039936987096773,6.0,0.0,1.0,0.0
2003,9,KA-DHA,15.4589,75.0078,1,0,0.23,-0.06,0.7902776976666667,4.0,0.0,1.0,0.0
2004,6,KA-DHA,15.4589,75.0078,1,0,0.22,-0.384,1.0188708323333333,7.0,0.36666666666666664,0.3,0.0
2004,7,KA-DHA,15.4589,75.0078,1,0,0.39,-0.301,1.611224959354839,1.0,0.0,0.967741935483871,0.0
2004,8,KA-DHA,15.4589,75.0078,1,0,0.54,-0.133,1.2484562670967745,6.0,0.22580645161290322,0.25806451612903225,0.0
2004,9,KA-DHA,15.4589,75.0078,1,0,0.58,-0.106,1.438454236,2.0,0.3,0.3,0.0
2005,6,KA-DHA,15.4589,75.0078,1,0,0.09,-0.176,0.7345759723333334,2.0,0.5333333333333333,0.2,0.0
2005,7,KA-DHA,15.4589,75.0078,1,0,-0.04,-0.384,1.029081502903226,2.0,0.5161290322580645,0.3870967741935484,0.0
2005,8,KA-DHA,15.4589,75.0078,1,0,-0.14,-0.345,0.939736100967742,1.0,0.03225806451612903,0.45161290322580644,0.0
2005,9,KA-DHA,15.4589,75.0078,1,0,-0.11,-0.534,1.522602815,8.0,0.03333333333333333,0.5,0.0
2007,6,KA-DHA,15.4589,75.0078,1,0,-0.41,0.031,1.3529915246666666,2.0,0.7,0.13333333333333333,0.0
2007,7,KA-DHA,15.4589,75.0078,1,0,-0.49,0.045,1.3795319935483872,1.0,0.0,0.8064516129032258,0.0
2007,8,KA-DHA,15.4589,75.0078,1,0,-0.77,0.237,0.8762567774193548,2.0,0.41935483870967744,0.45161290322580644,0.0
2007,9,KA-DHA,15.4589,75.0078,1,0,-1.05,0.235,1.1761283893333332,5.0,0.4,0.5333333333333333,0.0
2008,6,KA-DHA,15.4589,75.0078,1,0,-0.56,0.215,0.953116955,3.0,0.0,1.0,0.0
2008,7,KA-DHA,15.4589,75.0078,1,0,-0.33,0.246,1.2312710548387096,1.0,0.0,0.6451612903225806,0.0
2008,8,KA-DHA,15.4589,75.0078,1,0,-0.2,0.124,1.211697393548387,2.0,0.0,0.6774193548387096,0.0
2008,9,KA-DHA,15.4589,75.0078,1,0,-0.25,0.086,1.446583400333333,5.0,0.3,0.3,0.0
2009,6,KA-DHA,15.4589,75.0078,1,0,0.34,0.1,1.4584701413333332,8.0,0.6,0.3333333333333333,0.03333333333333333
2009,7,KA-DHA,15.4589,75.0078,1,0,0.5,-0.192,0.6150665787096774,5.0,0.0,0.7741935483870968,0.0
2009,8,KA-DHA,15.4589,75.0078,1,0,0.56,-0.104,1.12875141,1.0,0.0967741935483871,0.6451612903225806,0.0
2009,9,KA-DHA,15.4589,75.0078,1,0,0.66,-0.103,1.6812911126666668,4.0,0.2,0.5,0.0
2010,6,KA-DHA,15.4589,75.0078,1,0,-0.66,-0.14,1.285590429,2.0,0.2,0.6,0.0
2010,7,KA-DHA,15.4589,75.0078,1,0,-0.98,-0.001,1.663601914516129,1.0,0.41935483870967744,0.3225806451612903,0.0
2010,8,KA-DHA,15.4589,75.0078,1,0,-1.24,-0.061,0.747917844516129,1.0,0.45161290322580644,0.22580645161290322,0.0
2010,9,KA-DHA,15.4589,75.0078,1,0,-1.43,-0.267,0.8091414173333332,1.0,0.5,0.4,0.0
2011,6,KA-DHA,15.4589,75.0078,1,0,-0.34,0.055,0.6791252076666666,2.0,0.7666666666666667,0.0,0.0
2011,7,KA-DHA,15.4589,75.0078,1,0,-0.37,0.223,1.0109919648387098,1.0,0.6129032258064516,0.0,0.0
2011,8,KA-DHA,15.4589,75.0078,1,0,-0.5,0.344,1.011544473516129,2.0,0.2903225806451613,0.3225806451612903,0.0
2011,9,KA-DHA,15.4589,75.0078,1,0,-0.76,0.202,0.9066917783333334,3.0,0.36666666666666664,0.5333333333333333,0.0
2014,6,KA-DHA,15.4589,75.0078,1,0,0.22,-0.028,1.108679051,4.0,0.0,1.0,0.0
2014,7,KA-DHA,15.4589,75.0078,1,0,0.07,-0.363,1.1528067432258065,6.0,0.2903225806451613,0.45161290322580644,0.0
2014,8,KA-DHA,15.4589,75.0078,1,0,0.07,-0.372,1.2150309538709676,2.0,0.6129032258064516,0.12903225806451613,0.0
2014,9,KA-DHA,15.4589,75.0078,1,0,0.24,-0.145,0.649377995,4.0,0.36666666666666664,0.3333333333333333,0.0
2015,6,KA-DHA,15.4589,75.0078,1,0,1.19,0.296,1.992920383333333,4.0,0.6333333333333333,0.2,0.0
2015,7,KA-DHA,15.4589,75.0078,1,0,1.44,0.225,1.837990334516129,7.0,0.0,0.7419354838709677,0.0
2015,8,KA-DHA,15.4589,75.0078,1,0,1.73,0.568,0.8428048241935484,8.0,0.0,0.967741935483871,0.0
2015,9,KA-DHA,15.4589,75.0078,1,0,2.02,0.294,0.62977513528,1.0,0.1,0.7,0.0
2016,6,KA-DHA,15.4589,75.0078,1,0,0.09,-0.443,1.5598082686666668,4.0,0.23333333333333334,0.5333333333333333,0.0
2016,7,KA-DHA,15.4589,75.0078,1,0,-0.19,-0.757,1.0086871877419354,2.0,0.25806451612903225,0.0967741935483871,0.0
2016,8,KA-DHA,15.4589,75.0078,1,0,-0.34,-0.443,1.3634238690322582,6.0,0.06451612903225806,0.5161290322580645,0.0
2016,9,KA-DHA,15.4589,75.0078,1,0,-0.42,-0.437,0.9987363606666668,5.0,0.0,0.6,0.0
2017,6,KA-DHA,15.4589,75.0078,1,0,0.32,0.424,1.010765505,1.0,0.0,0.8,0.0
2017,7,KA-DHA,15.4589,75.0078,1,0,0.14,0.52,1.0194311058064516,3.0,0.22580645161290322,0.5806451612903226,0.0
2017,8,KA-DHA,15.4589,75.0078,1,0,-0.07,0.349,0.560064344016129,2.0,0.0,0.9354838709677419,0.0
2017,9,KA-DHA,15.4589,75.0078,1,0,-0.23,0.035,0.5864452456666667,4.0,0.43333333333333335,0.3333333333333333,0.0
2018,6,KA-DHA,15.4589,75.0078,1,0,0.13,0.155,1.099695321,1.0,0.5,0.36666666666666664,0.0
2018,7,KA-DHA,15.4589,75.0078,1,0,0.2,0.053,1.4670566325806451,6.0,0.22580645161290322,0.3548387096774194,0.0
2018,8,KA-DHA,15.4589,75.0078,1,0,0.3,0.121,1.1604823280645162,6.0,0.06451612903225806,0.7096774193548387,0.0
2018,9,KA-DHA,15.4589,75.0078,1,0,0.52,0.604,1.0746740603333331,8.0,0.0,0.7,0.0
2020,6,KA-DHA,15.4589,75.0078,1,0,-0.18,0.455,1.3547168013333333,1.0,0.2,0.4666666666666667,0.0
2020,7,KA-DHA,15.4589,75.0078,1,0,-0.29,0.319,1.5012130690322585,2.0,0.3870967741935484,0.1935483870967742,0.0
2020,8,KA-DHA,15.4589,75.0078,1,0,-0.43,-0.183,1.5708076487096774,8.0,0.5483870967741935,0.1935483870967742,0.0
2020,9,KA-DHA,15.4589,75.0078,1,0,-0.77,-0.189,1.1078213236666663,4.0,0.7,0.06666666666666667,0.0
2021,6,KA-DHA,15.4589,75.0078,1,0,-0.31,-0.002,1.2543668813333333,1.0,0.5666666666666667,0.36666666666666664,0.0
2021,7,KA-DHA,15.4589,75.0078,1,0,-0.35,-0.229,1.2697446645161292,2.0,0.41935483870967744,0.2903225806451613,0.03225806451612903
2021,8,KA-DHA,15.4589,75.0078,1,0,-0.46,-0.099,1.3328496390322582,2.0,0.0,0.6129032258064516,0.0
2021,9,KA-DHA,15.4589,75.0078,1,0,-0.64,-0.058,1.16716908,3.0,0.0,0.7333333333333333,0.0
2022,6,KA-DHA,15.4589,75.0078,1,0,-0.73,-0.335,1.7460144566666669,1.0,0.16666666666666666,0.5,0.0
2022,7,KA-DHA,15.4589,75.0078,1,0,-0.7,-0.195,0.9906527754838708,4.0,0.6451612903225806,0.12903225806451613,0.0
2022,8,KA-DHA,15.4589,75.0078,1,0,-0.78,-0.246,0.962351660967742,2.0,0.22580645161290322,0.3870967741935484,0.0
2022,9,KA-DHA,15.4589,75.0078,1,0,-0.87,-0.322,0.45954351401,4.0,0.6,0.36666666666666664,0.0
2023,6,KA-DHA,15.4589,75.0078,1,0,0.73,0.665,1.1452140906,2.0,0.0,0.8333333333333334,0.0
2023,7,KA-DHA,15.4589,75.0078,1,0,1.0,0.498,0.7976125261290323,6.0,0.45161290322580644,0.25806451612903225,0.0
2023,8,KA-DHA,15.4589,75.0078,1,0,1.25,0.826,0.9138732870967742,8.0,0.03225806451612903,0.9354838709677419,0.0
2023,9,KA-DHA,15.4589,75.0078,1,0,1.5,0.946,0.8482362092433333,4.0,0.23333333333333334,0.6333333333333333,0.0
1990,6,KA-RAI,16.2076,77.3463,1,0,0.25,-0.568,0.7040596286666666,6.0,0.23333333333333334,0.5666666666666667,0.0
1990,7,KA-RAI,16.2076,77.3463,1,0,0.26,-0.246,0.7642434731967742,1.0,0.22580645161290322,0.6774193548387096,0.0
1990,8,KA-RAI,16.2076,77.3463,1,0,0.32,-0.391,0.8801470647322581,6.0,0.45161290322580644,0.5483870967741935,0.0
1990,9,KA-RAI,16.2076,77.3463,1,0,0.31,-0.183,0.775732242,3.0,0.13333333333333333,0.5,0.0
1991,6,KA-RAI,16.2076,77.3463,1,0,0.63,0.263,1.4334286633333333,5.0,0.1,0.23333333333333334,0.0
1991,7,KA-RAI,16.2076,77.3463,1,0,0.77,0.269,0.6487244419290323,6.0,0.3870967741935484,0.4838709677419355,0.0
1991,8,KA-RAI,16.2076,77.3463,1,0,0.67,0.058,1.2953001661290322,5.0,0.03225806451612903,0.6129032258064516,0.0
1991,9,KA-RAI,16.2076,77.3463,1,0,0.72,0.099,1.3728957676666669,8.0,0.0,0.6,0.0
1992,6,KA-RAI,16.2076,77.3463,1,0,0.72,-0.861,1.0309609286666666,3.0,0.2,0.5333333333333333,0.0
1992,7,KA-RAI,16.2076,77.3463,1,0,0.35,-0.479,1.032042581935484,3.0,0.25806451612903225,0.2903225806451613,0.0
1992,8,KA-RAI,16.2076,77.3463,1,0,0.08,-0.768,0.7930089680645162,5.0,0.25806451612903225,0.3548387096774194,0.0
1992,9,KA-RAI,16.2076,77.3463,1,0,-0.15,-0.833,1.1277177353333334,2.0,0.36666666666666664,0.5333333333333333,0.0
1993,6,KA-RAI,16.2076,77.3463,1,0,0.56,-0.108,1.5129156700000002,8.0,0.0,0.8333333333333334,0.0
1993,7,KA-RAI,16.2076,77.3463,1,0,0.28,-0.152,0.8503892948387097,5.0,0.1935483870967742,0.41935483870967744,0.0
1993,8,KA-RAI,16.2076,77.3463,1,0,0.22,-0.306,0.9336245306,1.0,0.2903225806451613,0.4838709677419355,0.03225806451612903
1993,9,KA-RAI,16.2076,77.3463,1,0,0.2,-0.17,0.4647173026666666,2.0,0.4666666666666667,0.23333333333333334,0.0
1995,6,KA-RAI,16.2076,77.3463,1,0,-0.11,-0.078,0.8386585686666667,2.0,0.06666666666666667,0.43333333333333335,0.0
1995,7,KA-RAI,16.2076,77.3463,1,0,-0.3,-0.169,1.3968855583870967,2.0,0.6129032258064516,0.22580645161290322,0.0
1995,8,KA-RAI,16.2076,77.3463,1,0,-0.55,-0.144,1.3320209096774194,2.0,0.41935483870967744,0.22580645161290322,0.0
1995,9,KA-RAI,16.2076,77.3463,1,0,-0.81,-0.18,1.0134717556666666,5.0,0.43333333333333335,0.1,0.0
1996,6,KA-RAI,16.2076,77.3463,1,0,-0.24,-0.395,1.5769545686666668,3.0,0.5666666666666667,0.3,0.0
1996,7,KA-RAI,16.2076,77.3463,1,0,-0.22,-0.644,1.590457191935484,6.0,0.03225806451612903,0.5806451612903226,0.0
1996,8,KA-RAI,16.2076,77.3463,1,0,-0.27,-0.681,1.0089208741935485,3.0,0.41935483870967744,0.3870967741935484,0.0
1996,9,KA-RAI,16.2076,77.3463,1,0,-0.3,-0.712,1.0609203293333334,5.0,0.4,0.26666666666666666,0.0
1998,6,KA-RAI,16.2076,77.3463,1,0,-0.08,0.147,0.921335034,3.0,0.2,0.6,0.0
1998,7,KA-RAI,16.2076,77.3463,1,0,-0.63,-0.385,0.75393639,2.0,0.5806451612903226,0.1935483870967742,0.0
1998,8,KA-RAI,16.2076,77.3463,1,0,-0.83,-0.58,1.00514719,2.0,0.41935483870967744,0.22580645161290322,0.0
1998,9,KA-RAI,16.2076,77.3463,1,0,-1.02,-0.496,1.4218518516666667,8.0,0.7666666666666667,0.1,0.0
2002,6,KA-RAI,16.2076,77.3463,1,0,0.45,-0.189,1.8803833166666664,2.0,0.0,0.7666666666666667,0.0
2002,7,KA-RAI,16.2076,77.3463,1,0,0.57,-0.261,1.7221574980645162,8.0,0.1935483870967742,0.7419354838709677,0.0
2002,8,KA-RAI,16.2076,77.3463,1,0,0.63,-0.208,1.420236031935484,8.0,0.2903225806451613,0.5161290322580645,0.0
2002,9,KA-RAI,16.2076,77.3463,1,0,0.78,0.286,0.7018471730000001,2.0,0.0,0.5333333333333333,0.0
2003,6,KA-RAI,16.2076,77.3463,1,0,-0.13,0.139,1.65106069,1.0,0.23333333333333334,0.7666666666666667,0.0
2003,7,KA-RAI,16.2076,77.3463,1,0,0.09,0.131,0.992855799032258,2.0,0.25806451612903225,0.2903225806451613,0.0
2003,8,KA-RAI,16.2076,77.3463,1,0,0.14,0.108,0.6039936987096773,6.0,0.41935483870967744,0.1935483870967742,0.0
2003,9,KA-RAI,16.2076,77.3463,1,0,0.23,-0.06,0.7902776976666667,4.0,0.0,0.6,0.0
2004,6,KA-RAI,16.2076,77.3463,1,0,0.22,-0.384,1.0188708323333333,7.0,0.0,0.7333333333333333,0.0
2004,7,KA-RAI,16.2076,77.3463,1,0,0.39,-0.301,1.611224959354839,1.0,0.3225806451612903,0.41935483870967744,0.0
2004,8,KA-RAI,16.2076,77.3463,1,0,0.54,-0.133,1.2484562670967745,6.0,0.0,0.8709677419354839,0.0
2004,9,KA-RAI,16.2076,77.3463,1,0,0.58,-0.106,1.438454236,2.0,0.5,0.43333333333333335,0.0
2005,6,KA-RAI,16.2076,77.3463,1,0,0.09,-0.176,0.7345759723333334,2.0,0.0,1.0,0.0
2005,7,KA-RAI,16.2076,77.3463,1,0,-0.04,-0.384,1.029081502903226,2.0,0.5483870967741935,0.25806451612903225,0.0
2005,8,KA-RAI,16.2076,77.3463,1,0,-0.14,-0.345,0.939736100967742,1.0,0.41935483870967744,0.41935483870967744,0.0
2005,9,KA-RAI,16.2076,77.3463,1,0,-0.11,-0.534,1.522602815,8.0,0.4,0.3,0.0
2007,6,KA-RAI,16.2076,77.3463,1,0,-0.41,0.031,1.3529915246666666,2.0,0.6,0.23333333333333334,0.03333333333333333
2007,7,KA-RAI,16.2076,77.3463,1,0,-0.49,0.045,1.3795319935483872,1.0,0.3548387096774194,0.6129032258064516,0.0
2007,8,KA-RAI,16.2076,77.3463,1,0,-0.77,0.237,0.8762567774193548,2.0,0.06451612903225806,0.5161290322580645,0.0
2007,9,KA-RAI,16.2076,77.3463,1,0,-1.05,0.235,1.1761283893333332,5.0,0.5,0.2,0.0
2008,6,KA-RAI,16.2076,77.3463,1,0,-0.56,0.215,0.953116955,3.0,0.0,1.0,0.0
2008,7,KA-RAI,16.2076,77.3463,1,0,-0.33,0.246,1.2312710548387096,1.0,0.0967741935483871,0.7419354838709677,0.0
2008,8,KA-RAI,16.2076,77.3463,1,0,-0.2,0.124,1.211697393548387,2.0,0.03225806451612903,0.45161290322580644,0.0
2008,9,KA-RAI,16.2076,77.3463,1,0,-0.25,0.086,1.446583400333333,5.0,0.4,0.3,0.0
2009,6,KA-RAI,16.2076,77.3463,1,0,0.34,0.1,1.4584701413333332,8.0,0.3333333333333333,0.3333333333333333,0.0
2009,7,KA-RAI,16.2076,77.3463,1,0,0.5,-0.192,0.6150665787096774,5.0,0.0,0.9032258064516129,0.0
2009,8,KA-RAI,16.2076,77.3463,1,0,0.56,-0.104,1.12875141,1.0,0.22580645161290322,0.5806451612903226,0.0
2009,9,KA-RAI,16.2076,77.3463,1,0,0.66,-0.103,1.6812911126666668,4.0,0.3,0.4,0.0
2010,6,KA-RAI,16.2076,77.3463,1,0,-0.66,-0.14,1.285590429,2.0,0.26666666666666666,0.5333333333333333,0.0
2010,7,KA-RAI,16.2076,77.3463,1,0,-0.98,-0.001,1.663601914516129,1.0,0.8064516129032258,0.06451612903225806,0.0
2010,8,KA-RAI,16.2076,77.3463,1,0,-1.24,-0.061,0.747917844516129,1.0,0.5806451612903226,0.2903225806451613,0.0
2010,9,KA-RAI,16.2076,77.3463,1,0,-1.43,-0.267,0.8091414173333332,1.0,0.36666666666666664,0.2,0.0
2011,6,KA-RAI,16.2076,77.3463,1,0,-0.34,0.055,0.6791252076666666,2.0,0.23333333333333334,0.5,0.03333333333333333
2011,7,KA-RAI,16.2076,77.3463,1,0,-0.37,0.223,1.0109919648387098,1.0,0.3870967741935484,0.25806451612903225,0.0
2011,8,KA-RAI,16.2076,77.3463,1,0,-0.5,0.344,1.011544473516129,2.0,0.3548387096774194,0.3548387096774194,0.0
2011,9,KA-RAI,16.2076,77.3463,1,0,-0.76,0.202,0.9066917783333334,3.0,0.0,1.0,0.0
2014,6,KA-RAI,16.2076,77.3463,1,0,0.22,-0.028,1.108679051,4.0,0.0,0.6666666666666666,0.0
2014,7,KA-RAI,16.2076,77.3463,1,0,0.07,-0.363,1.1528067432258065,6.0,0.22580645161290322,0.45161290322580644,0.0
2014,8,KA-RAI,16.2076,77.3463,1,0,0.07,-0.372,1.2150309538709676,2.0,0.3225806451612903,0.5806451612903226,0.0
2014,9,KA-RAI,16.2076,77.3463,1,0,0.24,-0.145,0.649377995,4.0,0.23333333333333334,0.16666666666666666,0.0
2015,6,KA-RAI,16.2076,77.3463,1,0,1.19,0.296,1.992920383333333,4.0,0.0,0.8,0.0
2015,7,KA-RAI,16.2076,77.3463,1,0,1.44,0.225,1.837990334516129,7.0,0.0,0.7741935483870968,0.0
2015,8,KA-RAI,16.2076,77.3463,1,0,1.73,0.568,0.8428048241935484,8.0,0.25806451612903225,0.3225806451612903,0.0
2015,9,KA-RAI,16.2076,77.3463,1,0,2.02,0.294,0.62977513528,1.0,0.4666666666666667,0.16666666666666666,0.03333333333333333
2016,6,KA-RAI,16.2076,77.3463,1,0,0.09,-0.443,1.5598082686666668,4.0,0.5,0.06666666666666667,0.0
2016,7,KA-RAI,16.2076,77.3463,1,0,-0.19,-0.757,1.0086871877419354,2.0,0.25806451612903225,0.4838709677419355,0.0
2016,8,KA-RAI,16.2076,77.3463,1,0,-0.34,-0.443,1.3634238690322582,6.0,0.1935483870967742,0.7419354838709677,0.0
2016,9,KA-RAI,16.2076,77.3463,1,0,-0.42,-0.437,0.9987363606666668,5.0,0.7,0.2,0.0
2017,6,KA-RAI,16.2076,77.3463,1,0,0.32,0.424,1.010765505,1.0,0.5666666666666667,0.3333333333333333,0.0
2017,7,KA-RAI,16.2076,77.3463,1,0,0.14,0.52,1.0194311058064516,3.0,0.0,0.7741935483870968,0.0
2017,8,KA-RAI,16.2076,77.3463,1,0,-0.07,0.349,0.560064344016129,2.0,0.3548387096774194,0.3225806451612903,0.0
2017,9,KA-RAI,16.2076,77.3463,1,0,-0.23,0.035,0.5864452456666667,4.0,0.7,0.13333333333333333,0.0
2018,6,KA-RAI,16.2076,77.3463,1,0,0.13,0.155,1.099695321,1.0,0.0,0.6,0.0
2018,7,KA-RAI,16.2076,77.3463,1,0,0.2,0.053,1.4670566325806451,6.0,0.12903225806451613,0.5806451612903226,0.0
2018,8,KA-RAI,16.2076,77.3463,1,0,0.3,0.121,1.1604823280645162,6.0,0.03225806451612903,0.6774193548387096,0.0
2018,9,KA-RAI,16.2076,77.3463,1,0,0.52,0.604,1.0746740603333331,8.0,0.06666666666666667,0.4666666666666667,0.0
2020,6,KA-RAI,16.2076,77.3463,1,0,-0.18,0.455,1.3547168013333333,1.0,0.36666666666666664,0.4666666666666667,0.0
2020,7,KA-RAI,16.2076,77.3463,1,0,-0.29,0.319,1.5012130690322585,2.0,0.7741935483870968,0.0,0.0
2020,8,KA-RAI,16.2076,77.3463,1,0,-0.43,-0.183,1.5708076487096774,8.0,0.5806451612903226,0.12903225806451613,0.0
2020,9,KA-RAI,16.2076,77.3463,1,0,-0.77,-0.189,1.1078213236666663,4.0,0.5,0.43333333333333335,0.0
2021,6,KA-RAI,16.2076,77.3463,1,0,-0.31,-0.002,1.2543668813333333,1.0,0.13333333333333333,0.4666666666666667,0.0
2021,7,KA-RAI,16.2076,77.3463,1,0,-0.35,-0.229,1.2697446645161292,2.0,0.6774193548387096,0.12903225806451613,0.0
2021,8,KA-RAI,16.2076,77.3463,1,0,-0.46,-0.099,1.3328496390322582,2.0,0.2903225806451613,0.6129032258064516,0.0
2021,9,KA-RAI,16.2076,77.3463,1,0,-0.64,-0.058,1.16716908,3.0,0.3,0.26666666666666666,0.0
2022,6,KA-RAI,16.2076,77.3463,1,0,-0.73,-0.335,1.7460144566666669,1.0,0.0,0.8666666666666667,0.0
2022,7,KA-RAI,16.2076,77.3463,1,0,-0.7,-0.195,0.9906527754838708,4.0,0.5161290322580645,0.06451612903225806,0.0
2022,8,KA-RAI,16.2076,77.3463,1,0,-0.78,-0.246,0.962351660967742,2.0,0.45161290322580644,0.25806451612903225,0.0
2022,9,KA-RAI,16.2076,77.3463,1,0,-0.87,-0.322,0.45954351401,4.0,0.3333333333333333,0.3333333333333333,0.0
2023,6,KA-RAI,16.2076,77.3463,1,0,0.73,0.665,1.1452140906,2.0,0.0,0.5,0.0
2023,7,KA-RAI,16.2076,77.3463,1,0,1.0,0.498,0.7976125261290323,6.0,0.45161290322580644,0.25806451612903225,0.0
2023,8,KA-RAI,16.2076,77.3463,1,0,1.25,0.826,0.9138732870967742,8.0,0.06451612903225806,0.6774193548387096,0.0
2023,9,KA-RAI,16.2076,77.3463,1,0,1.5,0.946,0.8482362092433333,4.0,0.0,0.23333333333333334,0.0
1990,6,KA-KAL,17.3297,76.8343,1,0,0.25,-0.568,0.7040596286666666,6.0,0.5,0.3333333333333333,0.0
1990,7,KA-KAL,17.3297,76.8343,1,0,0.26,-0.246,0.7642434731967742,1.0,0.0,0.5483870967741935,0.0
1990,8,KA-KAL,17.3297,76.8343,1,0,0.32,-0.391,0.8801470647322581,6.0,0.3870967741935484,0.5483870967741935,0.0
1990,9,KA-KAL,17.3297,76.8343,1,0,0.31,-0.183,0.775732242,3.0,0.2,0.4666666666666667,0.0
1991,6,KA-KAL,17.3297,76.8343,1,0,0.63,0.263,1.4334286633333333,5.0,0.06666666666666667,0.3333333333333333,0.0
1991,7,KA-KAL,17.3297,76.8343,1,0,0.77,0.269,0.6487244419290323,6.0,0.4838709677419355,0.5161290322580645,0.03225806451612903
1991,8,KA-KAL,17.3297,76.8343,1,0,0.67,0.058,1.2953001661290322,5.0,0.0,0.7096774193548387,0.0
1991,9,KA-KAL,17.3297,76.8343,1,0,0.72,0.099,1.3728957676666669,8.0,0.16666666666666666,0.7,0.0
1992,6,KA-KAL,17.3297,76.8343,1,0,0.72,-0.861,1.0309609286666666,3.0,0.0,0.7666666666666667,0.0
1992,7,KA-KAL,17.3297,76.8343,1,0,0.35,-0.479,1.032042581935484,3.0,0.1935483870967742,0.5161290322580645,0.0
1992,8,KA-KAL,17.3297,76.8343,1,0,0.08,-0.768,0.7930089680645162,5.0,0.3870967741935484,0.4838709677419355,0.0
1992,9,KA-KAL,17.3297,76.8343,1,0,-0.15,-0.833,1.1277177353333334,2.0,0.26666666666666666,0.7333333333333333,0.0
1993,6,KA-KAL,17.3297,76.8343,1,0,0.56,-0.108,1.5129156700000002,8.0,0.0,1.0,0.0
1993,7,KA-KAL,17.3297,76.8343,1,0,0.28,-0.152,0.8503892948387097,5.0,0.3870967741935484,0.5483870967741935,0.03225806451612903
1993,8,KA-KAL,17.3297,76.8343,1,0,0.22,-0.306,0.9336245306,1.0,0.2903225806451613,0.3548387096774194,0.0
1993,9,KA-KAL,17.3297,76.8343,1,0,0.2,-0.17,0.4647173026666666,2.0,0.4,0.36666666666666664,0.0
1995,6,KA-KAL,17.3297,76.8343,1,0,-0.11,-0.078,0.8386585686666667,2.0,0.23333333333333334,0.7333333333333333,0.0
1995,7,KA-KAL,17.3297,76.8343,1,0,-0.3,-0.169,1.3968855583870967,2.0,0.41935483870967744,0.16129032258064516,0.0
1995,8,KA-KAL,17.3297,76.8343,1,0,-0.55,-0.144,1.3320209096774194,2.0,0.0967741935483871,0.7741935483870968,0.0
1995,9,KA-KAL,17.3297,76.8343,1,0,-0.81,-0.18,1.0134717556666666,5.0,0.4666666666666667,0.43333333333333335,0.0
1996,6,KA-KAL,17.3297,76.8343,1,0,-0.24,-0.395,1.5769545686666668,3.0,0.4666666666666667,0.5333333333333333,0.0
1996,7,KA-KAL,17.3297,76.8343,1,0,-0.22,-0.644,1.590457191935484,6.0,0.0,0.6451612903225806,0.0
1996,8,KA-KAL,17.3297,76.8343,1,0,-0.27,-0.681,1.0089208741935485,3.0,0.45161290322580644,0.3548387096774194,0.0
1996,9,KA-KAL,17.3297,76.8343,1,0,-0.3,-0.712,1.0609203293333334,5.0,0.6333333333333333,0.1,0.0
1998,6,KA-KAL,17.3297,76.8343,1,0,-0.08,0.147,0.921335034,3.0,0.0,0.7666666666666667,0.0
1998,7,KA-KAL,17.3297,76.8343,1,0,-0.63,-0.385,0.75393639,2.0,0.12903225806451613,0.6451612903225806,0.0
1998,8,KA-KAL,17.3297,76.8343,1,0,-0.83,-0.58,1.00514719,2.0,0.5161290322580645,0.16129032258064516,0.0
1998,9,KA-KAL,17.3297,76.8343,1,0,-1.02,-0.496,1.4218518516666667,8.0,0.4666666666666667,0.16666666666666666,0.0
2002,6,KA-KAL,17.3297,76.8343,1,0,0.45,-0.189,1.8803833166666664,2.0,0.0,0.6,0.0
2002,7,KA-KAL,17.3297,76.8343,1,0,0.57,-0.261,1.7221574980645162,8.0,0.22580645161290322,0.7096774193548387,0.0
2002,8,KA-KAL,17.3297,76.8343,1,0,0.63,-0.208,1.420236031935484,8.0,0.6774193548387096,0.22580645161290322,0.0
2002,9,KA-KAL,17.3297,76.8343,1,0,0.78,0.286,0.7018471730000001,2.0,0.23333333333333334,0.3333333333333333,0.0
2003,6,KA-KAL,17.3297,76.8343,1,0,-0.13,0.139,1.65106069,1.0,0.0,0.7,0.0
2003,7,KA-KAL,17.3297,76.8343,1,0,0.09,0.131,0.992855799032258,2.0,0.45161290322580644,0.22580645161290322,0.0
2003,8,KA-KAL,17.3297,76.8343,1,0,0.14,0.108,0.6039936987096773,6.0,0.25806451612903225,0.45161290322580644,0.0
2003,9,KA-KAL,17.3297,76.8343,1,0,0.23,-0.06,0.7902776976666667,4.0,0.23333333333333334,0.6333333333333333,0.03333333333333333
2004,6,KA-KAL,17.3297,76.8343,1,0,0.22,-0.384,1.0188708323333333,7.0,0.0,0.9333333333333333,0.0
2004,7,KA-KAL,17.3297,76.8343,1,0,0.39,-0.301,1.611224959354839,1.0,0.6129032258064516,0.12903225806451613,0.0
2004,8,KA-KAL,17.3297,76.8343,1,0,0.54,-0.133,1.2484562670967745,6.0,0.16129032258064516,0.6774193548387096,0.0
2004,9,KA-KAL,17.3297,76.8343,1,0,0.58,-0.106,1.438454236,2.0,0.16666666666666666,0.23333333333333334,0.0
2005,6,KA-KAL,17.3297,76.8343,1,0,0.09,-0.176,0.7345759723333334,2.0,0.0,0.8333333333333334,0.0
2005,7,KA-KAL,17.3297,76.8343,1,0,-0.04,-0.384,1.029081502903226,2.0,0.5806451612903226,0.25806451612903225,0.0
2005,8,KA-KAL,17.3297,76.8343,1,0,-0.14,-0.345,0.939736100967742,1.0,0.03225806451612903,0.5483870967741935,0.0
2005,9,KA-KAL,17.3297,76.8343,1,0,-0.11,-0.534,1.522602815,8.0,0.6,0.23333333333333334,0.0
2007,6,KA-KAL,17.3297,76.8343,1,0,-0.41,0.031,1.3529915246666666,2.0,0.5333333333333333,0.2,0.0
2007,7,KA-KAL,17.3297,76.8343,1,0,-0.49,0.045,1.3795319935483872,1.0,0.1935483870967742,0.3870967741935484,0.0
2007,8,KA-KAL,17.3297,76.8343,1,0,-0.77,0.237,0.8762567774193548,2.0,0.4838709677419355,0.3548387096774194,0.0
2007,9,KA-KAL,17.3297,76.8343,1,0,-1.05,0.235,1.1761283893333332,5.0,0.9666666666666667,0.0,0.0
2008,6,KA-KAL,17.3297,76.8343,1,0,-0.56,0.215,0.953116955,3.0,0.23333333333333334,0.5333333333333333,0.0
2008,7,KA-KAL,17.3297,76.8343,1,0,-0.33,0.246,1.2312710548387096,1.0,0.25806451612903225,0.7419354838709677,0.0
2008,8,KA-KAL,17.3297,76.8343,1,0,-0.2,0.124,1.211697393548387,2.0,0.0967741935483871,0.5483870967741935,0.0
2008,9,KA-KAL,17.3297,76.8343,1,0,-0.25,0.086,1.446583400333333,5.0,0.3,0.43333333333333335,0.0
2009,6,KA-KAL,17.3297,76.8343,1,0,0.34,0.1,1.4584701413333332,8.0,0.23333333333333334,0.6,0.03333333333333333
2009,7,KA-KAL,17.3297,76.8343,1,0,0.5,-0.192,0.6150665787096774,5.0,0.0,0.5161290322580645,0.0
2009,8,KA-KAL,17.3297,76.8343,1,0,0.56,-0.104,1.12875141,1.0,0.3870967741935484,0.5483870967741935,0.0
2009,9,KA-KAL,17.3297,76.8343,1,0,0.66,-0.103,1.6812911126666668,4.0,0.4,0.16666666666666666,0.0
2010,6,KA-KAL,17.3297,76.8343,1,0,-0.66,-0.14,1.285590429,2.0,0.5,0.4666666666666667,0.0
2010,7,KA-KAL,17.3297,76.8343,1,0,-0.98,-0.001,1.663601914516129,1.0,0.7419354838709677,0.12903225806451613,0.0
2010,8,KA-KAL,17.3297,76.8343,1,0,-1.24,-0.061,0.747917844516129,1.0,0.7419354838709677,0.22580645161290322,0.03225806451612903
2010,9,KA-KAL,17.3297,76.8343,1,0,-1.43,-0.267,0.8091414173333332,1.0,0.6333333333333333,0.16666666666666666,0.0
2011,6,KA-KAL,17.3297,76.8343,1,0,-0.34,0.055,0.6791252076666666,2.0,0.23333333333333334,0.6333333333333333,0.0
2011,7,KA-KAL,17.3297,76.8343,1,0,-0.37,0.223,1.0109919648387098,1.0,0.5483870967741935,0.1935483870967742,0.0
2011,8,KA-KAL,17.3297,76.8343,1,0,-0.5,0.344,1.011544473516129,2.0,0.5806451612903226,0.3225806451612903,0.0
2011,9,KA-KAL,17.3297,76.8343,1,0,-0.76,0.202,0.9066917783333334,3.0,0.2,0.7,0.0
2014,6,KA-KAL,17.3297,76.8343,1,0,0.22,-0.028,1.108679051,4.0,0.2,0.6333333333333333,0.0
2014,7,KA-KAL,17.3297,76.8343,1,0,0.07,-0.363,1.1528067432258065,6.0,0.1935483870967742,0.5161290322580645,0.0
2014,8,KA-KAL,17.3297,76.8343,1,0,0.07,-0.372,1.2150309538709676,2.0,0.22580645161290322,0.5806451612903226,0.0
2014,9,KA-KAL,17.3297,76.8343,1,0,0.24,-0.145,0.649377995,4.0,0.4,0.3,0.0
2015,6,KA-KAL,17.3297,76.8343,1,0,1.19,0.296,1.992920383333333,4.0,0.26666666666666666,0.4666666666666667,0.0
2015,7,KA-KAL,17.3297,76.8343,1,0,1.44,0.225,1.837990334516129,7.0,0.22580645161290322,0.7741935483870968,0.0
2015,8,KA-KAL,17.3297,76.8343,1,0,1.73,0.568,0.8428048241935484,8.0,0.3870967741935484,0.3548387096774194,0.0
2015,9,KA-KAL,17.3297,76.8343,1,0,2.02,0.294,0.62977513528,1.0,0.7333333333333333,0.2,0.0
2016,6,KA-KAL,17.3297,76.8343,1,0,0.09,-0.443,1.5598082686666668,4.0,0.7333333333333333,0.2,0.0
2016,7,KA-KAL,17.3297,76.8343,1,0,-0.19,-0.757,1.0086871877419354,2.0,0.3548387096774194,0.5806451612903226,0.03225806451612903
2016,8,KA-KAL,17.3297,76.8343,1,0,-0.34,-0.443,1.3634238690322582,6.0,0.1935483870967742,0.7741935483870968,0.0
2016,9,KA-KAL,17.3297,76.8343,1,0,-0.42,-0.437,0.9987363606666668,5.0,0.5666666666666667,0.3333333333333333,0.06666666666666667
2017,6,KA-KAL,17.3297,76.8343,1,0,0.32,0.424,1.010765505,1.0,0.6,0.3333333333333333,0.0
2017,7,KA-KAL,17.3297,76.8343,1,0,0.14,0.52,1.0194311058064516,3.0,0.25806451612903225,0.5483870967741935,0.0
2017,8,KA-KAL,17.3297,76.8343,1,0,-0.07,0.349,0.560064344016129,2.0,0.16129032258064516,0.3225806451612903,0.0
2017,9,KA-KAL,17.3297,76.8343,1,0,-0.23,0.035,0.5864452456666667,4.0,0.5666666666666667,0.26666666666666666,0.06666666666666667
2018,6,KA-KAL,17.3297,76.8343,1,0,0.13,0.155,1.099695321,1.0,0.23333333333333334,0.43333333333333335,0.0
2018,7,KA-KAL,17.3297,76.8343,1,0,0.2,0.053,1.4670566325806451,6.0,0.16129032258064516,0.5483870967741935,0.0
2018,8,KA-KAL,17.3297,76.8343,1,0,0.3,0.121,1.1604823280645162,6.0,0.22580645161290322,0.3870967741935484,0.0
2018,9,KA-KAL,17.3297,76.8343,1,0,0.52,0.604,1.0746740603333331,8.0,0.06666666666666667,0.4666666666666667,0.0
2020,6,KA-KAL,17.3297,76.8343,1,0,-0.18,0.455,1.3547168013333333,1.0,0.5666666666666667,0.3333333333333333,0.03333333333333333
2020,7,KA-KAL,17.3297,76.8343,1,0,-0.29,0.319,1.5012130690322585,2.0,0.5806451612903226,0.0,0.03225806451612903
2020,8,KA-KAL,17.3297,76.8343,1,0,-0.43,-0.183,1.5708076487096774,8.0,0.6451612903225806,0.0,0.0
2020,9,KA-KAL,17.3297,76.8343,1,0,-0.77,-0.189,1.1078213236666663,4.0,0.7,0.13333333333333333,0.03333333333333333
2021,6,KA-KAL,17.3297,76.8343,1,0,-0.31,-0.002,1.2543668813333333,1.0,0.4666666666666667,0.3,0.0
2021,7,KA-KAL,17.3297,76.8343,1,0,-0.35,-0.229,1.2697446645161292,2.0,0.6774193548387096,0.12903225806451613,0.03225806451612903
2021,8,KA-KAL,17.3297,76.8343,1,0,-0.46,-0.099,1.3328496390322582,2.0,0.2903225806451613,0.5483870967741935,0.03225806451612903
2021,9,KA-KAL,17.3297,76.8343,1,0,-0.64,-0.058,1.16716908,3.0,0.6666666666666666,0.06666666666666667,0.0
2022,6,KA-KAL,17.3297,76.8343,1,0,-0.73,-0.335,1.7460144566666669,1.0,0.0,0.6666666666666666,0.0
2022,7,KA-KAL,17.3297,76.8343,1,0,-0.7,-0.195,0.9906527754838708,4.0,0.7096774193548387,0.0967741935483871,0.0
2022,8,KA-KAL,17.3297,76.8343,1,0,-0.78,-0.246,0.962351660967742,2.0,0.4838709677419355,0.22580645161290322,0.0
2022,9,KA-KAL,17.3297,76.8343,1,0,-0.87,-0.322,0.45954351401,4.0,0.4,0.4,0.0
2023,6,KA-KAL,17.3297,76.8343,1,0,0.73,0.665,1.1452140906,2.0,0.0,0.8333333333333334,0.0
2023,7,KA-KAL,17.3297,76.8343,1,0,1.0,0.498,0.7976125261290323,6.0,0.6129032258064516,0.1935483870967742,0.0
2023,8,KA-KAL,17.3297,76.8343,1,0,1.25,0.826,0.9138732870967742,8.0,0.0967741935483871,0.7741935483870968,0.0
2023,9,KA-KAL,17.3297,76.8343,1,0,1.5,0.946,0.8482362092433333,4.0,0.5,0.23333333333333334,0.0
1990,6,TN-CBE,11.0168,76.9558,1,0,0.25,-0.568,0.7040596286666666,6.0,0.0,1.0,0.0
1990,7,TN-CBE,11.0168,76.9558,1,0,0.26,-0.246,0.7642434731967742,1.0,0.0,1.0,0.0
1990,8,TN-CBE,11.0168,76.9558,1,0,0.32,-0.391,0.8801470647322581,6.0,0.0,1.0,0.0
1990,9,TN-CBE,11.0168,76.9558,1,0,0.31,-0.183,0.775732242,3.0,0.0,1.0,0.0
1991,6,TN-CBE,11.0168,76.9558,1,0,0.63,0.263,1.4334286633333333,5.0,0.0,0.7666666666666667,0.0
1991,7,TN-CBE,11.0168,76.9558,1,0,0.77,0.269,0.6487244419290323,6.0,0.0,0.6774193548387096,0.0
1991,8,TN-CBE,11.0168,76.9558,1,0,0.67,0.058,1.2953001661290322,5.0,0.0,0.9032258064516129,0.0
1991,9,TN-CBE,11.0168,76.9558,1,0,0.72,0.099,1.3728957676666669,8.0,0.0,1.0,0.0
1992,6,TN-CBE,11.0168,76.9558,1,0,0.72,-0.861,1.0309609286666666,3.0,0.23333333333333334,0.7,0.0
1992,7,TN-CBE,11.0168,76.9558,1,0,0.35,-0.479,1.032042581935484,3.0,0.0,0.8387096774193549,0.0
1992,8,TN-CBE,11.0168,76.9558,1,0,0.08,-0.768,0.7930089680645162,5.0,0.0,0.7096774193548387,0.0
1992,9,TN-CBE,11.0168,76.9558,1,0,-0.15,-0.833,1.1277177353333334,2.0,0.3333333333333333,0.6333333333333333,0.0
1993,6,TN-CBE,11.0168,76.9558,1,0,0.56,-0.108,1.5129156700000002,8.0,0.23333333333333334,0.7666666666666667,0.0
1993,7,TN-CBE,11.0168,76.9558,1,0,0.28,-0.152,0.8503892948387097,5.0,0.0,1.0,0.0
1993,8,TN-CBE,11.0168,76.9558,1,0,0.22,-0.306,0.9336245306,1.0,0.0967741935483871,0.9032258064516129,0.0
1993,9,TN-CBE,11.0168,76.9558,1,0,0.2,-0.17,0.4647173026666666,2.0,0.13333333333333333,0.8666666666666667,0.0
1995,6,TN-CBE,11.0168,76.9558,1,0,-0.11,-0.078,0.8386585686666667,2.0,0.0,1.0,0.0
1995,7,TN-CBE,11.0168,76.9558,1,0,-0.3,-0.169,1.3968855583870967,2.0,0.0,1.0,0.0
1995,8,TN-CBE,11.0168,76.9558,1,0,-0.55,-0.144,1.3320209096774194,2.0,0.0,0.8064516129032258,0.0
1995,9,TN-CBE,11.0168,76.9558,1,0,-0.81,-0.18,1.0134717556666666,5.0,0.0,1.0,0.0
1996,6,TN-CBE,11.0168,76.9558,1,0,-0.24,-0.395,1.5769545686666668,3.0,0.13333333333333333,0.6666666666666666,0.0
1996,7,TN-CBE,11.0168,76.9558,1,0,-0.22,-0.644,1.590457191935484,6.0,0.0,1.0,0.0
1996,8,TN-CBE,11.0168,76.9558,1,0,-0.27,-0.681,1.0089208741935485,3.0,0.22580645161290322,0.6451612903225806,0.0
1996,9,TN-CBE,11.0168,76.9558,1,0,-0.3,-0.712,1.0609203293333334,5.0,0.0,1.0,0.0
1998,6,TN-CBE,11.0168,76.9558,1,0,-0.08,0.147,0.921335034,3.0,0.0,0.9666666666666667,0.0
1998,7,TN-CBE,11.0168,76.9558,1,0,-0.63,-0.385,0.75393639,2.0,0.22580645161290322,0.6129032258064516,0.0
1998,8,TN-CBE,11.0168,76.9558,1,0,-0.83,-0.58,1.00514719,2.0,0.0,0.7741935483870968,0.0
1998,9,TN-CBE,11.0168,76.9558,1,0,-1.02,-0.496,1.4218518516666667,8.0,0.23333333333333334,0.7666666666666667,0.0
2002,6,TN-CBE,11.0168,76.9558,1,0,0.45,-0.189,1.8803833166666664,2.0,0.0,1.0,0.0
2002,7,TN-CBE,11.0168,76.9558,1,0,0.57,-0.261,1.7221574980645162,8.0,0.0,1.0,0.0
2002,8,TN-CBE,11.0168,76.9558,1,0,0.63,-0.208,1.420236031935484,8.0,0.0,0.9032258064516129,0.0
2002,9,TN-CBE,11.0168,76.9558,1,0,0.78,0.286,0.7018471730000001,2.0,0.0,0.8666666666666667,0.0
2003,6,TN-CBE,11.0168,76.9558,1,0,-0.13,0.139,1.65106069,1.0,0.0,1.0,0.0
2003,7,TN-CBE,11.0168,76.9558,1,0,0.09,0.131,0.992855799032258,2.0,0.0,1.0,0.0
2003,8,TN-CBE,11.0168,76.9558,1,0,0.14,0.108,0.6039936987096773,6.0,0.0,1.0,0.0
2003,9,TN-CBE,11.0168,76.9558,1,0,0.23,-0.06,0.7902776976666667,4.0,0.0,1.0,0.0
2004,6,TN-CBE,11.0168,76.9558,1,0,0.22,-0.384,1.0188708323333333,7.0,0.06666666666666667,0.9333333333333333,0.0
2004,7,TN-CBE,11.0168,76.9558,1,0,0.39,-0.301,1.611224959354839,1.0,0.0,0.9354838709677419,0.0
2004,8,TN-CBE,11.0168,76.9558,1,0,0.54,-0.133,1.2484562670967745,6.0,0.0,0.8064516129032258,0.0
2004,9,TN-CBE,11.0168,76.9558,1,0,0.58,-0.106,1.438454236,2.0,0.2,0.8,0.03333333333333333
2005,6,TN-CBE,11.0168,76.9558,1,0,0.09,-0.176,0.7345759723333334,2.0,0.06666666666666667,0.9333333333333333,0.0
2005,7,TN-CBE,11.0168,76.9558,1,0,-0.04,-0.384,1.029081502903226,2.0,0.0,0.7741935483870968,0.0
2005,8,TN-CBE,11.0168,76.9558,1,0,-0.14,-0.345,0.939736100967742,1.0,0.0,0.7741935483870968,0.0
2005,9,TN-CBE,11.0168,76.9558,1,0,-0.11,-0.534,1.522602815,8.0,0.0,1.0,0.0
2007,6,TN-CBE,11.0168,76.9558,1,0,-0.41,0.031,1.3529915246666666,2.0,0.0,0.5333333333333333,0.0
2007,7,TN-CBE,11.0168,76.9558,1,0,-0.49,0.045,1.3795319935483872,1.0,0.0,0.7419354838709677,0.0
2007,8,TN-CBE,11.0168,76.9558,1,0,-0.77,0.237,0.8762567774193548,2.0,0.0,1.0,0.0
2007,9,TN-CBE,11.0168,76.9558,1,0,-1.05,0.235,1.1761283893333332,5.0,0.0,1.0,0.0
2008,6,TN-CBE,11.0168,76.9558,1,0,-0.56,0.215,0.953116955,3.0,0.0,0.9333333333333333,0.0
2008,7,TN-CBE,11.0168,76.9558,1,0,-0.33,0.246,1.2312710548387096,1.0,0.0,0.5483870967741935,0.0
2008,8,TN-CBE,11.0168,76.9558,1,0,-0.2,0.124,1.211697393548387,2.0,0.06451612903225806,0.6451612903225806,0.0
2008,9,TN-CBE,11.0168,76.9558,1,0,-0.25,0.086,1.446583400333333,5.0,0.06666666666666667,0.8333333333333334,0.0
2009,6,TN-CBE,11.0168,76.9558,1,0,0.34,0.1,1.4584701413333332,8.0,0.0,0.8,0.0
2009,7,TN-CBE,11.0168,76.9558,1,0,0.5,-0.192,0.6150665787096774,5.0,0.0,0.4838709677419355,0.0
2009,8,TN-CBE,11.0168,76.9558,1,0,0.56,-0.104,1.12875141,1.0,0.22580645161290322,0.6451612903225806,0.0
2009,9,TN-CBE,11.0168,76.9558,1,0,0.66,-0.103,1.6812911126666668,4.0,0.0,0.7666666666666667,0.0
2010,6,TN-CBE,11.0168,76.9558,1,0,-0.66,-0.14,1.285590429,2.0,0.0,1.0,0.0
2010,7,TN-CBE,11.0168,76.9558,1,0,-0.98,-0.001,1.663601914516129,1.0,0.0,1.0,0.0
2010,8,TN-CBE,11.0168,76.9558,1,0,-1.24,-0.061,0.747917844516129,1.0,0.22580645161290322,0.7096774193548387,0.0
2010,9,TN-CBE,11.0168,76.9558,1,0,-1.43,-0.267,0.8091414173333332,1.0,0.0,0.7666666666666667,0.0
2011,6,TN-CBE,11.0168,76.9558,1,0,-0.34,0.055,0.6791252076666666,2.0,0.9666666666666667,0.03333333333333333,0.03333333333333333
2011,7,TN-CBE,11.0168,76.9558,1,0,-0.37,0.223,1.0109919648387098,1.0,0.6774193548387096,0.0,0.0
2011,8,TN-CBE,11.0168,76.9558,1,0,-0.5,0.344,1.011544473516129,2.0,0.8387096774193549,0.0967741935483871,0.0
2011,9,TN-CBE,11.0168,76.9558,1,0,-0.76,0.202,0.9066917783333334,3.0,0.6333333333333333,0.16666666666666666,0.03333333333333333
2014,6,TN-CBE,11.0168,76.9558,1,0,0.22,-0.028,1.108679051,4.0,0.0,0.9333333333333333,0.0
2014,7,TN-CBE,11.0168,76.9558,1,0,0.07,-0.363,1.1528067432258065,6.0,0.0,1.0,0.0
2014,8,TN-CBE,11.0168,76.9558,1,0,0.07,-0.372,1.2150309538709676,2.0,0.0,0.7419354838709677,0.0
2014,9,TN-CBE,11.0168,76.9558,1,0,0.24,-0.145,0.649377995,4.0,0.23333333333333334,0.7666666666666667,0.0
2015,6,TN-CBE,11.0168,76.9558,1,0,1.19,0.296,1.992920383333333,4.0,0.0,1.0,0.0
2015,7,TN-CBE,11.0168,76.9558,1,0,1.44,0.225,1.837990334516129,7.0,0.0,1.0,0.0
2015,8,TN-CBE,11.0168,76.9558,1,0,1.73,0.568,0.8428048241935484,8.0,0.0,0.7741935483870968,0.0
2015,9,TN-CBE,11.0168,76.9558,1,0,2.02,0.294,0.62977513528,1.0,0.06666666666666667,0.9,0.0
2016,6,TN-CBE,11.0168,76.9558,1,0,0.09,-0.443,1.5598082686666668,4.0,0.0,1.0,0.0
2016,7,TN-CBE,11.0168,76.9558,1,0,-0.19,-0.757,1.0086871877419354,2.0,0.0,1.0,0.0
2016,8,TN-CBE,11.0168,76.9558,1,0,-0.34,-0.443,1.3634238690322582,6.0,0.0,1.0,0.0
2016,9,TN-CBE,11.0168,76.9558,1,0,-0.42,-0.437,0.9987363606666668,5.0,0.0,1.0,0.0
2017,6,TN-CBE,11.0168,76.9558,1,0,0.32,0.424,1.010765505,1.0,0.0,1.0,0.0
2017,7,TN-CBE,11.0168,76.9558,1,0,0.14,0.52,1.0194311058064516,3.0,0.0,1.0,0.0
2017,8,TN-CBE,11.0168,76.9558,1,0,-0.07,0.349,0.560064344016129,2.0,0.0,0.9032258064516129,0.0
2017,9,TN-CBE,11.0168,76.9558,1,0,-0.23,0.035,0.5864452456666667,4.0,0.4666666666666667,0.3,0.06666666666666667
2018,6,TN-CBE,11.0168,76.9558,1,0,0.13,0.155,1.099695321,1.0,0.0,0.9,0.0
2018,7,TN-CBE,11.0168,76.9558,1,0,0.2,0.053,1.4670566325806451,6.0,0.0,0.967741935483871,0.0
2018,8,TN-CBE,11.0168,76.9558,1,0,0.3,0.121,1.1604823280645162,6.0,0.0,0.8064516129032258,0.0
2018,9,TN-CBE,11.0168,76.9558,1,0,0.52,0.604,1.0746740603333331,8.0,0.1,0.7666666666666667,0.0
2020,6,TN-CBE,11.0168,76.9558,1,0,-0.18,0.455,1.3547168013333333,1.0,0.13333333333333333,0.8666666666666667,0.0
2020,7,TN-CBE,11.0168,76.9558,1,0,-0.29,0.319,1.5012130690322585,2.0,0.22580645161290322,0.7419354838709677,0.0
2020,8,TN-CBE,11.0168,76.9558,1,0,-0.43,-0.183,1.5708076487096774,8.0,0.0,0.7741935483870968,0.0
2020,9,TN-CBE,11.0168,76.9558,1,0,-0.77,-0.189,1.1078213236666663,4.0,0.3,0.7,0.0
2021,6,TN-CBE,11.0168,76.9558,1,0,-0.31,-0.002,1.2543668813333333,1.0,0.0,1.0,0.0
2021,7,TN-CBE,11.0168,76.9558,1,0,-0.35,-0.229,1.2697446645161292,2.0,0.0,1.0,0.0
2021,8,TN-CBE,11.0168,76.9558,1,0,-0.46,-0.099,1.3328496390322582,2.0,0.0,1.0,0.0
2021,9,TN-CBE,11.0168,76.9558,1,0,-0.64,-0.058,1.16716908,3.0,0.0,0.7666666666666667,0.0
2022,6,TN-CBE,11.0168,76.9558,1,0,-0.73,-0.335,1.7460144566666669,1.0,0.0,1.0,0.0
2022,7,TN-CBE,11.0168,76.9558,1,0,-0.7,-0.195,0.9906527754838708,4.0,0.0,0.967741935483871,0.0
2022,8,TN-CBE,11.0168,76.9558,1,0,-0.78,-0.246,0.962351660967742,2.0,0.16129032258064516,0.6129032258064516,0.0
2022,9,TN-CBE,11.0168,76.9558,1,0,-0.87,-0.322,0.45954351401,4.0,0.26666666666666666,0.7333333333333333,0.0
2023,6,TN-CBE,11.0168,76.9558,1,0,0.73,0.665,1.1452140906,2.0,0.0,1.0,0.0
2023,7,TN-CBE,11.0168,76.9558,1,0,1.0,0.498,0.7976125261290323,6.0,0.0,1.0,0.0
2023,8,TN-CBE,11.0168,76.9558,1,0,1.25,0.826,0.9138732870967742,8.0,0.0,1.0,0.0
2023,9,TN-CBE,11.0168,76.9558,1,0,1.5,0.946,0.8482362092433333,4.0,0.0,1.0,0.0
1990,6,TN-MDU,9.9252,78.1198,1,0,0.25,-0.568,0.7040596286666666,6.0,0.0,0.7666666666666667,0.0
1990,7,TN-MDU,9.9252,78.1198,1,0,0.26,-0.246,0.7642434731967742,1.0,0.06451612903225806,0.9032258064516129,0.0
1990,8,TN-MDU,9.9252,78.1198,1,0,0.32,-0.391,0.8801470647322581,6.0,0.12903225806451613,0.8387096774193549,0.0
1990,9,TN-MDU,9.9252,78.1198,1,0,0.31,-0.183,0.775732242,3.0,0.4666666666666667,0.3,0.0
1991,6,TN-MDU,9.9252,78.1198,1,0,0.63,0.263,1.4334286633333333,5.0,0.23333333333333334,0.7666666666666667,0.0
1991,7,TN-MDU,9.9252,78.1198,1,0,0.77,0.269,0.6487244419290323,6.0,0.0,1.0,0.0
1991,8,TN-MDU,9.9252,78.1198,1,0,0.67,0.058,1.2953001661290322,5.0,0.0,0.6451612903225806,0.0
1991,9,TN-MDU,9.9252,78.1198,1,0,0.72,0.099,1.3728957676666669,8.0,0.5666666666666667,0.3333333333333333,0.0
1992,6,TN-MDU,9.9252,78.1198,1,0,0.72,-0.861,1.0309609286666666,3.0,0.0,0.8333333333333334,0.0
1992,7,TN-MDU,9.9252,78.1198,1,0,0.35,-0.479,1.032042581935484,3.0,0.1935483870967742,0.7096774193548387,0.0
1992,8,TN-MDU,9.9252,78.1198,1,0,0.08,-0.768,0.7930089680645162,5.0,0.0,0.6129032258064516,0.0
1992,9,TN-MDU,9.9252,78.1198,1,0,-0.15,-0.833,1.1277177353333334,2.0,0.36666666666666664,0.2,0.0
1993,6,TN-MDU,9.9252,78.1198,1,0,0.56,-0.108,1.5129156700000002,8.0,0.0,0.7333333333333333,0.0
1993,7,TN-MDU,9.9252,78.1198,1,0,0.28,-0.152,0.8503892948387097,5.0,0.22580645161290322,0.7741935483870968,0.0
1993,8,TN-MDU,9.9252,78.1198,1,0,0.22,-0.306,0.9336245306,1.0,0.0967741935483871,0.6451612903225806,0.0
1993,9,TN-MDU,9.9252,78.1198,1,0,0.2,-0.17,0.4647173026666666,2.0,0.6,0.26666666666666666,0.0
1995,6,TN-MDU,9.9252,78.1198,1,0,-0.11,-0.078,0.8386585686666667,2.0,0.3333333333333333,0.6,0.0
1995,7,TN-MDU,9.9252,78.1198,1,0,-0.3,-0.169,1.3968855583870967,2.0,0.22580645161290322,0.6774193548387096,0.0
1995,8,TN-MDU,9.9252,78.1198,1,0,-0.55,-0.144,1.3320209096774194,2.0,0.25806451612903225,0.3870967741935484,0.0
1995,9,TN-MDU,9.9252,78.1198,1,0,-0.81,-0.18,1.0134717556666666,5.0,0.3333333333333333,0.4666666666666667,0.0
1996,6,TN-MDU,9.9252,78.1198,1,0,-0.24,-0.395,1.5769545686666668,3.0,0.16666666666666666,0.6,0.0
1996,7,TN-MDU,9.9252,78.1198,1,0,-0.22,-0.644,1.590457191935484,6.0,0.16129032258064516,0.6774193548387096,0.0
1996,8,TN-MDU,9.9252,78.1198,1,0,-0.27,-0.681,1.0089208741935485,3.0,0.3870967741935484,0.6129032258064516,0.0
1996,9,TN-MDU,9.9252,78.1198,1,0,-0.3,-0.712,1.0609203293333334,5.0,0.23333333333333334,0.3,0.0
1998,6,TN-MDU,9.9252,78.1198,1,0,-0.08,0.147,0.921335034,3.0,0.0,0.9,0.0
1998,7,TN-MDU,9.9252,78.1198,1,0,-0.63,-0.385,0.75393639,2.0,0.2903225806451613,0.6129032258064516,0.0
1998,8,TN-MDU,9.9252,78.1198,1,0,-0.83,-0.58,1.00514719,2.0,0.5483870967741935,0.3548387096774194,0.0
1998,9,TN-MDU,9.9252,78.1198,1,0,-1.02,-0.496,1.4218518516666667,8.0,0.16666666666666666,0.6333333333333333,0.0
2002,6,TN-MDU,9.9252,78.1198,1,0,0.45,-0.189,1.8803833166666664,2.0,0.0,1.0,0.0
2002,7,TN-MDU,9.9252,78.1198,1,0,0.57,-0.261,1.7221574980645162,8.0,0.0,1.0,0.0
2002,8,TN-MDU,9.9252,78.1198,1,0,0.63,-0.208,1.420236031935484,8.0,0.0,0.9032258064516129,0.0
2002,9,TN-MDU,9.9252,78.1198,1,0,0.78,0.286,0.7018471730000001,2.0,0.03333333333333333,0.6333333333333333,0.0
2003,6,TN-MDU,9.9252,78.1198,1,0,-0.13,0.139,1.65106069,1.0,0.0,0.7666666666666667,0.0
2003,7,TN-MDU,9.9252,78.1198,1,0,0.09,0.131,0.992855799032258,2.0,0.0,0.7741935483870968,0.0
2003,8,TN-MDU,9.9252,78.1198,1,0,0.14,0.108,0.6039936987096773,6.0,0.16129032258064516,0.41935483870967744,0.0
2003,9,TN-MDU,9.9252,78.1198,1,0,0.23,-0.06,0.7902776976666667,4.0,0.0,0.9666666666666667,0.0
2004,6,TN-MDU,9.9252,78.1198,1,0,0.22,-0.384,1.0188708323333333,7.0,0.0,0.7,0.0
2004,7,TN-MDU,9.9252,78.1198,1,0,0.39,-0.301,1.611224959354839,1.0,0.0,0.8387096774193549,0.0
2004,8,TN-MDU,9.9252,78.1198,1,0,0.54,-0.133,1.2484562670967745,6.0,0.0,0.9354838709677419,0.0
2004,9,TN-MDU,9.9252,78.1198,1,0,0.58,-0.106,1.438454236,2.0,0.5666666666666667,0.1,0.0
2005,6,TN-MDU,9.9252,78.1198,1,0,0.09,-0.176,0.7345759723333334,2.0,0.0,0.8333333333333334,0.0
2005,7,TN-MDU,9.9252,78.1198,1,0,-0.04,-0.384,1.029081502903226,2.0,0.22580645161290322,0.5806451612903226,0.0
2005,8,TN-MDU,9.9252,78.1198,1,0,-0.14,-0.345,0.939736100967742,1.0,0.16129032258064516,0.8064516129032258,0.0
2005,9,TN-MDU,9.9252,78.1198,1,0,-0.11,-0.534,1.522602815,8.0,0.26666666666666666,0.6333333333333333,0.0
2007,6,TN-MDU,9.9252,78.1198,1,0,-0.41,0.031,1.3529915246666666,2.0,0.23333333333333334,0.6,0.0
2007,7,TN-MDU,9.9252,78.1198,1,0,-0.49,0.045,1.3795319935483872,1.0,0.0,1.0,0.0
2007,8,TN-MDU,9.9252,78.1198,1,0,-0.77,0.237,0.8762567774193548,2.0,0.4838709677419355,0.4838709677419355,0.0
2007,9,TN-MDU,9.9252,78.1198,1,0,-1.05,0.235,1.1761283893333332,5.0,0.1,0.6666666666666666,0.0
2008,6,TN-MDU,9.9252,78.1198,1,0,-0.56,0.215,0.953116955,3.0,0.0,0.7666666666666667,0.0
2008,7,TN-MDU,9.9252,78.1198,1,0,-0.33,0.246,1.2312710548387096,1.0,0.0,1.0,0.0
2008,8,TN-MDU,9.9252,78.1198,1,0,-0.2,0.124,1.211697393548387,2.0,0.4838709677419355,0.45161290322580644,0.0
2008,9,TN-MDU,9.9252,78.1198,1,0,-0.25,0.086,1.446583400333333,5.0,0.1,0.7333333333333333,0.0
2009,6,TN-MDU,9.9252,78.1198,1,0,0.34,0.1,1.4584701413333332,8.0,0.0,1.0,0.0
2009,7,TN-MDU,9.9252,78.1198,1,0,0.5,-0.192,0.6150665787096774,5.0,0.0,1.0,0.0
2009,8,TN-MDU,9.9252,78.1198,1,0,0.56,-0.104,1.12875141,1.0,0.12903225806451613,0.6451612903225806,0.0
2009,9,TN-MDU,9.9252,78.1198,1,0,0.66,-0.103,1.6812911126666668,4.0,0.0,0.6,0.0
2010,6,TN-MDU,9.9252,78.1198,1,0,-0.66,-0.14,1.285590429,2.0,0.2,0.5,0.0
2010,7,TN-MDU,9.9252,78.1198,1,0,-0.98,-0.001,1.663601914516129,1.0,0.03225806451612903,0.41935483870967744,0.0
2010,8,TN-MDU,9.9252,78.1198,1,0,-1.24,-0.061,0.747917844516129,1.0,0.0,0.8387096774193549,0.0
2010,9,TN-MDU,9.9252,78.1198,1,0,-1.43,-0.267,0.8091414173333332,1.0,0.4666666666666667,0.3,0.0
2011,6,TN-MDU,9.9252,78.1198,1,0,-0.34,0.055,0.6791252076666666,2.0,0.9666666666666667,0.0,0.0
2011,7,TN-MDU,9.9252,78.1198,1,0,-0.37,0.223,1.0109919648387098,1.0,0.9032258064516129,0.03225806451612903,0.0
2011,8,TN-MDU,9.9252,78.1198,1,0,-0.5,0.344,1.011544473516129,2.0,0.6774193548387096,0.03225806451612903,0.0
2011,9,TN-MDU,9.9252,78.1198,1,0,-0.76,0.202,0.9066917783333334,3.0,0.6666666666666666,0.13333333333333333,0.0
2014,6,TN-MDU,9.9252,78.1198,1,0,0.22,-0.028,1.108679051,4.0,0.0,0.8,0.0
2014,7,TN-MDU,9.9252,78.1198,1,0,0.07,-0.363,1.1528067432258065,6.0,0.0,1.0,0.0
2014,8,TN-MDU,9.9252,78.1198,1,0,0.07,-0.372,1.2150309538709676,2.0,0.06451612903225806,0.5161290322580645,0.0
2014,9,TN-MDU,9.9252,78.1198,1,0,0.24,-0.145,0.649377995,4.0,0.06666666666666667,0.8,0.0
2015,6,TN-MDU,9.9252,78.1198,1,0,1.19,0.296,1.992920383333333,4.0,0.23333333333333334,0.7666666666666667,0.0
2015,7,TN-MDU,9.9252,78.1198,1,0,1.44,0.225,1.837990334516129,7.0,0.0,0.9032258064516129,0.0
2015,8,TN-MDU,9.9252,78.1198,1,0,1.73,0.568,0.8428048241935484,8.0,0.22580645161290322,0.6451612903225806,0.0
2015,9,TN-MDU,9.9252,78.1198,1,0,2.02,0.294,0.62977513528,1.0,0.16666666666666666,0.6666666666666666,0.0
2016,6,TN-MDU,9.9252,78.1198,1,0,0.09,-0.443,1.5598082686666668,4.0,0.0,1.0,0.0
2016,7,TN-MDU,9.9252,78.1198,1,0,-0.19,-0.757,1.0086871877419354,2.0,0.16129032258064516,0.5806451612903226,0.0
2016,8,TN-MDU,9.9252,78.1198,1,0,-0.34,-0.443,1.3634238690322582,6.0,0.06451612903225806,0.6451612903225806,0.0
2016,9,TN-MDU,9.9252,78.1198,1,0,-0.42,-0.437,0.9987363606666668,5.0,0.23333333333333334,0.6333333333333333,0.0
2017,6,TN-MDU,9.9252,78.1198,1,0,0.32,0.424,1.010765505,1.0,0.2,0.7333333333333333,0.0
2017,7,TN-MDU,9.9252,78.1198,1,0,0.14,0.52,1.0194311058064516,3.0,0.0,0.7741935483870968,0.0
2017,8,TN-MDU,9.9252,78.1198,1,0,-0.07,0.349,0.560064344016129,2.0,0.12903225806451613,0.3870967741935484,0.0
2017,9,TN-MDU,9.9252,78.1198,1,0,-0.23,0.035,0.5864452456666667,4.0,0.5333333333333333,0.3,0.03333333333333333
2018,6,TN-MDU,9.9252,78.1198,1,0,0.13,0.155,1.099695321,1.0,0.0,1.0,0.0
2018,7,TN-MDU,9.9252,78.1198,1,0,0.2,0.053,1.4670566325806451,6.0,0.1935483870967742,0.6451612903225806,0.0
2018,8,TN-MDU,9.9252,78.1198,1,0,0.3,0.121,1.1604823280645162,6.0,0.12903225806451613,0.7741935483870968,0.0
2018,9,TN-MDU,9.9252,78.1198,1,0,0.52,0.604,1.0746740603333331,8.0,0.5,0.43333333333333335,0.0
2020,6,TN-MDU,9.9252,78.1198,1,0,-0.18,0.455,1.3547168013333333,1.0,0.26666666666666666,0.5333333333333333,0.0
2020,7,TN-MDU,9.9252,78.1198,1,0,-0.29,0.319,1.5012130690322585,2.0,0.3225806451612903,0.4838709677419355,0.0
2020,8,TN-MDU,9.9252,78.1198,1,0,-0.43,-0.183,1.5708076487096774,8.0,0.0967741935483871,0.5483870967741935,0.0
2020,9,TN-MDU,9.9252,78.1198,1,0,-0.77,-0.189,1.1078213236666663,4.0,0.36666666666666664,0.36666666666666664,0.0
2021,6,TN-MDU,9.9252,78.1198,1,0,-0.31,-0.002,1.2543668813333333,1.0,0.23333333333333334,0.7666666666666667,0.0
2021,7,TN-MDU,9.9252,78.1198,1,0,-0.35,-0.229,1.2697446645161292,2.0,0.45161290322580644,0.5483870967741935,0.0
2021,8,TN-MDU,9.9252,78.1198,1,0,-0.46,-0.099,1.3328496390322582,2.0,0.12903225806451613,0.5483870967741935,0.0
2021,9,TN-MDU,9.9252,78.1198,1,0,-0.64,-0.058,1.16716908,3.0,0.4,0.3,0.0
2022,6,TN-MDU,9.9252,78.1198,1,0,-0.73,-0.335,1.7460144566666669,1.0,0.0,0.4,0.0
2022,7,TN-MDU,9.9252,78.1198,1,0,-0.7,-0.195,0.9906527754838708,4.0,0.3225806451612903,0.5806451612903226,0.03225806451612903
2022,8,TN-MDU,9.9252,78.1198,1,0,-0.78,-0.246,0.962351660967742,2.0,0.3870967741935484,0.3870967741935484,0.03225806451612903
2022,9,TN-MDU,9.9252,78.1198,1,0,-0.87,-0.322,0.45954351401,4.0,0.13333333333333333,0.7666666666666667,0.0
2023,6,TN-MDU,9.9252,78.1198,1,0,0.73,0.665,1.1452140906,2.0,0.0,0.7666666666666667,0.0
2023,7,TN-MDU,9.9252,78.1198,1,0,1.0,0.498,0.7976125261290323,6.0,0.1935483870967742,0.3548387096774194,0.0
2023,8,TN-MDU,9.9252,78.1198,1,0,1.25,0.826,0.9138732870967742,8.0,0.2903225806451613,0.6129032258064516,0.0
2023,9,TN-MDU,9.9252,78.1198,1,0,1.5,0.946,0.8482362092433333,4.0,0.16666666666666666,0.4666666666666667,0.0
1990,6,TN-TRZ,10.7905,78.7047,1,0,0.25,-0.568,0.7040596286666666,6.0,0.0,1.0,0.0
1990,7,TN-TRZ,10.7905,78.7047,1,0,0.26,-0.246,0.7642434731967742,1.0,0.0,1.0,0.0
1990,8,TN-TRZ,10.7905,78.7047,1,0,0.32,-0.391,0.8801470647322581,6.0,0.0,0.8387096774193549,0.0
1990,9,TN-TRZ,10.7905,78.7047,1,0,0.31,-0.183,0.775732242,3.0,0.5333333333333333,0.23333333333333334,0.0
1991,6,TN-TRZ,10.7905,78.7047,1,0,0.63,0.263,1.4334286633333333,5.0,0.0,0.5,0.0
1991,7,TN-TRZ,10.7905,78.7047,1,0,0.77,0.269,0.6487244419290323,6.0,0.0,1.0,0.0
1991,8,TN-TRZ,10.7905,78.7047,1,0,0.67,0.058,1.2953001661290322,5.0,0.22580645161290322,0.7419354838709677,0.0
1991,9,TN-TRZ,10.7905,78.7047,1,0,0.72,0.099,1.3728957676666669,8.0,0.23333333333333334,0.6,0.0
1992,6,TN-TRZ,10.7905,78.7047,1,0,0.72,-0.861,1.0309609286666666,3.0,0.1,0.7,0.0
1992,7,TN-TRZ,10.7905,78.7047,1,0,0.35,-0.479,1.032042581935484,3.0,0.16129032258064516,0.7096774193548387,0.0
1992,8,TN-TRZ,10.7905,78.7047,1,0,0.08,-0.768,0.7930089680645162,5.0,0.0,0.7741935483870968,0.0
1992,9,TN-TRZ,10.7905,78.7047,1,0,-0.15,-0.833,1.1277177353333334,2.0,0.4,0.43333333333333335,0.0
1993,6,TN-TRZ,10.7905,78.7047,1,0,0.56,-0.108,1.5129156700000002,8.0,0.2,0.6666666666666666,0.0
1993,7,TN-TRZ,10.7905,78.7047,1,0,0.28,-0.152,0.8503892948387097,5.0,0.0,0.5483870967741935,0.0
1993,8,TN-TRZ,10.7905,78.7047,1,0,0.22,-0.306,0.9336245306,1.0,0.0,0.8709677419354839,0.0
1993,9,TN-TRZ,10.7905,78.7047,1,0,0.2,-0.17,0.4647173026666666,2.0,0.13333333333333333,0.6666666666666666,0.0
1995,6,TN-TRZ,10.7905,78.7047,1,0,-0.11,-0.078,0.8386585686666667,2.0,0.1,0.7666666666666667,0.0
1995,7,TN-TRZ,10.7905,78.7047,1,0,-0.3,-0.169,1.3968855583870967,2.0,0.0,0.7741935483870968,0.0
1995,8,TN-TRZ,10.7905,78.7047,1,0,-0.55,-0.144,1.3320209096774194,2.0,0.0,0.7741935483870968,0.0
1995,9,TN-TRZ,10.7905,78.7047,1,0,-0.81,-0.18,1.0134717556666666,5.0,0.0,0.7666666666666667,0.0
1996,6,TN-TRZ,10.7905,78.7047,1,0,-0.24,-0.395,1.5769545686666668,3.0,0.23333333333333334,0.7,0.0
1996,7,TN-TRZ,10.7905,78.7047,1,0,-0.22,-0.644,1.590457191935484,6.0,0.0,0.7741935483870968,0.0
1996,8,TN-TRZ,10.7905,78.7047,1,0,-0.27,-0.681,1.0089208741935485,3.0,0.45161290322580644,0.5161290322580645,0.0
1996,9,TN-TRZ,10.7905,78.7047,1,0,-0.3,-0.712,1.0609203293333334,5.0,0.36666666666666664,0.26666666666666666,0.0
1998,6,TN-TRZ,10.7905,78.7047,1,0,-0.08,0.147,0.921335034,3.0,0.0,1.0,0.0
1998,7,TN-TRZ,10.7905,78.7047,1,0,-0.63,-0.385,0.75393639,2.0,0.3225806451612903,0.6774193548387096,0.0
1998,8,TN-TRZ,10.7905,78.7047,1,0,-0.83,-0.58,1.00514719,2.0,0.5161290322580645,0.22580645161290322,0.0
1998,9,TN-TRZ,10.7905,78.7047,1,0,-1.02,-0.496,1.4218518516666667,8.0,0.16666666666666666,0.6,0.0
2002,6,TN-TRZ,10.7905,78.7047,1,0,0.45,-0.189,1.8803833166666664,2.0,0.13333333333333333,0.6333333333333333,0.0
2002,7,TN-TRZ,10.7905,78.7047,1,0,0.57,-0.261,1.7221574980645162,8.0,0.0,1.0,0.0
2002,8,TN-TRZ,10.7905,78.7047,1,0,0.63,-0.208,1.420236031935484,8.0,0.0,1.0,0.0
2002,9,TN-TRZ,10.7905,78.7047,1,0,0.78,0.286,0.7018471730000001,2.0,0.0,1.0,0.0
2003,6,TN-TRZ,10.7905,78.7047,1,0,-0.13,0.139,1.65106069,1.0,0.0,1.0,0.0
2003,7,TN-TRZ,10.7905,78.7047,1,0,0.09,0.131,0.992855799032258,2.0,0.0,0.9032258064516129,0.0
2003,8,TN-TRZ,10.7905,78.7047,1,0,0.14,0.108,0.6039936987096773,6.0,0.2903225806451613,0.5161290322580645,0.0
2003,9,TN-TRZ,10.7905,78.7047,1,0,0.23,-0.06,0.7902776976666667,4.0,0.0,0.6333333333333333,0.0
2004,6,TN-TRZ,10.7905,78.7047,1,0,0.22,-0.384,1.0188708323333333,7.0,0.06666666666666667,0.7666666666666667,0.0
2004,7,TN-TRZ,10.7905,78.7047,1,0,0.39,-0.301,1.611224959354839,1.0,0.16129032258064516,0.5161290322580645,0.0
2004,8,TN-TRZ,10.7905,78.7047,1,0,0.54,-0.133,1.2484562670967745,6.0,0.0,1.0,0.0
2004,9,TN-TRZ,10.7905,78.7047,1,0,0.58,-0.106,1.438454236,2.0,0.5666666666666667,0.43333333333333335,0.0
2005,6,TN-TRZ,10.7905,78.7047,1,0,0.09,-0.176,0.7345759723333334,2.0,0.0,0.8666666666666667,0.0
2005,7,TN-TRZ,10.7905,78.7047,1,0,-0.04,-0.384,1.029081502903226,2.0,0.12903225806451613,0.6774193548387096,0.0
2005,8,TN-TRZ,10.7905,78.7047,1,0,-0.14,-0.345,0.939736100967742,1.0,0.16129032258064516,0.8064516129032258,0.0
2005,9,TN-TRZ,10.7905,78.7047,1,0,-0.11,-0.534,1.522602815,8.0,0.3,0.36666666666666664,0.0
2007,6,TN-TRZ,10.7905,78.7047,1,0,-0.41,0.031,1.3529915246666666,2.0,0.0,0.9,0.0
2007,7,TN-TRZ,10.7905,78.7047,1,0,-0.49,0.045,1.3795319935483872,1.0,0.22580645161290322,0.6451612903225806,0.0
2007,8,TN-TRZ,10.7905,78.7047,1,0,-0.77,0.237,0.8762567774193548,2.0,0.4838709677419355,0.3548387096774194,0.0
2007,9,TN-TRZ,10.7905,78.7047,1,0,-1.05,0.235,1.1761283893333332,5.0,0.06666666666666667,0.8333333333333334,0.0
2008,6,TN-TRZ,10.7905,78.7047,1,0,-0.56,0.215,0.953116955,3.0,0.0,1.0,0.0
2008,7,TN-TRZ,10.7905,78.7047,1,0,-0.33,0.246,1.2312710548387096,1.0,0.22580645161290322,0.7096774193548387,0.03225806451612903
2008,8,TN-TRZ,10.7905,78.7047,1,0,-0.2,0.124,1.211697393548387,2.0,0.3225806451612903,0.5161290322580645,0.0
2008,9,TN-TRZ,10.7905,78.7047,1,0,-0.25,0.086,1.446583400333333,5.0,0.16666666666666666,0.4,0.0
2009,6,TN-TRZ,10.7905,78.7047,1,0,0.34,0.1,1.4584701413333332,8.0,0.0,1.0,0.0
2009,7,TN-TRZ,10.7905,78.7047,1,0,0.5,-0.192,0.6150665787096774,5.0,0.0,0.7741935483870968,0.0
2009,8,TN-TRZ,10.7905,78.7047,1,0,0.56,-0.104,1.12875141,1.0,0.22580645161290322,0.6774193548387096,0.03225806451612903
2009,9,TN-TRZ,10.7905,78.7047,1,0,0.66,-0.103,1.6812911126666668,4.0,0.43333333333333335,0.5,0.0
2010,6,TN-TRZ,10.7905,78.7047,1,0,-0.66,-0.14,1.285590429,2.0,0.0,0.6333333333333333,0.0
2010,7,TN-TRZ,10.7905,78.7047,1,0,-0.98,-0.001,1.663601914516129,1.0,0.0,0.7419354838709677,0.0
2010,8,TN-TRZ,10.7905,78.7047,1,0,-1.24,-0.061,0.747917844516129,1.0,0.22580645161290322,0.5483870967741935,0.0
2010,9,TN-TRZ,10.7905,78.7047,1,0,-1.43,-0.267,0.8091414173333332,1.0,0.13333333333333333,0.26666666666666666,0.0
2011,6,TN-TRZ,10.7905,78.7047,1,0,-0.34,0.055,0.6791252076666666,2.0,0.9666666666666667,0.0,0.0
2011,7,TN-TRZ,10.7905,78.7047,1,0,-0.37,0.223,1.0109919648387098,1.0,0.9354838709677419,0.03225806451612903,0.0
2011,8,TN-TRZ,10.7905,78.7047,1,0,-0.5,0.344,1.011544473516129,2.0,0.7741935483870968,0.0,0.0
2011,9,TN-TRZ,10.7905,78.7047,1,0,-0.76,0.202,0.9066917783333334,3.0,0.6666666666666666,0.1,0.0
2014,6,TN-TRZ,10.7905,78.7047,1,0,0.22,-0.028,1.108679051,4.0,0.06666666666666667,0.8666666666666667,0.0
2014,7,TN-TRZ,10.7905,78.7047,1,0,0.07,-0.363,1.1528067432258065,6.0,0.0,0.7741935483870968,0.0
2014,8,TN-TRZ,10.7905,78.7047,1,0,0.07,-0.372,1.2150309538709676,2.0,0.2903225806451613,0.5161290322580645,0.0
2014,9,TN-TRZ,10.7905,78.7047,1,0,0.24,-0.145,0.649377995,4.0,0.0,0.5666666666666667,0.0
2015,6,TN-TRZ,10.7905,78.7047,1,0,1.19,0.296,1.992920383333333,4.0,0.0,0.6666666666666666,0.0
2015,7,TN-TRZ,10.7905,78.7047,1,0,1.44,0.225,1.837990334516129,7.0,0.0,0.7741935483870968,0.0
2015,8,TN-TRZ,10.7905,78.7047,1,0,1.73,0.568,0.8428048241935484,8.0,0.06451612903225806,0.6129032258064516,0.0
2015,9,TN-TRZ,10.7905,78.7047,1,0,2.02,0.294,0.62977513528,1.0,0.0,0.7,0.0
2016,6,TN-TRZ,10.7905,78.7047,1,0,0.09,-0.443,1.5598082686666668,4.0,0.0,0.8,0.0
2016,7,TN-TRZ,10.7905,78.7047,1,0,-0.19,-0.757,1.0086871877419354,2.0,0.2903225806451613,0.5483870967741935,0.0
2016,8,TN-TRZ,10.7905,78.7047,1,0,-0.34,-0.443,1.3634238690322582,6.0,0.06451612903225806,0.8387096774193549,0.0
2016,9,TN-TRZ,10.7905,78.7047,1,0,-0.42,-0.437,0.9987363606666668,5.0,0.2,0.5333333333333333,0.0
2017,6,TN-TRZ,10.7905,78.7047,1,0,0.32,0.424,1.010765505,1.0,0.0,0.8666666666666667,0.0
2017,7,TN-TRZ,10.7905,78.7047,1,0,0.14,0.52,1.0194311058064516,3.0,0.0,0.8064516129032258,0.0
2017,8,TN-TRZ,10.7905,78.7047,1,0,-0.07,0.349,0.560064344016129,2.0,0.6451612903225806,0.12903225806451613,0.0
2017,9,TN-TRZ,10.7905,78.7047,1,0,-0.23,0.035,0.5864452456666667,4.0,0.43333333333333335,0.3333333333333333,0.0
2018,6,TN-TRZ,10.7905,78.7047,1,0,0.13,0.155,1.099695321,1.0,0.0,0.9666666666666667,0.0
2018,7,TN-TRZ,10.7905,78.7047,1,0,0.2,0.053,1.4670566325806451,6.0,0.1935483870967742,0.7419354838709677,0.0
2018,8,TN-TRZ,10.7905,78.7047,1,0,0.3,0.121,1.1604823280645162,6.0,0.0,1.0,0.0
2018,9,TN-TRZ,10.7905,78.7047,1,0,0.52,0.604,1.0746740603333331,8.0,0.13333333333333333,0.6666666666666666,0.0
2020,6,TN-TRZ,10.7905,78.7047,1,0,-0.18,0.455,1.3547168013333333,1.0,0.1,0.6666666666666666,0.0
2020,7,TN-TRZ,10.7905,78.7047,1,0,-0.29,0.319,1.5012130690322585,2.0,0.22580645161290322,0.3548387096774194,0.0
2020,8,TN-TRZ,10.7905,78.7047,1,0,-0.43,-0.183,1.5708076487096774,8.0,0.3225806451612903,0.3225806451612903,0.0
2020,9,TN-TRZ,10.7905,78.7047,1,0,-0.77,-0.189,1.1078213236666663,4.0,0.03333333333333333,0.5,0.0
2021,6,TN-TRZ,10.7905,78.7047,1,0,-0.31,-0.002,1.2543668813333333,1.0,0.0,0.7666666666666667,0.0
2021,7,TN-TRZ,10.7905,78.7047,1,0,-0.35,-0.229,1.2697446645161292,2.0,0.3225806451612903,0.6451612903225806,0.0
2021,8,TN-TRZ,10.7905,78.7047,1,0,-0.46,-0.099,1.3328496390322582,2.0,0.0,0.6129032258064516,0.0
2021,9,TN-TRZ,10.7905,78.7047,1,0,-0.64,-0.058,1.16716908,3.0,0.23333333333333334,0.3333333333333333,0.0
2022,6,TN-TRZ,10.7905,78.7047,1,0,-0.73,-0.335,1.7460144566666669,1.0,0.23333333333333334,0.6333333333333333,0.0
2022,7,TN-TRZ,10.7905,78.7047,1,0,-0.7,-0.195,0.9906527754838708,4.0,0.3225806451612903,0.6774193548387096,0.0
2022,8,TN-TRZ,10.7905,78.7047,1,0,-0.78,-0.246,0.962351660967742,2.0,0.16129032258064516,0.5806451612903226,0.0
2022,9,TN-TRZ,10.7905,78.7047,1,0,-0.87,-0.322,0.45954351401,4.0,0.43333333333333335,0.5333333333333333,0.03333333333333333
2023,6,TN-TRZ,10.7905,78.7047,1,0,0.73,0.665,1.1452140906,2.0,0.2,0.7,0.0
2023,7,TN-TRZ,10.7905,78.7047,1,0,1.0,0.498,0.7976125261290323,6.0,0.0,0.7741935483870968,0.0
2023,8,TN-TRZ,10.7905,78.7047,1,0,1.25,0.826,0.9138732870967742,8.0,0.22580645161290322,0.6451612903225806,0.0
2023,9,TN-TRZ,10.7905,78.7047,1,0,1.5,0.946,0.8482362092433333,4.0,0.4666666666666667,0.03333333333333333,0.0
1990,6,TN-SLM,11.6643,78.146,1,0,0.25,-0.568,0.7040596286666666,6.0,0.0,0.9333333333333333,0.0
1990,7,TN-SLM,11.6643,78.146,1,0,0.26,-0.246,0.7642434731967742,1.0,0.0,0.5483870967741935,0.0
1990,8,TN-SLM,11.6643,78.146,1,0,0.32,-0.391,0.8801470647322581,6.0,0.45161290322580644,0.3870967741935484,0.0
1990,9,TN-SLM,11.6643,78.146,1,0,0.31,-0.183,0.775732242,3.0,0.6666666666666666,0.13333333333333333,0.0
1991,6,TN-SLM,11.6643,78.146,1,0,0.63,0.263,1.4334286633333333,5.0,0.26666666666666666,0.3333333333333333,0.0
1991,7,TN-SLM,11.6643,78.146,1,0,0.77,0.269,0.6487244419290323,6.0,0.12903225806451613,0.41935483870967744,0.0
1991,8,TN-SLM,11.6643,78.146,1,0,0.67,0.058,1.2953001661290322,5.0,0.3870967741935484,0.45161290322580644,0.0
1991,9,TN-SLM,11.6643,78.146,1,0,0.72,0.099,1.3728957676666669,8.0,0.4,0.3333333333333333,0.0
1992,6,TN-SLM,11.6643,78.146,1,0,0.72,-0.861,1.0309609286666666,3.0,0.0,0.6333333333333333,0.0
1992,7,TN-SLM,11.6643,78.146,1,0,0.35,-0.479,1.032042581935484,3.0,0.0,0.6129032258064516,0.0
1992,8,TN-SLM,11.6643,78.146,1,0,0.08,-0.768,0.7930089680645162,5.0,0.0967741935483871,0.3870967741935484,0.0
1992,9,TN-SLM,11.6643,78.146,1,0,-0.15,-0.833,1.1277177353333334,2.0,0.5666666666666667,0.43333333333333335,0.0
1993,6,TN-SLM,11.6643,78.146,1,0,0.56,-0.108,1.5129156700000002,8.0,0.5666666666666667,0.36666666666666664,0.0
1993,7,TN-SLM,11.6643,78.146,1,0,0.28,-0.152,0.8503892948387097,5.0,0.5161290322580645,0.3870967741935484,0.0
1993,8,TN-SLM,11.6643,78.146,1,0,0.22,-0.306,0.9336245306,1.0,0.2903225806451613,0.5483870967741935,0.0
1993,9,TN-SLM,11.6643,78.146,1,0,0.2,-0.17,0.4647173026666666,2.0,0.6666666666666666,0.23333333333333334,0.0
1995,6,TN-SLM,11.6643,78.146,1,0,-0.11,-0.078,0.8386585686666667,2.0,0.1,0.3,0.0
1995,7,TN-SLM,11.6643,78.146,1,0,-0.3,-0.169,1.3968855583870967,2.0,0.22580645161290322,0.2903225806451613,0.0
1995,8,TN-SLM,11.6643,78.146,1,0,-0.55,-0.144,1.3320209096774194,2.0,0.3225806451612903,0.25806451612903225,0.0
1995,9,TN-SLM,11.6643,78.146,1,0,-0.81,-0.18,1.0134717556666666,5.0,0.06666666666666667,0.4,0.0
1996,6,TN-SLM,11.6643,78.146,1,0,-0.24,-0.395,1.5769545686666668,3.0,0.3333333333333333,0.3333333333333333,0.0
1996,7,TN-SLM,11.6643,78.146,1,0,-0.22,-0.644,1.590457191935484,6.0,0.0,0.7741935483870968,0.0
1996,8,TN-SLM,11.6643,78.146,1,0,-0.27,-0.681,1.0089208741935485,3.0,0.2903225806451613,0.5483870967741935,0.0
1996,9,TN-SLM,11.6643,78.146,1,0,-0.3,-0.712,1.0609203293333334,5.0,0.6666666666666666,0.16666666666666666,0.0
1998,6,TN-SLM,11.6643,78.146,1,0,-0.08,0.147,0.921335034,3.0,0.06666666666666667,0.3333333333333333,0.0
1998,7,TN-SLM,11.6643,78.146,1,0,-0.63,-0.385,0.75393639,2.0,0.0,0.7741935483870968,0.0
1998,8,TN-SLM,11.6643,78.146,1,0,-0.83,-0.58,1.00514719,2.0,0.2903225806451613,0.5483870967741935,0.0
1998,9,TN-SLM,11.6643,78.146,1,0,-1.02,-0.496,1.4218518516666667,8.0,0.0,0.7333333333333333,0.0
2002,6,TN-SLM,11.6643,78.146,1,0,0.45,-0.189,1.8803833166666664,2.0,0.0,1.0,0.0
2002,7,TN-SLM,11.6643,78.146,1,0,0.57,-0.261,1.7221574980645162,8.0,0.0,1.0,0.0
2002,8,TN-SLM,11.6643,78.146,1,0,0.63,-0.208,1.420236031935484,8.0,0.16129032258064516,0.8064516129032258,0.0
2002,9,TN-SLM,11.6643,78.146,1,0,0.78,0.286,0.7018471730000001,2.0,0.03333333333333333,0.8666666666666667,0.0
2003,6,TN-SLM,11.6643,78.146,1,0,-0.13,0.139,1.65106069,1.0,0.1,0.5666666666666667,0.0
2003,7,TN-SLM,11.6643,78.146,1,0,0.09,0.131,0.992855799032258,2.0,0.0,0.8387096774193549,0.0
2003,8,TN-SLM,11.6643,78.146,1,0,0.14,0.108,0.6039936987096773,6.0,0.0,0.6451612903225806,0.0
2003,9,TN-SLM,11.6643,78.146,1,0,0.23,-0.06,0.7902776976666667,4.0,0.0,1.0,0.0
2004,6,TN-SLM,11.6643,78.146,1,0,0.22,-0.384,1.0188708323333333,7.0,0.0,0.9666666666666667,0.0
2004,7,TN-SLM,11.6643,78.146,1,0,0.39,-0.301,1.611224959354839,1.0,0.16129032258064516,0.4838709677419355,0.0
2004,8,TN-SLM,11.6643,78.146,1,0,0.54,-0.133,1.2484562670967745,6.0,0.0,0.967741935483871,0.0
2004,9,TN-SLM,11.6643,78.146,1,0,0.58,-0.106,1.438454236,2.0,0.4,0.16666666666666666,0.0
2005,6,TN-SLM,11.6643,78.146,1,0,0.09,-0.176,0.7345759723333334,2.0,0.06666666666666667,0.5,0.0
2005,7,TN-SLM,11.6643,78.146,1,0,-0.04,-0.384,1.029081502903226,2.0,0.22580645161290322,0.7096774193548387,0.0
2005,8,TN-SLM,11.6643,78.146,1,0,-0.14,-0.345,0.939736100967742,1.0,0.25806451612903225,0.6451612903225806,0.03225806451612903
2005,9,TN-SLM,11.6643,78.146,1,0,-0.11,-0.534,1.522602815,8.0,0.36666666666666664,0.3,0.0
2007,6,TN-SLM,11.6643,78.146,1,0,-0.41,0.031,1.3529915246666666,2.0,0.0,0.9333333333333333,0.0
2007,7,TN-SLM,11.6643,78.146,1,0,-0.49,0.045,1.3795319935483872,1.0,0.22580645161290322,0.6129032258064516,0.0
2007,8,TN-SLM,11.6643,78.146,1,0,-0.77,0.237,0.8762567774193548,2.0,0.4838709677419355,0.45161290322580644,0.0
2007,9,TN-SLM,11.6643,78.146,1,0,-1.05,0.235,1.1761283893333332,5.0,0.26666666666666666,0.3333333333333333,0.0
2008,6,TN-SLM,11.6643,78.146,1,0,-0.56,0.215,0.953116955,3.0,0.26666666666666666,0.4666666666666667,0.0
2008,7,TN-SLM,11.6643,78.146,1,0,-0.33,0.246,1.2312710548387096,1.0,0.22580645161290322,0.7096774193548387,0.03225806451612903
2008,8,TN-SLM,11.6643,78.146,1,0,-0.2,0.124,1.211697393548387,2.0,0.6129032258064516,0.16129032258064516,0.0
2008,9,TN-SLM,11.6643,78.146,1,0,-0.25,0.086,1.446583400333333,5.0,0.3,0.5666666666666667,0.0
2009,6,TN-SLM,11.6643,78.146,1,0,0.34,0.1,1.4584701413333332,8.0,0.2,0.5333333333333333,0.0
2009,7,TN-SLM,11.6643,78.146,1,0,0.5,-0.192,0.6150665787096774,5.0,0.0,0.8387096774193549,0.0
2009,8,TN-SLM,11.6643,78.146,1,0,0.56,-0.104,1.12875141,1.0,0.22580645161290322,0.25806451612903225,0.0
2009,9,TN-SLM,11.6643,78.146,1,0,0.66,-0.103,1.6812911126666668,4.0,0.3333333333333333,0.3,0.0
2010,6,TN-SLM,11.6643,78.146,1,0,-0.66,-0.14,1.285590429,2.0,0.43333333333333335,0.3333333333333333,0.0
2010,7,TN-SLM,11.6643,78.146,1,0,-0.98,-0.001,1.663601914516129,1.0,0.0967741935483871,0.3548387096774194,0.0
2010,8,TN-SLM,11.6643,78.146,1,0,-1.24,-0.061,0.747917844516129,1.0,0.45161290322580644,0.41935483870967744,0.0
2010,9,TN-SLM,11.6643,78.146,1,0,-1.43,-0.267,0.8091414173333332,1.0,0.43333333333333335,0.2,0.0
2011,6,TN-SLM,11.6643,78.146,1,0,-0.34,0.055,0.6791252076666666,2.0,0.23333333333333334,0.7666666666666667,0.0
2011,7,TN-SLM,11.6643,78.146,1,0,-0.37,0.223,1.0109919648387098,1.0,0.3870967741935484,0.41935483870967744,0.0
2011,8,TN-SLM,11.6643,78.146,1,0,-0.5,0.344,1.011544473516129,2.0,0.2903225806451613,0.5483870967741935,0.03225806451612903
2011,9,TN-SLM,11.6643,78.146,1,0,-0.76,0.202,0.9066917783333334,3.0,0.1,0.6666666666666666,0.0
2014,6,TN-SLM,11.6643,78.146,1,0,0.22,-0.028,1.108679051,4.0,0.23333333333333334,0.5333333333333333,0.0
2014,7,TN-SLM,11.6643,78.146,1,0,0.07,-0.363,1.1528067432258065,6.0,0.0,0.8709677419354839,0.0
2014,8,TN-SLM,11.6643,78.146,1,0,0.07,-0.372,1.2150309538709676,2.0,0.22580645161290322,0.3225806451612903,0.0
2014,9,TN-SLM,11.6643,78.146,1,0,0.24,-0.145,0.649377995,4.0,0.23333333333333334,0.7333333333333333,0.0
2015,6,TN-SLM,11.6643,78.146,1,0,1.19,0.296,1.992920383333333,4.0,0.0,0.5666666666666667,0.0
2015,7,TN-SLM,11.6643,78.146,1,0,1.44,0.225,1.837990334516129,7.0,0.0,0.8064516129032258,0.0
2015,8,TN-SLM,11.6643,78.146,1,0,1.73,0.568,0.8428048241935484,8.0,0.1935483870967742,0.3548387096774194,0.0
2015,9,TN-SLM,11.6643,78.146,1,0,2.02,0.294,0.62977513528,1.0,0.26666666666666666,0.43333333333333335,0.0
2016,6,TN-SLM,11.6643,78.146,1,0,0.09,-0.443,1.5598082686666668,4.0,0.3,0.3333333333333333,0.0
2016,7,TN-SLM,11.6643,78.146,1,0,-0.19,-0.757,1.0086871877419354,2.0,0.1935483870967742,0.6451612903225806,0.0
2016,8,TN-SLM,11.6643,78.146,1,0,-0.34,-0.443,1.3634238690322582,6.0,0.2903225806451613,0.41935483870967744,0.0
2016,9,TN-SLM,11.6643,78.146,1,0,-0.42,-0.437,0.9987363606666668,5.0,0.06666666666666667,0.9333333333333333,0.0
2017,6,TN-SLM,11.6643,78.146,1,0,0.32,0.424,1.010765505,1.0,0.0,0.7,0.0
2017,7,TN-SLM,11.6643,78.146,1,0,0.14,0.52,1.0194311058064516,3.0,0.0,0.967741935483871,0.0
2017,8,TN-SLM,11.6643,78.146,1,0,-0.07,0.349,0.560064344016129,2.0,0.7419354838709677,0.12903225806451613,0.0
2017,9,TN-SLM,11.6643,78.146,1,0,-0.23,0.035,0.5864452456666667,4.0,0.5333333333333333,0.03333333333333333,0.0
2018,6,TN-SLM,11.6643,78.146,1,0,0.13,0.155,1.099695321,1.0,0.03333333333333333,0.8666666666666667,0.0
2018,7,TN-SLM,11.6643,78.146,1,0,0.2,0.053,1.4670566325806451,6.0,0.22580645161290322,0.7419354838709677,0.0
2018,8,TN-SLM,11.6643,78.146,1,0,0.3,0.121,1.1604823280645162,6.0,0.0,0.9354838709677419,0.0
2018,9,TN-SLM,11.6643,78.146,1,0,0.52,0.604,1.0746740603333331,8.0,0.26666666666666666,0.26666666666666666,0.0
2020,6,TN-SLM,11.6643,78.146,1,0,-0.18,0.455,1.3547168013333333,1.0,0.0,0.8333333333333334,0.0
2020,7,TN-SLM,11.6643,78.146,1,0,-0.29,0.319,1.5012130690322585,2.0,0.5483870967741935,0.06451612903225806,0.0
2020,8,TN-SLM,11.6643,78.146,1,0,-0.43,-0.183,1.5708076487096774,8.0,0.5161290322580645,0.22580645161290322,0.0
2020,9,TN-SLM,11.6643,78.146,1,0,-0.77,-0.189,1.1078213236666663,4.0,0.3333333333333333,0.43333333333333335,0.0
2021,6,TN-SLM,11.6643,78.146,1,0,-0.31,-0.002,1.2543668813333333,1.0,0.0,0.5666666666666667,0.0
2021,7,TN-SLM,11.6643,78.146,1,0,-0.35,-0.229,1.2697446645161292,2.0,0.12903225806451613,0.16129032258064516,0.0
2021,8,TN-SLM,11.6643,78.146,1,0,-0.46,-0.099,1.3328496390322582,2.0,0.06451612903225806,0.7096774193548387,0.0
2021,9,TN-SLM,11.6643,78.146,1,0,-0.64,-0.058,1.16716908,3.0,0.23333333333333334,0.4666666666666667,0.0
2022,6,TN-SLM,11.6643,78.146,1,0,-0.73,-0.335,1.7460144566666669,1.0,0.1,0.7,0.0
2022,7,TN-SLM,11.6643,78.146,1,0,-0.7,-0.195,0.9906527754838708,4.0,0.03225806451612903,0.6774193548387096,0.0
2022,8,TN-SLM,11.6643,78.146,1,0,-0.78,-0.246,0.962351660967742,2.0,0.3870967741935484,0.41935483870967744,0.0
2022,9,TN-SLM,11.6643,78.146,1,0,-0.87,-0.322,0.45954351401,4.0,0.3,0.5333333333333333,0.0
2023,6,TN-SLM,11.6643,78.146,1,0,0.73,0.665,1.1452140906,2.0,0.23333333333333334,0.7333333333333333,0.0
2023,7,TN-SLM,11.6643,78.146,1,0,1.0,0.498,0.7976125261290323,6.0,0.0,0.9354838709677419,0.0
2023,8,TN-SLM,11.6643,78.146,1,0,1.25,0.826,0.9138732870967742,8.0,0.0,0.7419354838709677,0.0
2023,9,TN-SLM,11.6643,78.146,1,0,1.5,0.946,0.8482362092433333,4.0,0.23333333333333334,0.2,0.0
1990,6,AP-VSK,17.6868,83.2185,0,0,0.25,-0.568,0.7040596286666666,6.0,0.0,0.7666666666666667,0.0
1990,7,AP-VSK,17.6868,83.2185,0,0,0.26,-0.246,0.7642434731967742,1.0,0.22580645161290322,0.5161290322580645,0.0
1990,8,AP-VSK,17.6868,83.2185,0,0,0.32,-0.391,0.8801470647322581,6.0,0.5483870967741935,0.16129032258064516,0.0
1990,9,AP-VSK,17.6868,83.2185,0,0,0.31,-0.183,0.775732242,3.0,0.5,0.2,0.0
1991,6,AP-VSK,17.6868,83.2185,0,0,0.63,0.263,1.4334286633333333,5.0,0.6666666666666666,0.03333333333333333,0.0
1991,7,AP-VSK,17.6868,83.2185,0,0,0.77,0.269,0.6487244419290323,6.0,0.22580645161290322,0.25806451612903225,0.0
1991,8,AP-VSK,17.6868,83.2185,0,0,0.67,0.058,1.2953001661290322,5.0,0.1935483870967742,0.6774193548387096,0.0
1991,9,AP-VSK,17.6868,83.2185,0,0,0.72,0.099,1.3728957676666669,8.0,0.5666666666666667,0.13333333333333333,0.0
1992,6,AP-VSK,17.6868,83.2185,0,0,0.72,-0.861,1.0309609286666666,3.0,0.23333333333333334,0.5666666666666667,0.03333333333333333
1992,7,AP-VSK,17.6868,83.2185,0,0,0.35,-0.479,1.032042581935484,3.0,0.16129032258064516,0.3225806451612903,0.0
1992,8,AP-VSK,17.6868,83.2185,0,0,0.08,-0.768,0.7930089680645162,5.0,0.6129032258064516,0.1935483870967742,0.0
1992,9,AP-VSK,17.6868,83.2185,0,0,-0.15,-0.833,1.1277177353333334,2.0,0.4,0.5,0.0
1993,6,AP-VSK,17.6868,83.2185,0,0,0.56,-0.108,1.5129156700000002,8.0,0.4666666666666667,0.36666666666666664,0.0
1993,7,AP-VSK,17.6868,83.2185,0,0,0.28,-0.152,0.8503892948387097,5.0,0.0,0.7096774193548387,0.0
1993,8,AP-VSK,17.6868,83.2185,0,0,0.22,-0.306,0.9336245306,1.0,0.03225806451612903,0.7741935483870968,0.0
1993,9,AP-VSK,17.6868,83.2185,0,0,0.2,-0.17,0.4647173026666666,2.0,0.6,0.03333333333333333,0.0
1995,6,AP-VSK,17.6868,83.2185,0,0,-0.11,-0.078,0.8386585686666667,2.0,0.0,0.7,0.0
1995,7,AP-VSK,17.6868,83.2185,0,0,-0.3,-0.169,1.3968855583870967,2.0,0.5161290322580645,0.1935483870967742,0.0
1995,8,AP-VSK,17.6868,83.2185,0,0,-0.55,-0.144,1.3320209096774194,2.0,0.06451612903225806,0.3225806451612903,0.0
1995,9,AP-VSK,17.6868,83.2185,0,0,-0.81,-0.18,1.0134717556666666,5.0,0.6333333333333333,0.13333333333333333,0.0
1996,6,AP-VSK,17.6868,83.2185,0,0,-0.24,-0.395,1.5769545686666668,3.0,0.7666666666666667,0.1,0.03333333333333333
1996,7,AP-VSK,17.6868,83.2185,0,0,-0.22,-0.644,1.590457191935484,6.0,0.0967741935483871,0.6129032258064516,0.0
1996,8,AP-VSK,17.6868,83.2185,0,0,-0.27,-0.681,1.0089208741935485,3.0,0.41935483870967744,0.22580645161290322,0.0
1996,9,AP-VSK,17.6868,83.2185,0,0,-0.3,-0.712,1.0609203293333334,5.0,0.5,0.23333333333333334,0.0
1998,6,AP-VSK,17.6868,83.2185,0,0,-0.08,0.147,0.921335034,3.0,0.26666666666666666,0.7,0.0
1998,7,AP-VSK,17.6868,83.2185,0,0,-0.63,-0.385,0.75393639,2.0,0.41935483870967744,0.4838709677419355,0.0
1998,8,AP-VSK,17.6868,83.2185,0,0,-0.83,-0.58,1.00514719,2.0,0.5806451612903226,0.12903225806451613,0.03225806451612903
1998,9,AP-VSK,17.6868,83.2185,0,0,-1.02,-0.496,1.4218518516666667,8.0,0.7333333333333333,0.03333333333333333,0.0
2002,6,AP-VSK,17.6868,83.2185,0,0,0.45,-0.189,1.8803833166666664,2.0,0.4,0.43333333333333335,0.0
2002,7,AP-VSK,17.6868,83.2185,0,0,0.57,-0.261,1.7221574980645162,8.0,0.16129032258064516,0.7096774193548387,0.0
2002,8,AP-VSK,17.6868,83.2185,0,0,0.63,-0.208,1.420236031935484,8.0,0.3870967741935484,0.25806451612903225,0.0
2002,9,AP-VSK,17.6868,83.2185,0,0,0.78,0.286,0.7018471730000001,2.0,0.2,0.3333333333333333,0.0
2003,6,AP-VSK,17.6868,83.2185,0,0,-0.13,0.139,1.65106069,1.0,0.0,0.7666666666666667,0.0
2003,7,AP-VSK,17.6868,83.2185,0,0,0.09,0.131,0.992855799032258,2.0,0.6774193548387096,0.06451612903225806,0.0
2003,8,AP-VSK,17.6868,83.2185,0,0,0.14,0.108,0.6039936987096773,6.0,0.41935483870967744,0.2903225806451613,0.0
2003,9,AP-VSK,17.6868,83.2185,0,0,0.23,-0.06,0.7902776976666667,4.0,0.4666666666666667,0.16666666666666666,0.0
2004,6,AP-VSK,17.6868,83.2185,0,0,0.22,-0.384,1.0188708323333333,7.0,0.3333333333333333,0.6,0.0
2004,7,AP-VSK,17.6868,83.2185,0,0,0.39,-0.301,1.611224959354839,1.0,0.4838709677419355,0.12903225806451613,0.0
2004,8,AP-VSK,17.6868,83.2185,0,0,0.54,-0.133,1.2484562670967745,6.0,0.06451612903225806,0.6774193548387096,0.0
2004,9,AP-VSK,17.6868,83.2185,0,0,0.58,-0.106,1.438454236,2.0,0.3,0.3333333333333333,0.0
2005,6,AP-VSK,17.6868,83.2185,0,0,0.09,-0.176,0.7345759723333334,2.0,0.06666666666666667,0.4666666666666667,0.0
2005,7,AP-VSK,17.6868,83.2185,0,0,-0.04,-0.384,1.029081502903226,2.0,0.0,0.45161290322580644,0.0
2005,8,AP-VSK,17.6868,83.2185,0,0,-0.14,-0.345,0.939736100967742,1.0,0.0,0.2903225806451613,0.0
2005,9,AP-VSK,17.6868,83.2185,0,0,-0.11,-0.534,1.522602815,8.0,0.7666666666666667,0.0,0.1
2007,6,AP-VSK,17.6868,83.2185,0,0,-0.41,0.031,1.3529915246666666,2.0,0.4,0.4666666666666667,0.0
2007,7,AP-VSK,17.6868,83.2185,0,0,-0.49,0.045,1.3795319935483872,1.0,0.16129032258064516,0.22580645161290322,0.0
2007,8,AP-VSK,17.6868,83.2185,0,0,-0.77,0.237,0.8762567774193548,2.0,0.0,0.3548387096774194,0.0
2007,9,AP-VSK,17.6868,83.2185,0,0,-1.05,0.235,1.1761283893333332,5.0,0.5333333333333333,0.2,0.0
2008,6,AP-VSK,17.6868,83.2185,0,0,-0.56,0.215,0.953116955,3.0,0.2,0.6,0.0
2008,7,AP-VSK,17.6868,83.2185,0,0,-0.33,0.246,1.2312710548387096,1.0,0.3870967741935484,0.5161290322580645,0.0
2008,8,AP-VSK,17.6868,83.2185,0,0,-0.2,0.124,1.211697393548387,2.0,0.5806451612903226,0.0,0.0
2008,9,AP-VSK,17.6868,83.2185,0,0,-0.25,0.086,1.446583400333333,5.0,0.26666666666666666,0.5333333333333333,0.03333333333333333
2009,6,AP-VSK,17.6868,83.2185,0,0,0.34,0.1,1.4584701413333332,8.0,0.16666666666666666,0.3333333333333333,0.0
2009,7,AP-VSK,17.6868,83.2185,0,0,0.5,-0.192,0.6150665787096774,5.0,0.41935483870967744,0.3225806451612903,0.0
2009,8,AP-VSK,17.6868,83.2185,0,0,0.56,-0.104,1.12875141,1.0,0.03225806451612903,0.25806451612903225,0.0
2009,9,AP-VSK,17.6868,83.2185,0,0,0.66,-0.103,1.6812911126666668,4.0,0.43333333333333335,0.26666666666666666,0.03333333333333333
2010,6,AP-VSK,17.6868,83.2185,0,0,-0.66,-0.14,1.285590429,2.0,0.4666666666666667,0.4,0.0
2010,7,AP-VSK,17.6868,83.2185,0,0,-0.98,-0.001,1.663601914516129,1.0,0.5161290322580645,0.06451612903225806,0.03225806451612903
2010,8,AP-VSK,17.6868,83.2185,0,0,-1.24,-0.061,0.747917844516129,1.0,0.45161290322580644,0.16129032258064516,0.0
2010,9,AP-VSK,17.6868,83.2185,0,0,-1.43,-0.267,0.8091414173333332,1.0,0.5333333333333333,0.03333333333333333,0.0
2011,6,AP-VSK,17.6868,83.2185,0,0,-0.34,0.055,0.6791252076666666,2.0,0.4,0.26666666666666666,0.0
2011,7,AP-VSK,17.6868,83.2185,0,0,-0.37,0.223,1.0109919648387098,1.0,0.3225806451612903,0.2903225806451613,0.03225806451612903
2011,8,AP-VSK,17.6868,83.2185,0,0,-0.5,0.344,1.011544473516129,2.0,0.3225806451612903,0.12903225806451613,0.0
2011,9,AP-VSK,17.6868,83.2185,0,0,-0.76,0.202,0.9066917783333334,3.0,0.26666666666666666,0.36666666666666664,0.0
2014,6,AP-VSK,17.6868,83.2185,0,0,0.22,-0.028,1.108679051,4.0,0.0,0.5,0.0
2014,7,AP-VSK,17.6868,83.2185,0,0,0.07,-0.363,1.1528067432258065,6.0,0.25806451612903225,0.3548387096774194,0.0
2014,8,AP-VSK,17.6868,83.2185,0,0,0.07,-0.372,1.2150309538709676,2.0,0.41935483870967744,0.22580645161290322,0.0
2014,9,AP-VSK,17.6868,83.2185,0,0,0.24,-0.145,0.649377995,4.0,0.8,0.06666666666666667,0.0
2015,6,AP-VSK,17.6868,83.2185,0,0,1.19,0.296,1.992920383333333,4.0,0.7333333333333333,0.16666666666666666,0.06666666666666667
2015,7,AP-VSK,17.6868,83.2185,0,0,1.44,0.225,1.837990334516129,7.0,0.22580645161290322,0.3870967741935484,0.0
2015,8,AP-VSK,17.6868,83.2185,0,0,1.73,0.568,0.8428048241935484,8.0,0.45161290322580644,0.3870967741935484,0.0
2015,9,AP-VSK,17.6868,83.2185,0,0,2.02,0.294,0.62977513528,1.0,0.4666666666666667,0.13333333333333333,0.0
2016,6,AP-VSK,17.6868,83.2185,0,0,0.09,-0.443,1.5598082686666668,4.0,0.36666666666666664,0.1,0.0
2016,7,AP-VSK,17.6868,83.2185,0,0,-0.19,-0.757,1.0086871877419354,2.0,0.45161290322580644,0.5161290322580645,0.0
2016,8,AP-VSK,17.6868,83.2185,0,0,-0.34,-0.443,1.3634238690322582,6.0,0.3225806451612903,0.2903225806451613,0.0
2016,9,AP-VSK,17.6868,83.2185,0,0,-0.42,-0.437,0.9987363606666668,5.0,0.5666666666666667,0.1,0.0
2017,6,AP-VSK,17.6868,83.2185,0,0,0.32,0.424,1.010765505,1.0,0.3333333333333333,0.3333333333333333,0.0
2017,7,AP-VSK,17.6868,83.2185,0,0,0.14,0.52,1.0194311058064516,3.0,0.2903225806451613,0.41935483870967744,0.0
2017,8,AP-VSK,17.6868,83.2185,0,0,-0.07,0.349,0.560064344016129,2.0,0.3225806451612903,0.16129032258064516,0.03225806451612903
2017,9,AP-VSK,17.6868,83.2185,0,0,-0.23,0.035,0.5864452456666667,4.0,0.2,0.5333333333333333,0.0
2018,6,AP-VSK,17.6868,83.2185,0,0,0.13,0.155,1.099695321,1.0,0.2,0.13333333333333333,0.0
2018,7,AP-VSK,17.6868,83.2185,0,0,0.2,0.053,1.4670566325806451,6.0,0.2903225806451613,0.3548387096774194,0.0
2018,8,AP-VSK,17.6868,83.2185,0,0,0.3,0.121,1.1604823280645162,6.0,0.5483870967741935,0.12903225806451613,0.0
2018,9,AP-VSK,17.6868,83.2185,0,0,0.52,0.604,1.0746740603333331,8.0,0.43333333333333335,0.3333333333333333,0.0
2020,6,AP-VSK,17.6868,83.2185,0,0,-0.18,0.455,1.3547168013333333,1.0,0.36666666666666664,0.3333333333333333,0.0
2020,7,AP-VSK,17.6868,83.2185,0,0,-0.29,0.319,1.5012130690322585,2.0,0.2903225806451613,0.3870967741935484,0.0
2020,8,AP-VSK,17.6868,83.2185,0,0,-0.43,-0.183,1.5708076487096774,8.0,0.1935483870967742,0.4838709677419355,0.0
2020,9,AP-VSK,17.6868,83.2185,0,0,-0.77,-0.189,1.1078213236666663,4.0,0.3333333333333333,0.16666666666666666,0.0
2021,6,AP-VSK,17.6868,83.2185,0,0,-0.31,-0.002,1.2543668813333333,1.0,0.23333333333333334,0.7666666666666667,0.0
2021,7,AP-VSK,17.6868,83.2185,0,0,-0.35,-0.229,1.2697446645161292,2.0,0.41935483870967744,0.22580645161290322,0.0
2021,8,AP-VSK,17.6868,83.2185,0,0,-0.46,-0.099,1.3328496390322582,2.0,0.12903225806451613,0.41935483870967744,0.0
2021,9,AP-VSK,17.6868,83.2185,0,0,-0.64,-0.058,1.16716908,3.0,0.4666666666666667,0.1,0.03333333333333333
2022,6,AP-VSK,17.6868,83.2185,0,0,-0.73,-0.335,1.7460144566666669,1.0,0.23333333333333334,0.36666666666666664,0.0
2022,7,AP-VSK,17.6868,83.2185,0,0,-0.7,-0.195,0.9906527754838708,4.0,0.25806451612903225,0.3548387096774194,0.0
2022,8,AP-VSK,17.6868,83.2185,0,0,-0.78,-0.246,0.962351660967742,2.0,0.16129032258064516,0.4838709677419355,0.0
2022,9,AP-VSK,17.6868,83.2185,0,0,-0.87,-0.322,0.45954351401,4.0,0.43333333333333335,0.13333333333333333,0.06666666666666667
2023,6,AP-VSK,17.6868,83.2185,0,0,0.73,0.665,1.1452140906,2.0,0.0,0.9,0.0
2023,7,AP-VSK,17.6868,83.2185,0,0,1.0,0.498,0.7976125261290323,6.0,0.6451612903225806,0.16129032258064516,0.03225806451612903
2023,8,AP-VSK,17.6868,83.2185,0,0,1.25,0.826,0.9138732870967742,8.0,0.25806451612903225,0.4838709677419355,0.0
2023,9,AP-VSK,17.6868,83.2185,0,0,1.5,0.946,0.8482362092433333,4.0,0.4666666666666667,0.13333333333333333,0.0
1990,6,AP-GTR,16.3067,80.4365,0,0,0.25,-0.568,0.7040596286666666,6.0,0.3,0.3333333333333333,0.0
1990,7,AP-GTR,16.3067,80.4365,0,0,0.26,-0.246,0.7642434731967742,1.0,0.12903225806451613,0.3225806451612903,0.0
1990,8,AP-GTR,16.3067,80.4365,0,0,0.32,-0.391,0.8801470647322581,6.0,0.41935483870967744,0.3548387096774194,0.0
1990,9,AP-GTR,16.3067,80.4365,0,0,0.31,-0.183,0.775732242,3.0,0.4,0.2,0.0
1991,6,AP-GTR,16.3067,80.4365,0,0,0.63,0.263,1.4334286633333333,5.0,0.5,0.3333333333333333,0.0
1991,7,AP-GTR,16.3067,80.4365,0,0,0.77,0.269,0.6487244419290323,6.0,0.3225806451612903,0.3548387096774194,0.0
1991,8,AP-GTR,16.3067,80.4365,0,0,0.67,0.058,1.2953001661290322,5.0,0.5806451612903226,0.2903225806451613,0.0
1991,9,AP-GTR,16.3067,80.4365,0,0,0.72,0.099,1.3728957676666669,8.0,0.3333333333333333,0.3333333333333333,0.0
1992,6,AP-GTR,16.3067,80.4365,0,0,0.72,-0.861,1.0309609286666666,3.0,0.0,0.8,0.0
1992,7,AP-GTR,16.3067,80.4365,0,0,0.35,-0.479,1.032042581935484,3.0,0.1935483870967742,0.45161290322580644,0.0
1992,8,AP-GTR,16.3067,80.4365,0,0,0.08,-0.768,0.7930089680645162,5.0,0.4838709677419355,0.2903225806451613,0.0
1992,9,AP-GTR,16.3067,80.4365,0,0,-0.15,-0.833,1.1277177353333334,2.0,0.6666666666666666,0.06666666666666667,0.0
1993,6,AP-GTR,16.3067,80.4365,0,0,0.56,-0.108,1.5129156700000002,8.0,0.2,0.5666666666666667,0.0
1993,7,AP-GTR,16.3067,80.4365,0,0,0.28,-0.152,0.8503892948387097,5.0,0.5806451612903226,0.16129032258064516,0.0
1993,8,AP-GTR,16.3067,80.4365,0,0,0.22,-0.306,0.9336245306,1.0,0.03225806451612903,0.6451612903225806,0.0
1993,9,AP-GTR,16.3067,80.4365,0,0,0.2,-0.17,0.4647173026666666,2.0,0.0,0.5333333333333333,0.0
1995,6,AP-GTR,16.3067,80.4365,0,0,-0.11,-0.078,0.8386585686666667,2.0,0.1,0.6666666666666666,0.0
1995,7,AP-GTR,16.3067,80.4365,0,0,-0.3,-0.169,1.3968855583870967,2.0,0.8709677419354839,0.0,0.0
1995,8,AP-GTR,16.3067,80.4365,0,0,-0.55,-0.144,1.3320209096774194,2.0,0.45161290322580644,0.45161290322580644,0.03225806451612903
1995,9,AP-GTR,16.3067,80.4365,0,0,-0.81,-0.18,1.0134717556666666,5.0,0.16666666666666666,0.5666666666666667,0.0
1996,6,AP-GTR,16.3067,80.4365,0,0,-0.24,-0.395,1.5769545686666668,3.0,0.23333333333333334,0.7,0.03333333333333333
1996,7,AP-GTR,16.3067,80.4365,0,0,-0.22,-0.644,1.590457191935484,6.0,0.5806451612903226,0.2903225806451613,0.0
1996,8,AP-GTR,16.3067,80.4365,0,0,-0.27,-0.681,1.0089208741935485,3.0,0.6129032258064516,0.3870967741935484,0.0967741935483871
1996,9,AP-GTR,16.3067,80.4365,0,0,-0.3,-0.712,1.0609203293333334,5.0,0.5,0.2,0.0
1998,6,AP-GTR,16.3067,80.4365,0,0,-0.08,0.147,0.921335034,3.0,0.23333333333333334,0.5333333333333333,0.0
1998,7,AP-GTR,16.3067,80.4365,0,0,-0.63,-0.385,0.75393639,2.0,0.6129032258064516,0.0967741935483871,0.0
1998,8,AP-GTR,16.3067,80.4365,0,0,-0.83,-0.58,1.00514719,2.0,0.2903225806451613,0.03225806451612903,0.0
1998,9,AP-GTR,16.3067,80.4365,0,0,-1.02,-0.496,1.4218518516666667,8.0,0.36666666666666664,0.4666666666666667,0.03333333333333333
2002,6,AP-GTR,16.3067,80.4365,0,0,0.45,-0.189,1.8803833166666664,2.0,0.13333333333333333,0.3333333333333333,0.0
2002,7,AP-GTR,16.3067,80.4365,0,0,0.57,-0.261,1.7221574980645162,8.0,0.06451612903225806,0.7741935483870968,0.0
2002,8,AP-GTR,16.3067,80.4365,0,0,0.63,-0.208,1.420236031935484,8.0,0.6129032258064516,0.3225806451612903,0.0
2002,9,AP-GTR,16.3067,80.4365,0,0,0.78,0.286,0.7018471730000001,2.0,0.16666666666666666,0.7666666666666667,0.0
2003,6,AP-GTR,16.3067,80.4365,0,0,-0.13,0.139,1.65106069,1.0,0.36666666666666664,0.5,0.0
2003,7,AP-GTR,16.3067,80.4365,0,0,0.09,0.131,0.992855799032258,2.0,0.7096774193548387,0.12903225806451613,0.0
2003,8,AP-GTR,16.3067,80.4365,0,0,0.14,0.108,0.6039936987096773,6.0,0.0,0.45161290322580644,0.0
2003,9,AP-GTR,16.3067,80.4365,0,0,0.23,-0.06,0.7902776976666667,4.0,0.43333333333333335,0.4666666666666667,0.03333333333333333
2004,6,AP-GTR,16.3067,80.4365,0,0,0.22,-0.384,1.0188708323333333,7.0,0.43333333333333335,0.5333333333333333,0.0
2004,7,AP-GTR,16.3067,80.4365,0,0,0.39,-0.301,1.611224959354839,1.0,0.6451612903225806,0.0967741935483871,0.0
2004,8,AP-GTR,16.3067,80.4365,0,0,0.54,-0.133,1.2484562670967745,6.0,0.25806451612903225,0.6774193548387096,0.0
2004,9,AP-GTR,16.3067,80.4365,0,0,0.58,-0.106,1.438454236,2.0,0.4666666666666667,0.43333333333333335,0.0
2005,6,AP-GTR,16.3067,80.4365,0,0,0.09,-0.176,0.7345759723333334,2.0,0.16666666666666666,0.8333333333333334,0.0
2005,7,AP-GTR,16.3067,80.4365,0,0,-0.04,-0.384,1.029081502903226,2.0,0.6774193548387096,0.0967741935483871,0.03225806451612903
2005,8,AP-GTR,16.3067,80.4365,0,0,-0.14,-0.345,0.939736100967742,1.0,0.0,0.3225806451612903,0.0
2005,9,AP-GTR,16.3067,80.4365,0,0,-0.11,-0.534,1.522602815,8.0,0.7,0.13333333333333333,0.03333333333333333
2007,6,AP-GTR,16.3067,80.4365,0,0,-0.41,0.031,1.3529915246666666,2.0,0.6666666666666666,0.3,0.03333333333333333
2007,7,AP-GTR,16.3067,80.4365,0,0,-0.49,0.045,1.3795319935483872,1.0,0.4838709677419355,0.3225806451612903,0.03225806451612903
2007,8,AP-GTR,16.3067,80.4365,0,0,-0.77,0.237,0.8762567774193548,2.0,0.41935483870967744,0.0967741935483871,0.0
2007,9,AP-GTR,16.3067,80.4365,0,0,-1.05,0.235,1.1761283893333332,5.0,0.6666666666666666,0.13333333333333333,0.0
2008,6,AP-GTR,16.3067,80.4365,0,0,-0.56,0.215,0.953116955,3.0,0.3,0.3333333333333333,0.0
2008,7,AP-GTR,16.3067,80.4365,0,0,-0.33,0.246,1.2312710548387096,1.0,0.6451612903225806,0.16129032258064516,0.0
2008,8,AP-GTR,16.3067,80.4365,0,0,-0.2,0.124,1.211697393548387,2.0,0.5806451612903226,0.22580645161290322,0.03225806451612903
2008,9,AP-GTR,16.3067,80.4365,0,0,-0.25,0.086,1.446583400333333,5.0,0.26666666666666666,0.43333333333333335,0.0
2009,6,AP-GTR,16.3067,80.4365,0,0,0.34,0.1,1.4584701413333332,8.0,0.0,0.9333333333333333,0.0
2009,7,AP-GTR,16.3067,80.4365,0,0,0.5,-0.192,0.6150665787096774,5.0,0.0,0.4838709677419355,0.0
2009,8,AP-GTR,16.3067,80.4365,0,0,0.56,-0.104,1.12875141,1.0,0.5483870967741935,0.45161290322580644,0.0
2009,9,AP-GTR,16.3067,80.4365,0,0,0.66,-0.103,1.6812911126666668,4.0,0.5333333333333333,0.26666666666666666,0.0
2010,6,AP-GTR,16.3067,80.4365,0,0,-0.66,-0.14,1.285590429,2.0,0.43333333333333335,0.5,0.0
2010,7,AP-GTR,16.3067,80.4365,0,0,-0.98,-0.001,1.663601914516129,1.0,0.7741935483870968,0.0967741935483871,0.03225806451612903
2010,8,AP-GTR,16.3067,80.4365,0,0,-1.24,-0.061,0.747917844516129,1.0,0.4838709677419355,0.2903225806451613,0.0
2010,9,AP-GTR,16.3067,80.4365,0,0,-1.43,-0.267,0.8091414173333332,1.0,0.7666666666666667,0.1,0.06666666666666667
2011,6,AP-GTR,16.3067,80.4365,0,0,-0.34,0.055,0.6791252076666666,2.0,0.23333333333333334,0.5666666666666667,0.0
2011,7,AP-GTR,16.3067,80.4365,0,0,-0.37,0.223,1.0109919648387098,1.0,0.41935483870967744,0.0,0.0
2011,8,AP-GTR,16.3067,80.4365,0,0,-0.5,0.344,1.011544473516129,2.0,0.6451612903225806,0.16129032258064516,0.0
2011,9,AP-GTR,16.3067,80.4365,0,0,-0.76,0.202,0.9066917783333334,3.0,0.0,1.0,0.0
2014,6,AP-GTR,16.3067,80.4365,0,0,0.22,-0.028,1.108679051,4.0,0.0,1.0,0.0
2014,7,AP-GTR,16.3067,80.4365,0,0,0.07,-0.363,1.1528067432258065,6.0,0.3548387096774194,0.6129032258064516,0.03225806451612903
2014,8,AP-GTR,16.3067,80.4365,0,0,0.07,-0.372,1.2150309538709676,2.0,0.3225806451612903,0.22580645161290322,0.0
2014,9,AP-GTR,16.3067,80.4365,0,0,0.24,-0.145,0.649377995,4.0,0.5,0.36666666666666664,0.0
2015,6,AP-GTR,16.3067,80.4365,0,0,1.19,0.296,1.992920383333333,4.0,0.6,0.36666666666666664,0.0
2015,7,AP-GTR,16.3067,80.4365,0,0,1.44,0.225,1.837990334516129,7.0,0.41935483870967744,0.5161290322580645,0.0
2015,8,AP-GTR,16.3067,80.4365,0,0,1.73,0.568,0.8428048241935484,8.0,0.5161290322580645,0.1935483870967742,0.0
2015,9,AP-GTR,16.3067,80.4365,0,0,2.02,0.294,0.62977513528,1.0,0.4666666666666667,0.26666666666666666,0.0
2016,6,AP-GTR,16.3067,80.4365,0,0,0.09,-0.443,1.5598082686666668,4.0,0.6666666666666666,0.13333333333333333,0.0
2016,7,AP-GTR,16.3067,80.4365,0,0,-0.19,-0.757,1.0086871877419354,2.0,0.0967741935483871,0.5806451612903226,0.0
2016,8,AP-GTR,16.3067,80.4365,0,0,-0.34,-0.443,1.3634238690322582,6.0,0.2903225806451613,0.6129032258064516,0.0
2016,9,AP-GTR,16.3067,80.4365,0,0,-0.42,-0.437,0.9987363606666668,5.0,0.5333333333333333,0.16666666666666666,0.0
2017,6,AP-GTR,16.3067,80.4365,0,0,0.32,0.424,1.010765505,1.0,0.7666666666666667,0.16666666666666666,0.0
2017,7,AP-GTR,16.3067,80.4365,0,0,0.14,0.52,1.0194311058064516,3.0,0.41935483870967744,0.41935483870967744,0.0
2017,8,AP-GTR,16.3067,80.4365,0,0,-0.07,0.349,0.560064344016129,2.0,0.3225806451612903,0.1935483870967742,0.0
2017,9,AP-GTR,16.3067,80.4365,0,0,-0.23,0.035,0.5864452456666667,4.0,0.3333333333333333,0.5,0.0
2018,6,AP-GTR,16.3067,80.4365,0,0,0.13,0.155,1.099695321,1.0,0.2,0.36666666666666664,0.0
2018,7,AP-GTR,16.3067,80.4365,0,0,0.2,0.053,1.4670566325806451,6.0,0.5161290322580645,0.25806451612903225,0.0
2018,8,AP-GTR,16.3067,80.4365,0,0,0.3,0.121,1.1604823280645162,6.0,0.5161290322580645,0.22580645161290322,0.0
2018,9,AP-GTR,16.3067,80.4365,0,0,0.52,0.604,1.0746740603333331,8.0,0.0,0.6,0.0
2020,6,AP-GTR,16.3067,80.4365,0,0,-0.18,0.455,1.3547168013333333,1.0,0.26666666666666666,0.3333333333333333,0.0
2020,7,AP-GTR,16.3067,80.4365,0,0,-0.29,0.319,1.5012130690322585,2.0,0.6451612903225806,0.0967741935483871,0.03225806451612903
2020,8,AP-GTR,16.3067,80.4365,0,0,-0.43,-0.183,1.5708076487096774,8.0,0.7419354838709677,0.1935483870967742,0.0
2020,9,AP-GTR,16.3067,80.4365,0,0,-0.77,-0.189,1.1078213236666663,4.0,0.43333333333333335,0.4666666666666667,0.03333333333333333
2021,6,AP-GTR,16.3067,80.4365,0,0,-0.31,-0.002,1.2543668813333333,1.0,0.13333333333333333,0.5,0.0
2021,7,AP-GTR,16.3067,80.4365,0,0,-0.35,-0.229,1.2697446645161292,2.0,0.6774193548387096,0.12903225806451613,0.0
2021,8,AP-GTR,16.3067,80.4365,0,0,-0.46,-0.099,1.3328496390322582,2.0,0.6774193548387096,0.3225806451612903,0.06451612903225806
2021,9,AP-GTR,16.3067,80.4365,0,0,-0.64,-0.058,1.16716908,3.0,0.6,0.2,0.0
2022,6,AP-GTR,16.3067,80.4365,0,0,-0.73,-0.335,1.7460144566666669,1.0,0.13333333333333333,0.8666666666666667,0.0
2022,7,AP-GTR,16.3067,80.4365,0,0,-0.7,-0.195,0.9906527754838708,4.0,0.8387096774193549,0.06451612903225806,0.0
2022,8,AP-GTR,16.3067,80.4365,0,0,-0.78,-0.246,0.962351660967742,2.0,0.6451612903225806,0.0967741935483871,0.0
2022,9,AP-GTR,16.3067,80.4365,0,0,-0.87,-0.322,0.45954351401,4.0,0.36666666666666664,0.6,0.0
2023,6,AP-GTR,16.3067,80.4365,0,0,0.73,0.665,1.1452140906,2.0,0.5333333333333333,0.23333333333333334,0.0
2023,7,AP-GTR,16.3067,80.4365,0,0,1.0,0.498,0.7976125261290323,6.0,0.7096774193548387,0.16129032258064516,0.03225806451612903
2023,8,AP-GTR,16.3067,80.4365,0,0,1.25,0.826,0.9138732870967742,8.0,0.5161290322580645,0.16129032258064516,0.0
2023,9,AP-GTR,16.3067,80.4365,0,0,1.5,0.946,0.8482362092433333,4.0,0.36666666666666664,0.4,0.0
1990,6,AP-KRN,15.8281,78.0373,0,0,0.25,-0.568,0.7040596286666666,6.0,0.1,0.6333333333333333,0.0
1990,7,AP-KRN,15.8281,78.0373,0,0,0.26,-0.246,0.7642434731967742,1.0,0.0,0.5806451612903226,0.0
1990,8,AP-KRN,15.8281,78.0373,0,0,0.32,-0.391,0.8801470647322581,6.0,0.3548387096774194,0.6129032258064516,0.0
1990,9,AP-KRN,15.8281,78.0373,0,0,0.31,-0.183,0.775732242,3.0,0.13333333333333333,0.5333333333333333,0.0
1991,6,AP-KRN,15.8281,78.0373,0,0,0.63,0.263,1.4334286633333333,5.0,0.5666666666666667,0.26666666666666666,0.0
1991,7,AP-KRN,15.8281,78.0373,0,0,0.77,0.269,0.6487244419290323,6.0,0.4838709677419355,0.3548387096774194,0.0
1991,8,AP-KRN,15.8281,78.0373,0,0,0.67,0.058,1.2953001661290322,5.0,0.1935483870967742,0.5161290322580645,0.0
1991,9,AP-KRN,15.8281,78.0373,0,0,0.72,0.099,1.3728957676666669,8.0,0.3,0.6,0.0
1992,6,AP-KRN,15.8281,78.0373,0,0,0.72,-0.861,1.0309609286666666,3.0,0.16666666666666666,0.5666666666666667,0.0
1992,7,AP-KRN,15.8281,78.0373,0,0,0.35,-0.479,1.032042581935484,3.0,0.5483870967741935,0.22580645161290322,0.0
1992,8,AP-KRN,15.8281,78.0373,0,0,0.08,-0.768,0.7930089680645162,5.0,0.5483870967741935,0.22580645161290322,0.0
1992,9,AP-KRN,15.8281,78.0373,0,0,-0.15,-0.833,1.1277177353333334,2.0,0.13333333333333333,0.8,0.0
1993,6,AP-KRN,15.8281,78.0373,0,0,0.56,-0.108,1.5129156700000002,8.0,0.0,0.8666666666666667,0.0
1993,7,AP-KRN,15.8281,78.0373,0,0,0.28,-0.152,0.8503892948387097,5.0,0.22580645161290322,0.6774193548387096,0.0
1993,8,AP-KRN,15.8281,78.0373,0,0,0.22,-0.306,0.9336245306,1.0,0.2903225806451613,0.4838709677419355,0.0
1993,9,AP-KRN,15.8281,78.0373,0,0,0.2,-0.17,0.4647173026666666,2.0,0.4,0.3333333333333333,0.0
1995,6,AP-KRN,15.8281,78.0373,0,0,-0.11,-0.078,0.8386585686666667,2.0,0.13333333333333333,0.8333333333333334,0.0
1995,7,AP-KRN,15.8281,78.0373,0,0,-0.3,-0.169,1.3968855583870967,2.0,0.3548387096774194,0.22580645161290322,0.0
1995,8,AP-KRN,15.8281,78.0373,0,0,-0.55,-0.144,1.3320209096774194,2.0,0.5483870967741935,0.3225806451612903,0.0
1995,9,AP-KRN,15.8281,78.0373,0,0,-0.81,-0.18,1.0134717556666666,5.0,0.4,0.26666666666666666,0.0
1996,6,AP-KRN,15.8281,78.0373,0,0,-0.24,-0.395,1.5769545686666668,3.0,0.4666666666666667,0.36666666666666664,0.0
1996,7,AP-KRN,15.8281,78.0373,0,0,-0.22,-0.644,1.590457191935484,6.0,0.2903225806451613,0.3870967741935484,0.0
1996,8,AP-KRN,15.8281,78.0373,0,0,-0.27,-0.681,1.0089208741935485,3.0,0.5161290322580645,0.3225806451612903,0.0
1996,9,AP-KRN,15.8281,78.0373,0,0,-0.3,-0.712,1.0609203293333334,5.0,0.5666666666666667,0.16666666666666666,0.0
1998,6,AP-KRN,15.8281,78.0373,0,0,-0.08,0.147,0.921335034,3.0,0.4666666666666667,0.5333333333333333,0.0
1998,7,AP-KRN,15.8281,78.0373,0,0,-0.63,-0.385,0.75393639,2.0,0.3225806451612903,0.25806451612903225,0.0
1998,8,AP-KRN,15.8281,78.0373,0,0,-0.83,-0.58,1.00514719,2.0,0.2903225806451613,0.3548387096774194,0.0
1998,9,AP-KRN,15.8281,78.0373,0,0,-1.02,-0.496,1.4218518516666667,8.0,0.4666666666666667,0.2,0.0
2002,6,AP-KRN,15.8281,78.0373,0,0,0.45,-0.189,1.8803833166666664,2.0,0.4,0.5666666666666667,0.0
2002,7,AP-KRN,15.8281,78.0373,0,0,0.57,-0.261,1.7221574980645162,8.0,0.22580645161290322,0.5806451612903226,0.0
2002,8,AP-KRN,15.8281,78.0373,0,0,0.63,-0.208,1.420236031935484,8.0,0.41935483870967744,0.41935483870967744,0.0
2002,9,AP-KRN,15.8281,78.0373,0,0,0.78,0.286,0.7018471730000001,2.0,0.0,0.7333333333333333,0.0
2003,6,AP-KRN,15.8281,78.0373,0,0,-0.13,0.139,1.65106069,1.0,0.23333333333333334,0.7666666666666667,0.0
2003,7,AP-KRN,15.8281,78.0373,0,0,0.09,0.131,0.992855799032258,2.0,0.25806451612903225,0.41935483870967744,0.0
2003,8,AP-KRN,15.8281,78.0373,0,0,0.14,0.108,0.6039936987096773,6.0,0.22580645161290322,0.3870967741935484,0.0
2003,9,AP-KRN,15.8281,78.0373,0,0,0.23,-0.06,0.7902776976666667,4.0,0.1,0.7,0.0
2004,6,AP-KRN,15.8281,78.0373,0,0,0.22,-0.384,1.0188708323333333,7.0,0.0,1.0,0.0
2004,7,AP-KRN,15.8281,78.0373,0,0,0.39,-0.301,1.611224959354839,1.0,0.22580645161290322,0.5483870967741935,0.0
2004,8,AP-KRN,15.8281,78.0373,0,0,0.54,-0.133,1.2484562670967745,6.0,0.0,0.7096774193548387,0.0
2004,9,AP-KRN,15.8281,78.0373,0,0,0.58,-0.106,1.438454236,2.0,0.4666666666666667,0.23333333333333334,0.0
2005,6,AP-KRN,15.8281,78.0373,0,0,0.09,-0.176,0.7345759723333334,2.0,0.0,0.5333333333333333,0.0
2005,7,AP-KRN,15.8281,78.0373,0,0,-0.04,-0.384,1.029081502903226,2.0,0.5806451612903226,0.2903225806451613,0.0
2005,8,AP-KRN,15.8281,78.0373,0,0,-0.14,-0.345,0.939736100967742,1.0,0.3548387096774194,0.4838709677419355,0.0
2005,9,AP-KRN,15.8281,78.0373,0,0,-0.11,-0.534,1.522602815,8.0,0.5333333333333333,0.26666666666666666,0.0
2007,6,AP-KRN,15.8281,78.0373,0,0,-0.41,0.031,1.3529915246666666,2.0,0.5666666666666667,0.0,0.03333333333333333
2007,7,AP-KRN,15.8281,78.0373,0,0,-0.49,0.045,1.3795319935483872,1.0,0.3548387096774194,0.6451612903225806,0.0
2007,8,AP-KRN,15.8281,78.0373,0,0,-0.77,0.237,0.8762567774193548,2.0,0.41935483870967744,0.3870967741935484,0.06451612903225806
2007,9,AP-KRN,15.8281,78.0373,0,0,-1.05,0.235,1.1761283893333332,5.0,0.5666666666666667,0.3,0.0
2008,6,AP-KRN,15.8281,78.0373,0,0,-0.56,0.215,0.953116955,3.0,0.16666666666666666,0.7,0.0
2008,7,AP-KRN,15.8281,78.0373,0,0,-0.33,0.246,1.2312710548387096,1.0,0.2903225806451613,0.6129032258064516,0.0
2008,8,AP-KRN,15.8281,78.0373,0,0,-0.2,0.124,1.211697393548387,2.0,0.3225806451612903,0.06451612903225806,0.0
2008,9,AP-KRN,15.8281,78.0373,0,0,-0.25,0.086,1.446583400333333,5.0,0.43333333333333335,0.43333333333333335,0.0
2009,6,AP-KRN,15.8281,78.0373,0,0,0.34,0.1,1.4584701413333332,8.0,0.7,0.26666666666666666,0.0
2009,7,AP-KRN,15.8281,78.0373,0,0,0.5,-0.192,0.6150665787096774,5.0,0.0,0.8064516129032258,0.0
2009,8,AP-KRN,15.8281,78.0373,0,0,0.56,-0.104,1.12875141,1.0,0.12903225806451613,0.6774193548387096,0.0
2009,9,AP-KRN,15.8281,78.0373,0,0,0.66,-0.103,1.6812911126666668,4.0,0.3333333333333333,0.43333333333333335,0.0
2010,6,AP-KRN,15.8281,78.0373,0,0,-0.66,-0.14,1.285590429,2.0,0.23333333333333334,0.5333333333333333,0.0
2010,7,AP-KRN,15.8281,78.0373,0,0,-0.98,-0.001,1.663601914516129,1.0,0.5483870967741935,0.22580645161290322,0.03225806451612903
2010,8,AP-KRN,15.8281,78.0373,0,0,-1.24,-0.061,0.747917844516129,1.0,0.6129032258064516,0.22580645161290322,0.0
2010,9,AP-KRN,15.8281,78.0373,0,0,-1.43,-0.267,0.8091414173333332,1.0,0.5,0.3,0.03333333333333333
2011,6,AP-KRN,15.8281,78.0373,0,0,-0.34,0.055,0.6791252076666666,2.0,0.23333333333333334,0.7333333333333333,0.0
2011,7,AP-KRN,15.8281,78.0373,0,0,-0.37,0.223,1.0109919648387098,1.0,0.1935483870967742,0.5806451612903226,0.0
2011,8,AP-KRN,15.8281,78.0373,0,0,-0.5,0.344,1.011544473516129,2.0,0.45161290322580644,0.22580645161290322,0.0
2011,9,AP-KRN,15.8281,78.0373,0,0,-0.76,0.202,0.9066917783333334,3.0,0.0,0.7666666666666667,0.0
2014,6,AP-KRN,15.8281,78.0373,0,0,0.22,-0.028,1.108679051,4.0,0.23333333333333334,0.7666666666666667,0.0
2014,7,AP-KRN,15.8281,78.0373,0,0,0.07,-0.363,1.1528067432258065,6.0,0.3870967741935484,0.41935483870967744,0.0
2014,8,AP-KRN,15.8281,78.0373,0,0,0.07,-0.372,1.2150309538709676,2.0,0.2903225806451613,0.6774193548387096,0.0
2014,9,AP-KRN,15.8281,78.0373,0,0,0.24,-0.145,0.649377995,4.0,0.4,0.4666666666666667,0.0
2015,6,AP-KRN,15.8281,78.0373,0,0,1.19,0.296,1.992920383333333,4.0,0.23333333333333334,0.7,0.0
2015,7,AP-KRN,15.8281,78.0373,0,0,1.44,0.225,1.837990334516129,7.0,0.22580645161290322,0.5161290322580645,0.0
2015,8,AP-KRN,15.8281,78.0373,0,0,1.73,0.568,0.8428048241935484,8.0,0.22580645161290322,0.4838709677419355,0.0
2015,9,AP-KRN,15.8281,78.0373,0,0,2.02,0.294,0.62977513528,1.0,0.3333333333333333,0.26666666666666666,0.0
2016,6,AP-KRN,15.8281,78.0373,0,0,0.09,-0.443,1.5598082686666668,4.0,0.36666666666666664,0.5333333333333333,0.0
2016,7,AP-KRN,15.8281,78.0373,0,0,-0.19,-0.757,1.0086871877419354,2.0,0.25806451612903225,0.6774193548387096,0.0
2016,8,AP-KRN,15.8281,78.0373,0,0,-0.34,-0.443,1.3634238690322582,6.0,0.16129032258064516,0.7096774193548387,0.0
2016,9,AP-KRN,15.8281,78.0373,0,0,-0.42,-0.437,0.9987363606666668,5.0,0.6,0.2,0.0
2017,6,AP-KRN,15.8281,78.0373,0,0,0.32,0.424,1.010765505,1.0,0.0,0.3,0.0
2017,7,AP-KRN,15.8281,78.0373,0,0,0.14,0.52,1.0194311058064516,3.0,0.2903225806451613,0.41935483870967744,0.0
2017,8,AP-KRN,15.8281,78.0373,0,0,-0.07,0.349,0.560064344016129,2.0,0.45161290322580644,0.0967741935483871,0.0
2017,9,AP-KRN,15.8281,78.0373,0,0,-0.23,0.035,0.5864452456666667,4.0,0.3333333333333333,0.2,0.0
2018,6,AP-KRN,15.8281,78.0373,0,0,0.13,0.155,1.099695321,1.0,0.3,0.6,0.0
2018,7,AP-KRN,15.8281,78.0373,0,0,0.2,0.053,1.4670566325806451,6.0,0.16129032258064516,0.5483870967741935,0.0
2018,8,AP-KRN,15.8281,78.0373,0,0,0.3,0.121,1.1604823280645162,6.0,0.0,0.5483870967741935,0.0
2018,9,AP-KRN,15.8281,78.0373,0,0,0.52,0.604,1.0746740603333331,8.0,0.23333333333333334,0.5666666666666667,0.0
2020,6,AP-KRN,15.8281,78.0373,0,0,-0.18,0.455,1.3547168013333333,1.0,0.13333333333333333,0.4666666666666667,0.0
2020,7,AP-KRN,15.8281,78.0373,0,0,-0.29,0.319,1.5012130690322585,2.0,0.6451612903225806,0.12903225806451613,0.0
2020,8,AP-KRN,15.8281,78.0373,0,0,-0.43,-0.183,1.5708076487096774,8.0,0.3548387096774194,0.22580645161290322,0.0
2020,9,AP-KRN,15.8281,78.0373,0,0,-0.77,-0.189,1.1078213236666663,4.0,0.6,0.23333333333333334,0.0
2021,6,AP-KRN,15.8281,78.0373,0,0,-0.31,-0.002,1.2543668813333333,1.0,0.1,0.6333333333333333,0.0
2021,7,AP-KRN,15.8281,78.0373,0,0,-0.35,-0.229,1.2697446645161292,2.0,0.3548387096774194,0.1935483870967742,0.0
2021,8,AP-KRN,15.8281,78.0373,0,0,-0.46,-0.099,1.3328496390322582,2.0,0.06451612903225806,0.9032258064516129,0.0
2021,9,AP-KRN,15.8281,78.0373,0,0,-0.64,-0.058,1.16716908,3.0,0.2,0.6333333333333333,0.0
2022,6,AP-KRN,15.8281,78.0373,0,0,-0.73,-0.335,1.7460144566666669,1.0,0.23333333333333334,0.6666666666666666,0.03333333333333333
2022,7,AP-KRN,15.8281,78.0373,0,0,-0.7,-0.195,0.9906527754838708,4.0,0.45161290322580644,0.06451612903225806,0.0
2022,8,AP-KRN,15.8281,78.0373,0,0,-0.78,-0.246,0.962351660967742,2.0,0.41935483870967744,0.5483870967741935,0.03225806451612903
2022,9,AP-KRN,15.8281,78.0373,0,0,-0.87,-0.322,0.45954351401,4.0,0.2,0.43333333333333335,0.0
2023,6,AP-KRN,15.8281,78.0373,0,0,0.73,0.665,1.1452140906,2.0,0.0,0.8,0.0
2023,7,AP-KRN,15.8281,78.0373,0,0,1.0,0.498,0.7976125261290323,6.0,0.3225806451612903,0.5806451612903226,0.0
2023,8,AP-KRN,15.8281,78.0373,0,0,1.25,0.826,0.9138732870967742,8.0,0.06451612903225806,0.8064516129032258,0.0
2023,9,AP-KRN,15.8281,78.0373,0,0,1.5,0.946,0.8482362092433333,4.0,0.4666666666666667,0.5,0.0
1990,6,TG-HYD,17.385,78.4867,0,1,0.25,-0.568,0.7040596286666666,6.0,0.6333333333333333,0.06666666666666667,0.0
1990,7,TG-HYD,17.385,78.4867,0,1,0.26,-0.246,0.7642434731967742,1.0,0.25806451612903225,0.3870967741935484,0.0
1990,8,TG-HYD,17.385,78.4867,0,1,0.32,-0.391,0.8801470647322581,6.0,0.45161290322580644,0.1935483870967742,0.0
1990,9,TG-HYD,17.385,78.4867,0,1,0.31,-0.183,0.775732242,3.0,0.26666666666666666,0.3,0.0
1991,6,TG-HYD,17.385,78.4867,0,1,0.63,0.263,1.4334286633333333,5.0,0.43333333333333335,0.26666666666666666,0.03333333333333333
1991,7,TG-HYD,17.385,78.4867,0,1,0.77,0.269,0.6487244419290323,6.0,0.25806451612903225,0.3870967741935484,0.03225806451612903
1991,8,TG-HYD,17.385,78.4867,0,1,0.67,0.058,1.2953001661290322,5.0,0.4838709677419355,0.2903225806451613,0.03225806451612903
1991,9,TG-HYD,17.385,78.4867,0,1,0.72,0.099,1.3728957676666669,8.0,0.3,0.7,0.06666666666666667
1992,6,TG-HYD,17.385,78.4867,0,1,0.72,-0.861,1.0309609286666666,3.0,0.3333333333333333,0.3,0.0
1992,7,TG-HYD,17.385,78.4867,0,1,0.35,-0.479,1.032042581935484,3.0,0.22580645161290322,0.5483870967741935,0.0
1992,8,TG-HYD,17.385,78.4867,0,1,0.08,-0.768,0.7930089680645162,5.0,0.5161290322580645,0.41935483870967744,0.0
1992,9,TG-HYD,17.385,78.4867,0,1,-0.15,-0.833,1.1277177353333334,2.0,0.2,0.5,0.0
1993,6,TG-HYD,17.385,78.4867,0,1,0.56,-0.108,1.5129156700000002,8.0,0.0,0.5,0.0
1993,7,TG-HYD,17.385,78.4867,0,1,0.28,-0.152,0.8503892948387097,5.0,0.0967741935483871,0.41935483870967744,0.0
1993,8,TG-HYD,17.385,78.4867,0,1,0.22,-0.306,0.9336245306,1.0,0.22580645161290322,0.3225806451612903,0.0
1993,9,TG-HYD,17.385,78.4867,0,1,0.2,-0.17,0.4647173026666666,2.0,0.5666666666666667,0.16666666666666666,0.0
1995,6,TG-HYD,17.385,78.4867,0,1,-0.11,-0.078,0.8386585686666667,2.0,0.4666666666666667,0.5333333333333333,0.0
1995,7,TG-HYD,17.385,78.4867,0,1,-0.3,-0.169,1.3968855583870967,2.0,0.9032258064516129,0.03225806451612903,0.0
1995,8,TG-HYD,17.385,78.4867,0,1,-0.55,-0.144,1.3320209096774194,2.0,0.45161290322580644,0.22580645161290322,0.0
1995,9,TG-HYD,17.385,78.4867,0,1,-0.81,-0.18,1.0134717556666666,5.0,0.4,0.23333333333333334,0.0
1996,6,TG-HYD,17.385,78.4867,0,1,-0.24,-0.395,1.5769545686666668,3.0,0.16666666666666666,0.7666666666666667,0.0
1996,7,TG-HYD,17.385,78.4867,0,1,-0.22,-0.644,1.590457191935484,6.0,0.4838709677419355,0.25806451612903225,0.0
1996,8,TG-HYD,17.385,78.4867,0,1,-0.27,-0.681,1.0089208741935485,3.0,0.6129032258064516,0.1935483870967742,0.03225806451612903
1996,9,TG-HYD,17.385,78.4867,0,1,-0.3,-0.712,1.0609203293333334,5.0,0.7,0.26666666666666666,0.0
1998,6,TG-HYD,17.385,78.4867,0,1,-0.08,0.147,0.921335034,3.0,0.0,0.5666666666666667,0.0
1998,7,TG-HYD,17.385,78.4867,0,1,-0.63,-0.385,0.75393639,2.0,0.3870967741935484,0.3548387096774194,0.0
1998,8,TG-HYD,17.385,78.4867,0,1,-0.83,-0.58,1.00514719,2.0,0.8387096774193549,0.0967741935483871,0.0
1998,9,TG-HYD,17.385,78.4867,0,1,-1.02,-0.496,1.4218518516666667,8.0,0.26666666666666666,0.16666666666666666,0.03333333333333333
2002,6,TG-HYD,17.385,78.4867,0,1,0.45,-0.189,1.8803833166666664,2.0,0.5,0.23333333333333334,0.0
2002,7,TG-HYD,17.385,78.4867,0,1,0.57,-0.261,1.7221574980645162,8.0,0.0,0.6451612903225806,0.0
2002,8,TG-HYD,17.385,78.4867,0,1,0.63,-0.208,1.420236031935484,8.0,0.6774193548387096,0.22580645161290322,0.0
2002,9,TG-HYD,17.385,78.4867,0,1,0.78,0.286,0.7018471730000001,2.0,0.03333333333333333,0.4,0.0
2003,6,TG-HYD,17.385,78.4867,0,1,-0.13,0.139,1.65106069,1.0,0.16666666666666666,0.6,0.0
2003,7,TG-HYD,17.385,78.4867,0,1,0.09,0.131,0.992855799032258,2.0,0.8064516129032258,0.16129032258064516,0.0
2003,8,TG-HYD,17.385,78.4867,0,1,0.14,0.108,0.6039936987096773,6.0,0.4838709677419355,0.22580645161290322,0.0
2003,9,TG-HYD,17.385,78.4867,0,1,0.23,-0.06,0.7902776976666667,4.0,0.13333333333333333,0.7,0.0
2004,6,TG-HYD,17.385,78.4867,0,1,0.22,-0.384,1.0188708323333333,7.0,0.23333333333333334,0.7666666666666667,0.0
2004,7,TG-HYD,17.385,78.4867,0,1,0.39,-0.301,1.611224959354839,1.0,0.6774193548387096,0.22580645161290322,0.0
2004,8,TG-HYD,17.385,78.4867,0,1,0.54,-0.133,1.2484562670967745,6.0,0.3225806451612903,0.41935483870967744,0.0
2004,9,TG-HYD,17.385,78.4867,0,1,0.58,-0.106,1.438454236,2.0,0.23333333333333334,0.6333333333333333,0.03333333333333333
2005,6,TG-HYD,17.385,78.4867,0,1,0.09,-0.176,0.7345759723333334,2.0,0.06666666666666667,0.6666666666666666,0.0
2005,7,TG-HYD,17.385,78.4867,0,1,-0.04,-0.384,1.029081502903226,2.0,0.8709677419354839,0.03225806451612903,0.03225806451612903
2005,8,TG-HYD,17.385,78.4867,0,1,-0.14,-0.345,0.939736100967742,1.0,0.22580645161290322,0.2903225806451613,0.0
2005,9,TG-HYD,17.385,78.4867,0,1,-0.11,-0.534,1.522602815,8.0,0.7,0.26666666666666666,0.0
2007,6,TG-HYD,17.385,78.4867,0,1,-0.41,0.031,1.3529915246666666,2.0,0.26666666666666666,0.43333333333333335,0.0
2007,7,TG-HYD,17.385,78.4867,0,1,-0.49,0.045,1.3795319935483872,1.0,0.22580645161290322,0.3870967741935484,0.0
2007,8,TG-HYD,17.385,78.4867,0,1,-0.77,0.237,0.8762567774193548,2.0,0.45161290322580644,0.2903225806451613,0.0
2007,9,TG-HYD,17.385,78.4867,0,1,-1.05,0.235,1.1761283893333332,5.0,0.7666666666666667,0.0,0.0
2008,6,TG-HYD,17.385,78.4867,0,1,-0.56,0.215,0.953116955,3.0,0.13333333333333333,0.6,0.0
2008,7,TG-HYD,17.385,78.4867,0,1,-0.33,0.246,1.2312710548387096,1.0,0.3225806451612903,0.45161290322580644,0.0
2008,8,TG-HYD,17.385,78.4867,0,1,-0.2,0.124,1.211697393548387,2.0,0.7741935483870968,0.06451612903225806,0.06451612903225806
2008,9,TG-HYD,17.385,78.4867,0,1,-0.25,0.086,1.446583400333333,5.0,0.5,0.4,0.0
2009,6,TG-HYD,17.385,78.4867,0,1,0.34,0.1,1.4584701413333332,8.0,0.16666666666666666,0.6,0.0
2009,7,TG-HYD,17.385,78.4867,0,1,0.5,-0.192,0.6150665787096774,5.0,0.16129032258064516,0.5161290322580645,0.0
2009,8,TG-HYD,17.385,78.4867,0,1,0.56,-0.104,1.12875141,1.0,0.45161290322580644,0.5483870967741935,0.06451612903225806
2009,9,TG-HYD,17.385,78.4867,0,1,0.66,-0.103,1.6812911126666668,4.0,0.3,0.5333333333333333,0.0
2010,6,TG-HYD,17.385,78.4867,0,1,-0.66,-0.14,1.285590429,2.0,0.4666666666666667,0.36666666666666664,0.0
2010,7,TG-HYD,17.385,78.4867,0,1,-0.98,-0.001,1.663601914516129,1.0,0.8064516129032258,0.06451612903225806,0.03225806451612903
2010,8,TG-HYD,17.385,78.4867,0,1,-1.24,-0.061,0.747917844516129,1.0,0.5161290322580645,0.06451612903225806,0.0
2010,9,TG-HYD,17.385,78.4867,0,1,-1.43,-0.267,0.8091414173333332,1.0,0.5666666666666667,0.06666666666666667,0.0
2011,6,TG-HYD,17.385,78.4867,0,1,-0.34,0.055,0.6791252076666666,2.0,0.0,0.7,0.0
2011,7,TG-HYD,17.385,78.4867,0,1,-0.37,0.223,1.0109919648387098,1.0,0.6451612903225806,0.16129032258064516,0.0
2011,8,TG-HYD,17.385,78.4867,0,1,-0.5,0.344,1.011544473516129,2.0,0.3870967741935484,0.5483870967741935,0.03225806451612903
2011,9,TG-HYD,17.385,78.4867,0,1,-0.76,0.202,0.9066917783333334,3.0,0.1,0.7,0.0
2014,6,TG-HYD,17.385,78.4867,0,1,0.22,-0.028,1.108679051,4.0,0.23333333333333334,0.7333333333333333,0.0
2014,7,TG-HYD,17.385,78.4867,0,1,0.07,-0.363,1.1528067432258065,6.0,0.25806451612903225,0.45161290322580644,0.0
2014,8,TG-HYD,17.385,78.4867,0,1,0.07,-0.372,1.2150309538709676,2.0,0.12903225806451613,0.4838709677419355,0.0
2014,9,TG-HYD,17.385,78.4867,0,1,0.24,-0.145,0.649377995,4.0,0.43333333333333335,0.36666666666666664,0.0
2015,6,TG-HYD,17.385,78.4867,0,1,1.19,0.296,1.992920383333333,4.0,0.43333333333333335,0.23333333333333334,0.0
2015,7,TG-HYD,17.385,78.4867,0,1,1.44,0.225,1.837990334516129,7.0,0.12903225806451613,0.7741935483870968,0.0
2015,8,TG-HYD,17.385,78.4867,0,1,1.73,0.568,0.8428048241935484,8.0,0.16129032258064516,0.4838709677419355,0.0
2015,9,TG-HYD,17.385,78.4867,0,1,2.02,0.294,0.62977513528,1.0,0.3,0.3333333333333333,0.0
2016,6,TG-HYD,17.385,78.4867,0,1,0.09,-0.443,1.5598082686666668,4.0,0.13333333333333333,0.5666666666666667,0.0
2016,7,TG-HYD,17.385,78.4867,0,1,-0.19,-0.757,1.0086871877419354,2.0,0.3225806451612903,0.25806451612903225,0.0
2016,8,TG-HYD,17.385,78.4867,0,1,-0.34,-0.443,1.3634238690322582,6.0,0.2903225806451613,0.5806451612903226,0.0
2016,9,TG-HYD,17.385,78.4867,0,1,-0.42,-0.437,0.9987363606666668,5.0,0.8666666666666667,0.1,0.06666666666666667
2017,6,TG-HYD,17.385,78.4867,0,1,0.32,0.424,1.010765505,1.0,0.5666666666666667,0.23333333333333334,0.03333333333333333
2017,7,TG-HYD,17.385,78.4867,0,1,0.14,0.52,1.0194311058064516,3.0,0.2903225806451613,0.3225806451612903,0.0
2017,8,TG-HYD,17.385,78.4867,0,1,-0.07,0.349,0.560064344016129,2.0,0.41935483870967744,0.25806451612903225,0.03225806451612903
2017,9,TG-HYD,17.385,78.4867,0,1,-0.23,0.035,0.5864452456666667,4.0,0.4,0.4666666666666667,0.0
2018,6,TG-HYD,17.385,78.4867,0,1,0.13,0.155,1.099695321,1.0,0.26666666666666666,0.16666666666666666,0.0
2018,7,TG-HYD,17.385,78.4867,0,1,0.2,0.053,1.4670566325806451,6.0,0.3548387096774194,0.4838709677419355,0.0
2018,8,TG-HYD,17.385,78.4867,0,1,0.3,0.121,1.1604823280645162,6.0,0.3548387096774194,0.45161290322580644,0.0
2018,9,TG-HYD,17.385,78.4867,0,1,0.52,0.604,1.0746740603333331,8.0,0.03333333333333333,0.5,0.0
2020,6,TG-HYD,17.385,78.4867,0,1,-0.18,0.455,1.3547168013333333,1.0,0.23333333333333334,0.13333333333333333,0.0
2020,7,TG-HYD,17.385,78.4867,0,1,-0.29,0.319,1.5012130690322585,2.0,0.2903225806451613,0.12903225806451613,0.0
2020,8,TG-HYD,17.385,78.4867,0,1,-0.43,-0.183,1.5708076487096774,8.0,0.6129032258064516,0.0,0.0
2020,9,TG-HYD,17.385,78.4867,0,1,-0.77,-0.189,1.1078213236666663,4.0,0.6333333333333333,0.3,0.0
2021,6,TG-HYD,17.385,78.4867,0,1,-0.31,-0.002,1.2543668813333333,1.0,0.4,0.26666666666666666,0.0
2021,7,TG-HYD,17.385,78.4867,0,1,-0.35,-0.229,1.2697446645161292,2.0,0.6451612903225806,0.06451612903225806,0.03225806451612903
2021,8,TG-HYD,17.385,78.4867,0,1,-0.46,-0.099,1.3328496390322582,2.0,0.3225806451612903,0.4838709677419355,0.0
2021,9,TG-HYD,17.385,78.4867,0,1,-0.64,-0.058,1.16716908,3.0,0.6333333333333333,0.23333333333333334,0.03333333333333333
2022,6,TG-HYD,17.385,78.4867,0,1,-0.73,-0.335,1.7460144566666669,1.0,0.4,0.43333333333333335,0.0
2022,7,TG-HYD,17.385,78.4867,0,1,-0.7,-0.195,0.9906527754838708,4.0,0.9032258064516129,0.0,0.03225806451612903
2022,8,TG-HYD,17.385,78.4867,0,1,-0.78,-0.246,0.962351660967742,2.0,0.3548387096774194,0.5161290322580645,0.0
2022,9,TG-HYD,17.385,78.4867,0,1,-0.87,-0.322,0.45954351401,4.0,0.4666666666666667,0.5,0.0
2023,6,TG-HYD,17.385,78.4867,0,1,0.73,0.665,1.1452140906,2.0,0.23333333333333334,0.7666666666666667,0.0
2023,7,TG-HYD,17.385,78.4867,0,1,1.0,0.498,0.7976125261290323,6.0,0.41935483870967744,0.0,0.0
2023,8,TG-HYD,17.385,78.4867,0,1,1.25,0.826,0.9138732870967742,8.0,0.1935483870967742,0.7741935483870968,0.0
2023,9,TG-HYD,17.385,78.4867,0,1,1.5,0.946,0.8482362092433333,4.0,0.5,0.16666666666666666,0.0
1990,6,TG-WGL,17.9689,79.5941,0,1,0.25,-0.568,0.7040596286666666,6.0,0.4666666666666667,0.3,0.0
1990,7,TG-WGL,17.9689,79.5941,0,1,0.26,-0.246,0.7642434731967742,1.0,0.22580645161290322,0.41935483870967744,0.0
1990,8,TG-WGL,17.9689,79.5941,0,1,0.32,-0.391,0.8801470647322581,6.0,0.7419354838709677,0.1935483870967742,0.0
1990,9,TG-WGL,17.9689,79.5941,0,1,0.31,-0.183,0.775732242,3.0,0.43333333333333335,0.5,0.0
1991,6,TG-WGL,17.9689,79.5941,0,1,0.63,0.263,1.4334286633333333,5.0,0.5333333333333333,0.1,0.03333333333333333
1991,7,TG-WGL,17.9689,79.5941,0,1,0.77,0.269,0.6487244419290323,6.0,0.45161290322580644,0.1935483870967742,0.0
1991,8,TG-WGL,17.9689,79.5941,0,1,0.67,0.058,1.2953001661290322,5.0,0.3870967741935484,0.41935483870967744,0.0
1991,9,TG-WGL,17.9689,79.5941,0,1,0.72,0.099,1.3728957676666669,8.0,0.03333333333333333,0.6666666666666666,0.0
1992,6,TG-WGL,17.9689,79.5941,0,1,0.72,-0.861,1.0309609286666666,3.0,0.26666666666666666,0.6,0.0
1992,7,TG-WGL,17.9689,79.5941,0,1,0.35,-0.479,1.032042581935484,3.0,0.4838709677419355,0.16129032258064516,0.0
1992,8,TG-WGL,17.9689,79.5941,0,1,0.08,-0.768,0.7930089680645162,5.0,0.6451612903225806,0.1935483870967742,0.0
1992,9,TG-WGL,17.9689,79.5941,0,1,-0.15,-0.833,1.1277177353333334,2.0,0.26666666666666666,0.5333333333333333,0.0
1993,6,TG-WGL,17.9689,79.5941,0,1,0.56,-0.108,1.5129156700000002,8.0,0.0,0.9666666666666667,0.0
1993,7,TG-WGL,17.9689,79.5941,0,1,0.28,-0.152,0.8503892948387097,5.0,0.6774193548387096,0.12903225806451613,0.0
1993,8,TG-WGL,17.9689,79.5941,0,1,0.22,-0.306,0.9336245306,1.0,0.25806451612903225,0.3870967741935484,0.0
1993,9,TG-WGL,17.9689,79.5941,0,1,0.2,-0.17,0.4647173026666666,2.0,0.36666666666666664,0.26666666666666666,0.0
1995,6,TG-WGL,17.9689,79.5941,0,1,-0.11,-0.078,0.8386585686666667,2.0,0.4666666666666667,0.5333333333333333,0.0
1995,7,TG-WGL,17.9689,79.5941,0,1,-0.3,-0.169,1.3968855583870967,2.0,0.8387096774193549,0.0,0.0
1995,8,TG-WGL,17.9689,79.5941,0,1,-0.55,-0.144,1.3320209096774194,2.0,0.25806451612903225,0.2903225806451613,0.06451612903225806
1995,9,TG-WGL,17.9689,79.5941,0,1,-0.81,-0.18,1.0134717556666666,5.0,0.5,0.3333333333333333,0.0
1996,6,TG-WGL,17.9689,79.5941,0,1,-0.24,-0.395,1.5769545686666668,3.0,0.23333333333333334,0.5666666666666667,0.0
1996,7,TG-WGL,17.9689,79.5941,0,1,-0.22,-0.644,1.590457191935484,6.0,0.45161290322580644,0.16129032258064516,0.0
1996,8,TG-WGL,17.9689,79.5941,0,1,-0.27,-0.681,1.0089208741935485,3.0,0.5483870967741935,0.0,0.0
1996,9,TG-WGL,17.9689,79.5941,0,1,-0.3,-0.712,1.0609203293333334,5.0,0.3,0.5666666666666667,0.0
1998,6,TG-WGL,17.9689,79.5941,0,1,-0.08,0.147,0.921335034,3.0,0.23333333333333334,0.7666666666666667,0.0
1998,7,TG-WGL,17.9689,79.5941,0,1,-0.63,-0.385,0.75393639,2.0,0.12903225806451613,0.8064516129032258,0.0
1998,8,TG-WGL,17.9689,79.5941,0,1,-0.83,-0.58,1.00514719,2.0,0.0967741935483871,0.4838709677419355,0.0
1998,9,TG-WGL,17.9689,79.5941,0,1,-1.02,-0.496,1.4218518516666667,8.0,0.16666666666666666,0.4666666666666667,0.0
2002,6,TG-WGL,17.9689,79.5941,0,1,0.45,-0.189,1.8803833166666664,2.0,0.0,1.0,0.0
2002,7,TG-WGL,17.9689,79.5941,0,1,0.57,-0.261,1.7221574980645162,8.0,0.0,0.6451612903225806,0.0
2002,8,TG-WGL,17.9689,79.5941,0,1,0.63,-0.208,1.420236031935484,8.0,0.6451612903225806,0.16129032258064516,0.0
2002,9,TG-WGL,17.9689,79.5941,0,1,0.78,0.286,0.7018471730000001,2.0,0.5333333333333333,0.3,0.0
2003,6,TG-WGL,17.9689,79.5941,0,1,-0.13,0.139,1.65106069,1.0,0.0,0.7666666666666667,0.0
2003,7,TG-WGL,17.9689,79.5941,0,1,0.09,0.131,0.992855799032258,2.0,0.7419354838709677,0.12903225806451613,0.0
2003,8,TG-WGL,17.9689,79.5941,0,1,0.14,0.108,0.6039936987096773,6.0,0.1935483870967742,0.45161290322580644,0.0
2003,9,TG-WGL,17.9689,79.5941,0,1,0.23,-0.06,0.7902776976666667,4.0,0.23333333333333334,0.7333333333333333,0.0
2004,6,TG-WGL,17.9689,79.5941,0,1,0.22,-0.384,1.0188708323333333,7.0,0.16666666666666666,0.6333333333333333,0.0
2004,7,TG-WGL,17.9689,79.5941,0,1,0.39,-0.301,1.611224959354839,1.0,0.6129032258064516,0.0967741935483871,0.0
2004,8,TG-WGL,17.9689,79.5941,0,1,0.54,-0.133,1.2484562670967745,6.0,0.3225806451612903,0.3870967741935484,0.0
2004,9,TG-WGL,17.9689,79.5941,0,1,0.58,-0.106,1.438454236,2.0,0.23333333333333334,0.7333333333333333,0.0
2005,6,TG-WGL,17.9689,79.5941,0,1,0.09,-0.176,0.7345759723333334,2.0,0.16666666666666666,0.8,0.0
2005,7,TG-WGL,17.9689,79.5941,0,1,-0.04,-0.384,1.029081502903226,2.0,0.7096774193548387,0.03225806451612903,0.06451612903225806
2005,8,TG-WGL,17.9689,79.5941,0,1,-0.14,-0.345,0.939736100967742,1.0,0.0,0.7419354838709677,0.0
2005,9,TG-WGL,17.9689,79.5941,0,1,-0.11,-0.534,1.522602815,8.0,0.23333333333333334,0.43333333333333335,0.0
2007,6,TG-WGL,17.9689,79.5941,0,1,-0.41,0.031,1.3529915246666666,2.0,0.0,1.0,0.0
2007,7,TG-WGL,17.9689,79.5941,0,1,-0.49,0.045,1.3795319935483872,1.0,0.5806451612903226,0.2903225806451613,0.0
2007,8,TG-WGL,17.9689,79.5941,0,1,-0.77,0.237,0.8762567774193548,2.0,0.8064516129032258,0.0967741935483871,0.03225806451612903
2007,9,TG-WGL,17.9689,79.5941,0,1,-1.05,0.235,1.1761283893333332,5.0,0.8333333333333334,0.0,0.03333333333333333
2008,6,TG-WGL,17.9689,79.5941,0,1,-0.56,0.215,0.953116955,3.0,0.5333333333333333,0.36666666666666664,0.0
2008,7,TG-WGL,17.9689,79.5941,0,1,-0.33,0.246,1.2312710548387096,1.0,0.4838709677419355,0.16129032258064516,0.03225806451612903
2008,8,TG-WGL,17.9689,79.5941,0,1,-0.2,0.124,1.211697393548387,2.0,0.7419354838709677,0.25806451612903225,0.03225806451612903
2008,9,TG-WGL,17.9689,79.5941,0,1,-0.25,0.086,1.446583400333333,5.0,0.26666666666666666,0.5666666666666667,0.0
2009,6,TG-WGL,17.9689,79.5941,0,1,0.34,0.1,1.4584701413333332,8.0,0.03333333333333333,0.8,0.0
2009,7,TG-WGL,17.9689,79.5941,0,1,0.5,-0.192,0.6150665787096774,5.0,0.6129032258064516,0.25806451612903225,0.0
2009,8,TG-WGL,17.9689,79.5941,0,1,0.56,-0.104,1.12875141,1.0,0.1935483870967742,0.5806451612903226,0.0
2009,9,TG-WGL,17.9689,79.5941,0,1,0.66,-0.103,1.6812911126666668,4.0,0.4,0.6,0.06666666666666667
2010,6,TG-WGL,17.9689,79.5941,0,1,-0.66,-0.14,1.285590429,2.0,0.26666666666666666,0.43333333333333335,0.0
2010,7,TG-WGL,17.9689,79.5941,0,1,-0.98,-0.001,1.663601914516129,1.0,0.9354838709677419,0.03225806451612903,0.03225806451612903
2010,8,TG-WGL,17.9689,79.5941,0,1,-1.24,-0.061,0.747917844516129,1.0,0.9032258064516129,0.0,0.0
2010,9,TG-WGL,17.9689,79.5941,0,1,-1.43,-0.267,0.8091414173333332,1.0,0.6,0.16666666666666666,0.06666666666666667
2011,6,TG-WGL,17.9689,79.5941,0,1,-0.34,0.055,0.6791252076666666,2.0,0.0,0.7,0.0
2011,7,TG-WGL,17.9689,79.5941,0,1,-0.37,0.223,1.0109919648387098,1.0,0.5161290322580645,0.16129032258064516,0.03225806451612903
2011,8,TG-WGL,17.9689,79.5941,0,1,-0.5,0.344,1.011544473516129,2.0,0.6129032258064516,0.25806451612903225,0.0
2011,9,TG-WGL,17.9689,79.5941,0,1,-0.76,0.202,0.9066917783333334,3.0,0.5666666666666667,0.26666666666666666,0.0
2014,6,TG-WGL,17.9689,79.5941,0,1,0.22,-0.028,1.108679051,4.0,0.2,0.6666666666666666,0.0
2014,7,TG-WGL,17.9689,79.5941,0,1,0.07,-0.363,1.1528067432258065,6.0,0.7096774193548387,0.0967741935483871,0.0
2014,8,TG-WGL,17.9689,79.5941,0,1,0.07,-0.372,1.2150309538709676,2.0,0.25806451612903225,0.7096774193548387,0.0
2014,9,TG-WGL,17.9689,79.5941,0,1,0.24,-0.145,0.649377995,4.0,0.6,0.26666666666666666,0.0
2015,6,TG-WGL,17.9689,79.5941,0,1,1.19,0.296,1.992920383333333,4.0,0.6666666666666666,0.26666666666666666,0.03333333333333333
2015,7,TG-WGL,17.9689,79.5941,0,1,1.44,0.225,1.837990334516129,7.0,0.45161290322580644,0.25806451612903225,0.0
2015,8,TG-WGL,17.9689,79.5941,0,1,1.73,0.568,0.8428048241935484,8.0,0.3870967741935484,0.3548387096774194,0.0
2015,9,TG-WGL,17.9689,79.5941,0,1,2.02,0.294,0.62977513528,1.0,0.4666666666666667,0.16666666666666666,0.0
2016,6,TG-WGL,17.9689,79.5941,0,1,0.09,-0.443,1.5598082686666668,4.0,0.3333333333333333,0.26666666666666666,0.0
2016,7,TG-WGL,17.9689,79.5941,0,1,-0.19,-0.757,1.0086871877419354,2.0,0.967741935483871,0.0,0.0
2016,8,TG-WGL,17.9689,79.5941,0,1,-0.34,-0.443,1.3634238690322582,6.0,0.2903225806451613,0.1935483870967742,0.0
2016,9,TG-WGL,17.9689,79.5941,0,1,-0.42,-0.437,0.9987363606666668,5.0,0.6666666666666666,0.03333333333333333,0.03333333333333333
2017,6,TG-WGL,17.9689,79.5941,0,1,0.32,0.424,1.010765505,1.0,0.5666666666666667,0.13333333333333333,0.0
2017,7,TG-WGL,17.9689,79.5941,0,1,0.14,0.52,1.0194311058064516,3.0,0.5161290322580645,0.25806451612903225,0.0
2017,8,TG-WGL,17.9689,79.5941,0,1,-0.07,0.349,0.560064344016129,2.0,0.3870967741935484,0.25806451612903225,0.03225806451612903
2017,9,TG-WGL,17.9689,79.5941,0,1,-0.23,0.035,0.5864452456666667,4.0,0.3,0.3,0.0
2018,6,TG-WGL,17.9689,79.5941,0,1,0.13,0.155,1.099695321,1.0,0.23333333333333334,0.2,0.0
2018,7,TG-WGL,17.9689,79.5941,0,1,0.2,0.053,1.4670566325806451,6.0,0.6774193548387096,0.16129032258064516,0.0
2018,8,TG-WGL,17.9689,79.5941,0,1,0.3,0.121,1.1604823280645162,6.0,0.5483870967741935,0.3225806451612903,0.03225806451612903
2018,9,TG-WGL,17.9689,79.5941,0,1,0.52,0.604,1.0746740603333331,8.0,0.1,0.7333333333333333,0.0
2020,6,TG-WGL,17.9689,79.5941,0,1,-0.18,0.455,1.3547168013333333,1.0,0.5333333333333333,0.2,0.03333333333333333
2020,7,TG-WGL,17.9689,79.5941,0,1,-0.29,0.319,1.5012130690322585,2.0,0.7741935483870968,0.0,0.0
2020,8,TG-WGL,17.9689,79.5941,0,1,-0.43,-0.183,1.5708076487096774,8.0,0.7741935483870968,0.0,0.1935483870967742
2020,9,TG-WGL,17.9689,79.5941,0,1,-0.77,-0.189,1.1078213236666663,4.0,0.5333333333333333,0.03333333333333333,0.0
2021,6,TG-WGL,17.9689,79.5941,0,1,-0.31,-0.002,1.2543668813333333,1.0,0.7333333333333333,0.06666666666666667,0.0
2021,7,TG-WGL,17.9689,79.5941,0,1,-0.35,-0.229,1.2697446645161292,2.0,0.8064516129032258,0.12903225806451613,0.06451612903225806
2021,8,TG-WGL,17.9689,79.5941,0,1,-0.46,-0.099,1.3328496390322582,2.0,0.3225806451612903,0.5161290322580645,0.0
2021,9,TG-WGL,17.9689,79.5941,0,1,-0.64,-0.058,1.16716908,3.0,0.5333333333333333,0.2,0.03333333333333333
2022,6,TG-WGL,17.9689,79.5941,0,1,-0.73,-0.335,1.7460144566666669,1.0,0.3333333333333333,0.5333333333333333,0.0
2022,7,TG-WGL,17.9689,79.5941,0,1,-0.7,-0.195,0.9906527754838708,4.0,0.8064516129032258,0.03225806451612903,0.0
2022,8,TG-WGL,17.9689,79.5941,0,1,-0.78,-0.246,0.962351660967742,2.0,0.3870967741935484,0.2903225806451613,0.0
2022,9,TG-WGL,17.9689,79.5941,0,1,-0.87,-0.322,0.45954351401,4.0,0.4666666666666667,0.3,0.0
2023,6,TG-WGL,17.9689,79.5941,0,1,0.73,0.665,1.1452140906,2.0,0.0,0.8333333333333334,0.0
2023,7,TG-WGL,17.9689,79.5941,0,1,1.0,0.498,0.7976125261290323,6.0,0.8709677419354839,0.12903225806451613,0.0967741935483871
2023,8,TG-WGL,17.9689,79.5941,0,1,1.25,0.826,0.9138732870967742,8.0,0.22580645161290322,0.5161290322580645,0.0
2023,9,TG-WGL,17.9689,79.5941,0,1,1.5,0.946,0.8482362092433333,4.0,0.5333333333333333,0.3333333333333333,0.0
1990,6,TG-NLG,17.0575,79.2673,0,1,0.25,-0.568,0.7040596286666666,6.0,0.2,0.6666666666666666,0.0
1990,7,TG-NLG,17.0575,79.2673,0,1,0.26,-0.246,0.7642434731967742,1.0,0.0,0.5806451612903226,0.0
1990,8,TG-NLG,17.0575,79.2673,0,1,0.32,-0.391,0.8801470647322581,6.0,0.3870967741935484,0.3225806451612903,0.0
1990,9,TG-NLG,17.0575,79.2673,0,1,0.31,-0.183,0.775732242,3.0,0.26666666666666666,0.4666666666666667,0.0
1991,6,TG-NLG,17.0575,79.2673,0,1,0.63,0.263,1.4334286633333333,5.0,0.3,0.1,0.03333333333333333
1991,7,TG-NLG,17.0575,79.2673,0,1,0.77,0.269,0.6487244419290323,6.0,0.41935483870967744,0.2903225806451613,0.03225806451612903
1991,8,TG-NLG,17.0575,79.2673,0,1,0.67,0.058,1.2953001661290322,5.0,0.41935483870967744,0.3225806451612903,0.0
1991,9,TG-NLG,17.0575,79.2673,0,1,0.72,0.099,1.3728957676666669,8.0,0.3333333333333333,0.4,0.1
1992,6,TG-NLG,17.0575,79.2673,0,1,0.72,-0.861,1.0309609286666666,3.0,0.0,0.7666666666666667,0.0
1992,7,TG-NLG,17.0575,79.2673,0,1,0.35,-0.479,1.032042581935484,3.0,0.0,0.3548387096774194,0.0
1992,8,TG-NLG,17.0575,79.2673,0,1,0.08,-0.768,0.7930089680645162,5.0,0.41935483870967744,0.25806451612903225,0.0
1992,9,TG-NLG,17.0575,79.2673,0,1,-0.15,-0.833,1.1277177353333334,2.0,0.23333333333333334,0.3333333333333333,0.0
1993,6,TG-NLG,17.0575,79.2673,0,1,0.56,-0.108,1.5129156700000002,8.0,0.06666666666666667,0.6,0.0
1993,7,TG-NLG,17.0575,79.2673,0,1,0.28,-0.152,0.8503892948387097,5.0,0.45161290322580644,0.12903225806451613,0.0
1993,8,TG-NLG,17.0575,79.2673,0,1,0.22,-0.306,0.9336245306,1.0,0.03225806451612903,0.8064516129032258,0.0
1993,9,TG-NLG,17.0575,79.2673,0,1,0.2,-0.17,0.4647173026666666,2.0,0.4666666666666667,0.3,0.0
1995,6,TG-NLG,17.0575,79.2673,0,1,-0.11,-0.078,0.8386585686666667,2.0,0.13333333333333333,0.5333333333333333,0.0
1995,7,TG-NLG,17.0575,79.2673,0,1,-0.3,-0.169,1.3968855583870967,2.0,0.3225806451612903,0.25806451612903225,0.0
1995,8,TG-NLG,17.0575,79.2673,0,1,-0.55,-0.144,1.3320209096774194,2.0,0.12903225806451613,0.6451612903225806,0.0
1995,9,TG-NLG,17.0575,79.2673,0,1,-0.81,-0.18,1.0134717556666666,5.0,0.6,0.36666666666666664,0.03333333333333333
1996,6,TG-NLG,17.0575,79.2673,0,1,-0.24,-0.395,1.5769545686666668,3.0,0.3,0.5333333333333333,0.0
1996,7,TG-NLG,17.0575,79.2673,0,1,-0.22,-0.644,1.590457191935484,6.0,0.3548387096774194,0.45161290322580644,0.0
1996,8,TG-NLG,17.0575,79.2673,0,1,-0.27,-0.681,1.0089208741935485,3.0,0.45161290322580644,0.3870967741935484,0.0
1996,9,TG-NLG,17.0575,79.2673,0,1,-0.3,-0.712,1.0609203293333334,5.0,0.4,0.5666666666666667,0.03333333333333333
1998,6,TG-NLG,17.0575,79.2673,0,1,-0.08,0.147,0.921335034,3.0,0.03333333333333333,0.5333333333333333,0.0
1998,7,TG-NLG,17.0575,79.2673,0,1,-0.63,-0.385,0.75393639,2.0,0.4838709677419355,0.3548387096774194,0.03225806451612903
1998,8,TG-NLG,17.0575,79.2673,0,1,-0.83,-0.58,1.00514719,2.0,0.9354838709677419,0.0,0.0
1998,9,TG-NLG,17.0575,79.2673,0,1,-1.02,-0.496,1.4218518516666667,8.0,0.8,0.1,0.0
2002,6,TG-NLG,17.0575,79.2673,0,1,0.45,-0.189,1.8803833166666664,2.0,0.23333333333333334,0.5333333333333333,0.0
2002,7,TG-NLG,17.0575,79.2673,0,1,0.57,-0.261,1.7221574980645162,8.0,0.03225806451612903,0.8064516129032258,0.0
2002,8,TG-NLG,17.0575,79.2673,0,1,0.63,-0.208,1.420236031935484,8.0,0.3870967741935484,0.16129032258064516,0.0
2002,9,TG-NLG,17.0575,79.2673,0,1,0.78,0.286,0.7018471730000001,2.0,0.0,0.8,0.0
2003,6,TG-NLG,17.0575,79.2673,0,1,-0.13,0.139,1.65106069,1.0,0.23333333333333334,0.7333333333333333,0.0
2003,7,TG-NLG,17.0575,79.2673,0,1,0.09,0.131,0.992855799032258,2.0,0.7096774193548387,0.12903225806451613,0.0
2003,8,TG-NLG,17.0575,79.2673,0,1,0.14,0.108,0.6039936987096773,6.0,0.4838709677419355,0.3870967741935484,0.03225806451612903
2003,9,TG-NLG,17.0575,79.2673,0,1,0.23,-0.06,0.7902776976666667,4.0,0.3333333333333333,0.23333333333333334,0.0
2004,6,TG-NLG,17.0575,79.2673,0,1,0.22,-0.384,1.0188708323333333,7.0,0.23333333333333334,0.6,0.0
2004,7,TG-NLG,17.0575,79.2673,0,1,0.39,-0.301,1.611224959354839,1.0,0.5483870967741935,0.12903225806451613,0.0
2004,8,TG-NLG,17.0575,79.2673,0,1,0.54,-0.133,1.2484562670967745,6.0,0.03225806451612903,0.7419354838709677,0.0
2004,9,TG-NLG,17.0575,79.2673,0,1,0.58,-0.106,1.438454236,2.0,0.23333333333333334,0.5333333333333333,0.0
2005,6,TG-NLG,17.0575,79.2673,0,1,0.09,-0.176,0.7345759723333334,2.0,0.0,0.8666666666666667,0.0
2005,7,TG-NLG,17.0575,79.2673,0,1,-0.04,-0.384,1.029081502903226,2.0,0.5806451612903226,0.1935483870967742,0.03225806451612903
2005,8,TG-NLG,17.0575,79.2673,0,1,-0.14,-0.345,0.939736100967742,1.0,0.0967741935483871,0.5161290322580645,0.0
2005,9,TG-NLG,17.0575,79.2673,0,1,-0.11,-0.534,1.522602815,8.0,0.4666666666666667,0.2,0.03333333333333333
2007,6,TG-NLG,17.0575,79.2673,0,1,-0.41,0.031,1.3529915246666666,2.0,0.23333333333333334,0.4,0.0
2007,7,TG-NLG,17.0575,79.2673,0,1,-0.49,0.045,1.3795319935483872,1.0,0.3548387096774194,0.4838709677419355,0.0
2007,8,TG-NLG,17.0575,79.2673,0,1,-0.77,0.237,0.8762567774193548,2.0,0.25806451612903225,0.6451612903225806,0.0
2007,9,TG-NLG,17.0575,79.2673,0,1,-1.05,0.235,1.1761283893333332,5.0,0.5,0.4,0.03333333333333333
2008,6,TG-NLG,17.0575,79.2673,0,1,-0.56,0.215,0.953116955,3.0,0.2,0.43333333333333335,0.0
2008,7,TG-NLG,17.0575,79.2673,0,1,-0.33,0.246,1.2312710548387096,1.0,0.41935483870967744,0.4838709677419355,0.0
2008,8,TG-NLG,17.0575,79.2673,0,1,-0.2,0.124,1.211697393548387,2.0,0.7096774193548387,0.06451612903225806,0.03225806451612903
2008,9,TG-NLG,17.0575,79.2673,0,1,-0.25,0.086,1.446583400333333,5.0,0.4,0.5,0.0
2009,6,TG-NLG,17.0575,79.2673,0,1,0.34,0.1,1.4584701413333332,8.0,0.0,0.7666666666666667,0.0
2009,7,TG-NLG,17.0575,79.2673,0,1,0.5,-0.192,0.6150665787096774,5.0,0.0,0.7741935483870968,0.0
2009,8,TG-NLG,17.0575,79.2673,0,1,0.56,-0.104,1.12875141,1.0,0.2903225806451613,0.5483870967741935,0.0
2009,9,TG-NLG,17.0575,79.2673,0,1,0.66,-0.103,1.6812911126666668,4.0,0.26666666666666666,0.6333333333333333,0.0
2010,6,TG-NLG,17.0575,79.2673,0,1,-0.66,-0.14,1.285590429,2.0,0.23333333333333334,0.5333333333333333,0.0
2010,7,TG-NLG,17.0575,79.2673,0,1,-0.98,-0.001,1.663601914516129,1.0,0.7419354838709677,0.03225806451612903,0.0
2010,8,TG-NLG,17.0575,79.2673,0,1,-1.24,-0.061,0.747917844516129,1.0,0.45161290322580644,0.25806451612903225,0.0
2010,9,TG-NLG,17.0575,79.2673,0,1,-1.43,-0.267,0.8091414173333332,1.0,0.5666666666666667,0.03333333333333333,0.0
2011,6,TG-NLG,17.0575,79.2673,0,1,-0.34,0.055,0.6791252076666666,2.0,0.0,0.5,0.0
2011,7,TG-NLG,17.0575,79.2673,0,1,-0.37,0.223,1.0109919648387098,1.0,0.4838709677419355,0.12903225806451613,0.0
2011,8,TG-NLG,17.0575,79.2673,0,1,-0.5,0.344,1.011544473516129,2.0,0.6129032258064516,0.3548387096774194,0.0
2011,9,TG-NLG,17.0575,79.2673,0,1,-0.76,0.202,0.9066917783333334,3.0,0.2,0.6333333333333333,0.0
2014,6,TG-NLG,17.0575,79.2673,0,1,0.22,-0.028,1.108679051,4.0,0.03333333333333333,0.9666666666666667,0.0
2014,7,TG-NLG,17.0575,79.2673,0,1,0.07,-0.363,1.1528067432258065,6.0,0.3225806451612903,0.4838709677419355,0.0
2014,8,TG-NLG,17.0575,79.2673,0,1,0.07,-0.372,1.2150309538709676,2.0,0.22580645161290322,0.4838709677419355,0.0
2014,9,TG-NLG,17.0575,79.2673,0,1,0.24,-0.145,0.649377995,4.0,0.43333333333333335,0.3333333333333333,0.0
2015,6,TG-NLG,17.0575,79.2673,0,1,1.19,0.296,1.992920383333333,4.0,0.5666666666666667,0.36666666666666664,0.0
2015,7,TG-NLG,17.0575,79.2673,0,1,1.44,0.225,1.837990334516129,7.0,0.22580645161290322,0.3548387096774194,0.0
2015,8,TG-NLG,17.0575,79.2673,0,1,1.73,0.568,0.8428048241935484,8.0,0.5161290322580645,0.22580645161290322,0.0
2015,9,TG-NLG,17.0575,79.2673,0,1,2.02,0.294,0.62977513528,1.0,0.36666666666666664,0.36666666666666664,0.0
2016,6,TG-NLG,17.0575,79.2673,0,1,0.09,-0.443,1.5598082686666668,4.0,0.36666666666666664,0.26666666666666666,0.0
2016,7,TG-NLG,17.0575,79.2673,0,1,-0.19,-0.757,1.0086871877419354,2.0,0.41935483870967744,0.22580645161290322,0.0
2016,8,TG-NLG,17.0575,79.2673,0,1,-0.34,-0.443,1.3634238690322582,6.0,0.2903225806451613,0.6129032258064516,0.03225806451612903
2016,9,TG-NLG,17.0575,79.2673,0,1,-0.42,-0.437,0.9987363606666668,5.0,0.8333333333333334,0.06666666666666667,0.06666666666666667
2017,6,TG-NLG,17.0575,79.2673,0,1,0.32,0.424,1.010765505,1.0,0.23333333333333334,0.3333333333333333,0.0
2017,7,TG-NLG,17.0575,79.2673,0,1,0.14,0.52,1.0194311058064516,3.0,0.5483870967741935,0.3225806451612903,0.0
2017,8,TG-NLG,17.0575,79.2673,0,1,-0.07,0.349,0.560064344016129,2.0,0.3870967741935484,0.06451612903225806,0.0
2017,9,TG-NLG,17.0575,79.2673,0,1,-0.23,0.035,0.5864452456666667,4.0,0.6,0.2,0.0
2018,6,TG-NLG,17.0575,79.2673,0,1,0.13,0.155,1.099695321,1.0,0.26666666666666666,0.23333333333333334,0.03333333333333333
2018,7,TG-NLG,17.0575,79.2673,0,1,0.2,0.053,1.4670566325806451,6.0,0.2903225806451613,0.41935483870967744,0.0
2018,8,TG-NLG,17.0575,79.2673,0,1,0.3,0.121,1.1604823280645162,6.0,0.45161290322580644,0.3225806451612903,0.03225806451612903
2018,9,TG-NLG,17.0575,79.2673,0,1,0.52,0.604,1.0746740603333331,8.0,0.26666666666666666,0.4666666666666667,0.0
2020,6,TG-NLG,17.0575,79.2673,0,1,-0.18,0.455,1.3547168013333333,1.0,0.26666666666666666,0.4,0.0
2020,7,TG-NLG,17.0575,79.2673,0,1,-0.29,0.319,1.5012130690322585,2.0,0.9354838709677419,0.0,0.0
2020,8,TG-NLG,17.0575,79.2673,0,1,-0.43,-0.183,1.5708076487096774,8.0,0.5483870967741935,0.22580645161290322,0.0
2020,9,TG-NLG,17.0575,79.2673,0,1,-0.77,-0.189,1.1078213236666663,4.0,0.5333333333333333,0.23333333333333334,0.03333333333333333
2021,6,TG-NLG,17.0575,79.2673,0,1,-0.31,-0.002,1.2543668813333333,1.0,0.26666666666666666,0.4,0.0
2021,7,TG-NLG,17.0575,79.2673,0,1,-0.35,-0.229,1.2697446645161292,2.0,0.6451612903225806,0.06451612903225806,0.0
2021,8,TG-NLG,17.0575,79.2673,0,1,-0.46,-0.099,1.3328496390322582,2.0,0.4838709677419355,0.45161290322580644,0.0
2021,9,TG-NLG,17.0575,79.2673,0,1,-0.64,-0.058,1.16716908,3.0,0.6666666666666666,0.3,0.0
2022,6,TG-NLG,17.0575,79.2673,0,1,-0.73,-0.335,1.7460144566666669,1.0,0.0,0.7,0.0
2022,7,TG-NLG,17.0575,79.2673,0,1,-0.7,-0.195,0.9906527754838708,4.0,0.45161290322580644,0.06451612903225806,0.0
2022,8,TG-NLG,17.0575,79.2673,0,1,-0.78,-0.246,0.962351660967742,2.0,0.22580645161290322,0.5483870967741935,0.0
2022,9,TG-NLG,17.0575,79.2673,0,1,-0.87,-0.322,0.45954351401,4.0,0.13333333333333333,0.4666666666666667,0.0
2023,6,TG-NLG,17.0575,79.2673,0,1,0.73,0.665,1.1452140906,2.0,0.16666666666666666,0.7,0.0
2023,7,TG-NLG,17.0575,79.2673,0,1,1.0,0.498,0.7976125261290323,6.0,0.22580645161290322,0.5161290322580645,0.0
2023,8,TG-NLG,17.0575,79.2673,0,1,1.25,0.826,0.9138732870967742,8.0,0.06451612903225806,0.41935483870967744,0.0
2023,9,TG-NLG,17.0575,79.2673,0,1,1.5,0.946,0.8482362092433333,4.0,0.6666666666666666,0.2,0.0
1990,6,KL-EKM,9.9816,76.2999,1,0,0.25,-0.568,0.7040596286666666,6.0,1.0,0.0,0.0
1990,7,KL-EKM,9.9816,76.2999,1,0,0.26,-0.246,0.7642434731967742,1.0,0.967741935483871,0.0,0.03225806451612903
1990,8,KL-EKM,9.9816,76.2999,1,0,0.32,-0.391,0.8801470647322581,6.0,0.6774193548387096,0.06451612903225806,0.0
1990,9,KL-EKM,9.9816,76.2999,1,0,0.31,-0.183,0.775732242,3.0,0.4,0.3333333333333333,0.0
1991,6,KL-EKM,9.9816,76.2999,1,0,0.63,0.263,1.4334286633333333,5.0,1.0,0.0,0.23333333333333334
1991,7,KL-EKM,9.9816,76.2999,1,0,0.77,0.269,0.6487244419290323,6.0,1.0,0.0,0.03225806451612903
1991,8,KL-EKM,9.9816,76.2999,1,0,0.67,0.058,1.2953001661290322,5.0,0.967741935483871,0.0,0.12903225806451613
1991,9,KL-EKM,9.9816,76.2999,1,0,0.72,0.099,1.3728957676666669,8.0,0.0,0.8666666666666667,0.0
1992,6,KL-EKM,9.9816,76.2999,1,0,0.72,-0.861,1.0309609286666666,3.0,0.9333333333333333,0.0,0.06666666666666667
1992,7,KL-EKM,9.9816,76.2999,1,0,0.35,-0.479,1.032042581935484,3.0,1.0,0.0,0.06451612903225806
1992,8,KL-EKM,9.9816,76.2999,1,0,0.08,-0.768,0.7930089680645162,5.0,0.967741935483871,0.0,0.0
1992,9,KL-EKM,9.9816,76.2999,1,0,-0.15,-0.833,1.1277177353333334,2.0,0.7333333333333333,0.13333333333333333,0.0
1993,6,KL-EKM,9.9816,76.2999,1,0,0.56,-0.108,1.5129156700000002,8.0,1.0,0.0,0.13333333333333333
1993,7,KL-EKM,9.9816,76.2999,1,0,0.28,-0.152,0.8503892948387097,5.0,1.0,0.0,0.0967741935483871
1993,8,KL-EKM,9.9816,76.2999,1,0,0.22,-0.306,0.9336245306,1.0,0.7096774193548387,0.0,0.03225806451612903
1993,9,KL-EKM,9.9816,76.2999,1,0,0.2,-0.17,0.4647173026666666,2.0,0.26666666666666666,0.4666666666666667,0.0
1995,6,KL-EKM,9.9816,76.2999,1,0,-0.11,-0.078,0.8386585686666667,2.0,0.7666666666666667,0.23333333333333334,0.03333333333333333
1995,7,KL-EKM,9.9816,76.2999,1,0,-0.3,-0.169,1.3968855583870967,2.0,1.0,0.0,0.0967741935483871
1995,8,KL-EKM,9.9816,76.2999,1,0,-0.55,-0.144,1.3320209096774194,2.0,0.9354838709677419,0.0,0.03225806451612903
1995,9,KL-EKM,9.9816,76.2999,1,0,-0.81,-0.18,1.0134717556666666,5.0,0.8,0.06666666666666667,0.0
1996,6,KL-EKM,9.9816,76.2999,1,0,-0.24,-0.395,1.5769545686666668,3.0,0.8666666666666667,0.06666666666666667,0.1
1996,7,KL-EKM,9.9816,76.2999,1,0,-0.22,-0.644,1.590457191935484,6.0,0.7741935483870968,0.1935483870967742,0.03225806451612903
1996,8,KL-EKM,9.9816,76.2999,1,0,-0.27,-0.681,1.0089208741935485,3.0,0.967741935483871,0.0,0.0
1996,9,KL-EKM,9.9816,76.2999,1,0,-0.3,-0.712,1.0609203293333334,5.0,1.0,0.0,0.06666666666666667
1998,6,KL-EKM,9.9816,76.2999,1,0,-0.08,0.147,0.921335034,3.0,0.9333333333333333,0.0,0.03333333333333333
1998,7,KL-EKM,9.9816,76.2999,1,0,-0.63,-0.385,0.75393639,2.0,1.0,0.0,0.03225806451612903
1998,8,KL-EKM,9.9816,76.2999,1,0,-0.83,-0.58,1.00514719,2.0,1.0,0.0,0.0
1998,9,KL-EKM,9.9816,76.2999,1,0,-1.02,-0.496,1.4218518516666667,8.0,1.0,0.0,0.03333333333333333
2002,6,KL-EKM,9.9816,76.2999,1,0,0.45,-0.189,1.8803833166666664,2.0,1.0,0.0,0.03333333333333333
2002,7,KL-EKM,9.9816,76.2999,1,0,0.57,-0.261,1.7221574980645162,8.0,0.9354838709677419,0.0,0.03225806451612903
2002,8,KL-EKM,9.9816,76.2999,1,0,0.63,-0.208,1.420236031935484,8.0,0.8064516129032258,0.06451612903225806,0.06451612903225806
2002,9,KL-EKM,9.9816,76.2999,1,0,0.78,0.286,0.7018471730000001,2.0,0.26666666666666666,0.6333333333333333,0.0
2003,6,KL-EKM,9.9816,76.2999,1,0,-0.13,0.139,1.65106069,1.0,0.7666666666666667,0.23333333333333334,0.03333333333333333
2003,7,KL-EKM,9.9816,76.2999,1,0,0.09,0.131,0.992855799032258,2.0,1.0,0.0,0.0
2003,8,KL-EKM,9.9816,76.2999,1,0,0.14,0.108,0.6039936987096773,6.0,0.8387096774193549,0.0,0.03225806451612903
2003,9,KL-EKM,9.9816,76.2999,1,0,0.23,-0.06,0.7902776976666667,4.0,0.23333333333333334,0.3333333333333333,0.0
2004,6,KL-EKM,9.9816,76.2999,1,0,0.22,-0.384,1.0188708323333333,7.0,0.9,0.0,0.06666666666666667
2004,7,KL-EKM,9.9816,76.2999,1,0,0.39,-0.301,1.611224959354839,1.0,1.0,0.0,0.0
2004,8,KL-EKM,9.9816,76.2999,1,0,0.54,-0.133,1.2484562670967745,6.0,0.8064516129032258,0.06451612903225806,0.06451612903225806
2004,9,KL-EKM,9.9816,76.2999,1,0,0.58,-0.106,1.438454236,2.0,0.5666666666666667,0.2,0.0
2005,6,KL-EKM,9.9816,76.2999,1,0,0.09,-0.176,0.7345759723333334,2.0,1.0,0.0,0.06666666666666667
2005,7,KL-EKM,9.9816,76.2999,1,0,-0.04,-0.384,1.029081502903226,2.0,1.0,0.0,0.0
2005,8,KL-EKM,9.9816,76.2999,1,0,-0.14,-0.345,0.939736100967742,1.0,0.25806451612903225,0.2903225806451613,0.0
2005,9,KL-EKM,9.9816,76.2999,1,0,-0.11,-0.534,1.522602815,8.0,0.5,0.13333333333333333,0.03333333333333333
2007,6,KL-EKM,9.9816,76.2999,1,0,-0.41,0.031,1.3529915246666666,2.0,0.8,0.06666666666666667,0.06666666666666667
2007,7,KL-EKM,9.9816,76.2999,1,0,-0.49,0.045,1.3795319935483872,1.0,1.0,0.0,0.1935483870967742
2007,8,KL-EKM,9.9816,76.2999,1,0,-0.77,0.237,0.8762567774193548,2.0,0.7419354838709677,0.1935483870967742,0.03225806451612903
2007,9,KL-EKM,9.9816,76.2999,1,0,-1.05,0.235,1.1761283893333332,5.0,1.0,0.0,0.0
2008,6,KL-EKM,9.9816,76.2999,1,0,-0.56,0.215,0.953116955,3.0,1.0,0.0,0.0
2008,7,KL-EKM,9.9816,76.2999,1,0,-0.33,0.246,1.2312710548387096,1.0,1.0,0.0,0.03225806451612903
2008,8,KL-EKM,9.9816,76.2999,1,0,-0.2,0.124,1.211697393548387,2.0,0.7419354838709677,0.12903225806451613,0.0
2008,9,KL-EKM,9.9816,76.2999,1,0,-0.25,0.086,1.446583400333333,5.0,0.8666666666666667,0.1,0.06666666666666667
2009,6,KL-EKM,9.9816,76.2999,1,0,0.34,0.1,1.4584701413333332,8.0,0.8666666666666667,0.0,0.06666666666666667
2009,7,KL-EKM,9.9816,76.2999,1,0,0.5,-0.192,0.6150665787096774,5.0,0.967741935483871,0.0,0.06451612903225806
2009,8,KL-EKM,9.9816,76.2999,1,0,0.56,-0.104,1.12875141,1.0,0.8064516129032258,0.0,0.0
2009,9,KL-EKM,9.9816,76.2999,1,0,0.66,-0.103,1.6812911126666668,4.0,0.7666666666666667,0.16666666666666666,0.03333333333333333
2010,6,KL-EKM,9.9816,76.2999,1,0,-0.66,-0.14,1.285590429,2.0,1.0,0.0,0.06666666666666667
2010,7,KL-EKM,9.9816,76.2999,1,0,-0.98,-0.001,1.663601914516129,1.0,1.0,0.0,0.06451612903225806
2010,8,KL-EKM,9.9816,76.2999,1,0,-1.24,-0.061,0.747917844516129,1.0,0.9354838709677419,0.0,0.03225806451612903
2010,9,KL-EKM,9.9816,76.2999,1,0,-1.43,-0.267,0.8091414173333332,1.0,0.8333333333333334,0.06666666666666667,0.03333333333333333
2011,6,KL-EKM,9.9816,76.2999,1,0,-0.34,0.055,0.6791252076666666,2.0,1.0,0.0,0.03333333333333333
2011,7,KL-EKM,9.9816,76.2999,1,0,-0.37,0.223,1.0109919648387098,1.0,0.9354838709677419,0.0,0.0
2011,8,KL-EKM,9.9816,76.2999,1,0,-0.5,0.344,1.011544473516129,2.0,0.7096774193548387,0.0,0.0
2011,9,KL-EKM,9.9816,76.2999,1,0,-0.76,0.202,0.9066917783333334,3.0,0.7333333333333333,0.13333333333333333,0.03333333333333333
2014,6,KL-EKM,9.9816,76.2999,1,0,0.22,-0.028,1.108679051,4.0,0.8666666666666667,0.06666666666666667,0.0
2014,7,KL-EKM,9.9816,76.2999,1,0,0.07,-0.363,1.1528067432258065,6.0,0.967741935483871,0.0,0.03225806451612903
2014,8,KL-EKM,9.9816,76.2999,1,0,0.07,-0.372,1.2150309538709676,2.0,0.8709677419354839,0.06451612903225806,0.16129032258064516
2014,9,KL-EKM,9.9816,76.2999,1,0,0.24,-0.145,0.649377995,4.0,0.5666666666666667,0.16666666666666666,0.0
2015,6,KL-EKM,9.9816,76.2999,1,0,1.19,0.296,1.992920383333333,4.0,0.8333333333333334,0.0,0.03333333333333333
2015,7,KL-EKM,9.9816,76.2999,1,0,1.44,0.225,1.837990334516129,7.0,0.967741935483871,0.0,0.0
2015,8,KL-EKM,9.9816,76.2999,1,0,1.73,0.568,0.8428048241935484,8.0,0.7741935483870968,0.1935483870967742,0.0
2015,9,KL-EKM,9.9816,76.2999,1,0,2.02,0.294,0.62977513528,1.0,0.7666666666666667,0.13333333333333333,0.03333333333333333
2016,6,KL-EKM,9.9816,76.2999,1,0,0.09,-0.443,1.5598082686666668,4.0,1.0,0.0,0.0
2016,7,KL-EKM,9.9816,76.2999,1,0,-0.19,-0.757,1.0086871877419354,2.0,1.0,0.0,0.06451612903225806
2016,8,KL-EKM,9.9816,76.2999,1,0,-0.34,-0.443,1.3634238690322582,6.0,0.7419354838709677,0.0,0.0
2016,9,KL-EKM,9.9816,76.2999,1,0,-0.42,-0.437,0.9987363606666668,5.0,0.2,0.23333333333333334,0.0
2017,6,KL-EKM,9.9816,76.2999,1,0,0.32,0.424,1.010765505,1.0,1.0,0.0,0.06666666666666667
2017,7,KL-EKM,9.9816,76.2999,1,0,0.14,0.52,1.0194311058064516,3.0,1.0,0.0,0.0
2017,8,KL-EKM,9.9816,76.2999,1,0,-0.07,0.349,0.560064344016129,2.0,1.0,0.0,0.0
2017,9,KL-EKM,9.9816,76.2999,1,0,-0.23,0.035,0.5864452456666667,4.0,0.9,0.0,0.06666666666666667
2018,6,KL-EKM,9.9816,76.2999,1,0,0.13,0.155,1.099695321,1.0,1.0,0.0,0.1
2018,7,KL-EKM,9.9816,76.2999,1,0,0.2,0.053,1.4670566325806451,6.0,0.967741935483871,0.0,0.0967741935483871
2018,8,KL-EKM,9.9816,76.2999,1,0,0.3,0.121,1.1604823280645162,6.0,0.8064516129032258,0.0967741935483871,0.06451612903225806
2018,9,KL-EKM,9.9816,76.2999,1,0,0.52,0.604,1.0746740603333331,8.0,0.06666666666666667,0.7333333333333333,0.0
2020,6,KL-EKM,9.9816,76.2999,1,0,-0.18,0.455,1.3547168013333333,1.0,1.0,0.0,0.0
2020,7,KL-EKM,9.9816,76.2999,1,0,-0.29,0.319,1.5012130690322585,2.0,0.967741935483871,0.0,0.06451612903225806
2020,8,KL-EKM,9.9816,76.2999,1,0,-0.43,-0.183,1.5708076487096774,8.0,0.5806451612903226,0.06451612903225806,0.0967741935483871
2020,9,KL-EKM,9.9816,76.2999,1,0,-0.77,-0.189,1.1078213236666663,4.0,0.8333333333333334,0.06666666666666667,0.03333333333333333
2021,6,KL-EKM,9.9816,76.2999,1,0,-0.31,-0.002,1.2543668813333333,1.0,1.0,0.0,0.03333333333333333
2021,7,KL-EKM,9.9816,76.2999,1,0,-0.35,-0.229,1.2697446645161292,2.0,0.967741935483871,0.0,0.06451612903225806
2021,8,KL-EKM,9.9816,76.2999,1,0,-0.46,-0.099,1.3328496390322582,2.0,0.7741935483870968,0.0,0.06451612903225806
2021,9,KL-EKM,9.9816,76.2999,1,0,-0.64,-0.058,1.16716908,3.0,0.9,0.0,0.0
2022,6,KL-EKM,9.9816,76.2999,1,0,-0.73,-0.335,1.7460144566666669,1.0,0.8666666666666667,0.0,0.0
2022,7,KL-EKM,9.9816,76.2999,1,0,-0.7,-0.195,0.9906527754838708,4.0,0.9032258064516129,0.0,0.0
2022,8,KL-EKM,9.9816,76.2999,1,0,-0.78,-0.246,0.962351660967742,2.0,0.6774193548387096,0.22580645161290322,0.06451612903225806
2022,9,KL-EKM,9.9816,76.2999,1,0,-0.87,-0.322,0.45954351401,4.0,0.5333333333333333,0.43333333333333335,0.0
2023,6,KL-EKM,9.9816,76.2999,1,0,0.73,0.665,1.1452140906,2.0,0.7666666666666667,0.23333333333333334,0.03333333333333333
2023,7,KL-EKM,9.9816,76.2999,1,0,1.0,0.498,0.7976125261290323,6.0,0.9032258064516129,0.0,0.0967741935483871
2023,8,KL-EKM,9.9816,76.2999,1,0,1.25,0.826,0.9138732870967742,8.0,0.06451612903225806,0.9032258064516129,0.0
2023,9,KL-EKM,9.9816,76.2999,1,0,1.5,0.946,0.8482362092433333,4.0,1.0,0.0,0.06666666666666667
1990,6,KL-PLK,10.7867,76.6548,1,0,0.25,-0.568,0.7040596286666666,6.0,1.0,0.0,0.0
1990,7,KL-PLK,10.7867,76.6548,1,0,0.26,-0.246,0.7642434731967742,1.0,0.9032258064516129,0.06451612903225806,0.0
1990,8,KL-PLK,10.7867,76.6548,1,0,0.32,-0.391,0.8801470647322581,6.0,0.6451612903225806,0.06451612903225806,0.0
1990,9,KL-PLK,10.7867,76.6548,1,0,0.31,-0.183,0.775732242,3.0,0.0,0.9333333333333333,0.0
1991,6,KL-PLK,10.7867,76.6548,1,0,0.63,0.263,1.4334286633333333,5.0,0.8,0.06666666666666667,0.0
1991,7,KL-PLK,10.7867,76.6548,1,0,0.77,0.269,0.6487244419290323,6.0,0.9032258064516129,0.03225806451612903,0.06451612903225806
1991,8,KL-PLK,10.7867,76.6548,1,0,0.67,0.058,1.2953001661290322,5.0,0.5806451612903226,0.03225806451612903,0.0
1991,9,KL-PLK,10.7867,76.6548,1,0,0.72,0.099,1.3728957676666669,8.0,0.0,0.7333333333333333,0.0
1992,6,KL-PLK,10.7867,76.6548,1,0,0.72,-0.861,1.0309609286666666,3.0,0.5666666666666667,0.23333333333333334,0.03333333333333333
1992,7,KL-PLK,10.7867,76.6548,1,0,0.35,-0.479,1.032042581935484,3.0,0.8387096774193549,0.0,0.0
1992,8,KL-PLK,10.7867,76.6548,1,0,0.08,-0.768,0.7930089680645162,5.0,0.7419354838709677,0.0,0.0
1992,9,KL-PLK,10.7867,76.6548,1,0,-0.15,-0.833,1.1277177353333334,2.0,0.7333333333333333,0.06666666666666667,0.0
1993,6,KL-PLK,10.7867,76.6548,1,0,0.56,-0.108,1.5129156700000002,8.0,0.5666666666666667,0.23333333333333334,0.0
1993,7,KL-PLK,10.7867,76.6548,1,0,0.28,-0.152,0.8503892948387097,5.0,0.9354838709677419,0.0,0.0
1993,8,KL-PLK,10.7867,76.6548,1,0,0.22,-0.306,0.9336245306,1.0,0.6774193548387096,0.12903225806451613,0.0
1993,9,KL-PLK,10.7867,76.6548,1,0,0.2,-0.17,0.4647173026666666,2.0,0.23333333333333334,0.6666666666666666,0.0
1995,6,KL-PLK,10.7867,76.6548,1,0,-0.11,-0.078,0.8386585686666667,2.0,0.36666666666666664,0.23333333333333334,0.0
1995,7,KL-PLK,10.7867,76.6548,1,0,-0.3,-0.169,1.3968855583870967,2.0,0.9032258064516129,0.0,0.0
1995,8,KL-PLK,10.7867,76.6548,1,0,-0.55,-0.144,1.3320209096774194,2.0,0.5161290322580645,0.16129032258064516,0.0
1995,9,KL-PLK,10.7867,76.6548,1,0,-0.81,-0.18,1.0134717556666666,5.0,0.3333333333333333,0.4,0.0
1996,6,KL-PLK,10.7867,76.6548,1,0,-0.24,-0.395,1.5769545686666668,3.0,0.43333333333333335,0.3333333333333333,0.0
1996,7,KL-PLK,10.7867,76.6548,1,0,-0.22,-0.644,1.590457191935484,6.0,0.6451612903225806,0.2903225806451613,0.0
1996,8,KL-PLK,10.7867,76.6548,1,0,-0.27,-0.681,1.0089208741935485,3.0,0.3548387096774194,0.06451612903225806,0.0
1996,9,KL-PLK,10.7867,76.6548,1,0,-0.3,-0.712,1.0609203293333334,5.0,0.0,0.6666666666666666,0.0
1998,6,KL-PLK,10.7867,76.6548,1,0,-0.08,0.147,0.921335034,3.0,0.4666666666666667,0.4,0.0
1998,7,KL-PLK,10.7867,76.6548,1,0,-0.63,-0.385,0.75393639,2.0,1.0,0.0,0.03225806451612903
1998,8,KL-PLK,10.7867,76.6548,1,0,-0.83,-0.58,1.00514719,2.0,0.8064516129032258,0.0,0.0
1998,9,KL-PLK,10.7867,76.6548,1,0,-1.02,-0.496,1.4218518516666667,8.0,0.6333333333333333,0.0,0.0
2002,6,KL-PLK,10.7867,76.6548,1,0,0.45,-0.189,1.8803833166666664,2.0,0.0,0.9,0.0
2002,7,KL-PLK,10.7867,76.6548,1,0,0.57,-0.261,1.7221574980645162,8.0,0.12903225806451613,0.6129032258064516,0.0
2002,8,KL-PLK,10.7867,76.6548,1,0,0.63,-0.208,1.420236031935484,8.0,0.0,0.3548387096774194,0.0
2002,9,KL-PLK,10.7867,76.6548,1,0,0.78,0.286,0.7018471730000001,2.0,0.0,1.0,0.0
2003,6,KL-PLK,10.7867,76.6548,1,0,-0.13,0.139,1.65106069,1.0,0.0,0.7666666666666667,0.0
2003,7,KL-PLK,10.7867,76.6548,1,0,0.09,0.131,0.992855799032258,2.0,0.0,0.8387096774193549,0.0
2003,8,KL-PLK,10.7867,76.6548,1,0,0.14,0.108,0.6039936987096773,6.0,0.0,0.7419354838709677,0.0
2003,9,KL-PLK,10.7867,76.6548,1,0,0.23,-0.06,0.7902776976666667,4.0,0.0,1.0,0.0
2004,6,KL-PLK,10.7867,76.6548,1,0,0.22,-0.384,1.0188708323333333,7.0,0.23333333333333334,0.5666666666666667,0.0
2004,7,KL-PLK,10.7867,76.6548,1,0,0.39,-0.301,1.611224959354839,1.0,0.7096774193548387,0.03225806451612903,0.0
2004,8,KL-PLK,10.7867,76.6548,1,0,0.54,-0.133,1.2484562670967745,6.0,0.6129032258064516,0.3225806451612903,0.03225806451612903
2004,9,KL-PLK,10.7867,76.6548,1,0,0.58,-0.106,1.438454236,2.0,0.2,0.7333333333333333,0.0
2005,6,KL-PLK,10.7867,76.6548,1,0,0.09,-0.176,0.7345759723333334,2.0,0.5,0.23333333333333334,0.0
2005,7,KL-PLK,10.7867,76.6548,1,0,-0.04,-0.384,1.029081502903226,2.0,0.6774193548387096,0.0,0.0
2005,8,KL-PLK,10.7867,76.6548,1,0,-0.14,-0.345,0.939736100967742,1.0,0.25806451612903225,0.3870967741935484,0.0
2005,9,KL-PLK,10.7867,76.6548,1,0,-0.11,-0.534,1.522602815,8.0,0.36666666666666664,0.5,0.0
2007,6,KL-PLK,10.7867,76.6548,1,0,-0.41,0.031,1.3529915246666666,2.0,0.5,0.1,0.03333333333333333
2007,7,KL-PLK,10.7867,76.6548,1,0,-0.49,0.045,1.3795319935483872,1.0,0.7419354838709677,0.0,0.03225806451612903
2007,8,KL-PLK,10.7867,76.6548,1,0,-0.77,0.237,0.8762567774193548,2.0,0.7419354838709677,0.16129032258064516,0.0
2007,9,KL-PLK,10.7867,76.6548,1,0,-1.05,0.235,1.1761283893333332,5.0,1.0,0.0,0.0
2008,6,KL-PLK,10.7867,76.6548,1,0,-0.56,0.215,0.953116955,3.0,0.5333333333333333,0.26666666666666666,0.0
2008,7,KL-PLK,10.7867,76.6548,1,0,-0.33,0.246,1.2312710548387096,1.0,0.3225806451612903,0.0967741935483871,0.0
2008,8,KL-PLK,10.7867,76.6548,1,0,-0.2,0.124,1.211697393548387,2.0,0.4838709677419355,0.25806451612903225,0.0
2008,9,KL-PLK,10.7867,76.6548,1,0,-0.25,0.086,1.446583400333333,5.0,0.26666666666666666,0.4,0.0
2009,6,KL-PLK,10.7867,76.6548,1,0,0.34,0.1,1.4584701413333332,8.0,0.5333333333333333,0.3,0.0
2009,7,KL-PLK,10.7867,76.6548,1,0,0.5,-0.192,0.6150665787096774,5.0,0.8387096774193549,0.0,0.03225806451612903
2009,8,KL-PLK,10.7867,76.6548,1,0,0.56,-0.104,1.12875141,1.0,0.45161290322580644,0.3225806451612903,0.0
2009,9,KL-PLK,10.7867,76.6548,1,0,0.66,-0.103,1.6812911126666668,4.0,0.23333333333333334,0.16666666666666666,0.0
2010,6,KL-PLK,10.7867,76.6548,1,0,-0.66,-0.14,1.285590429,2.0,0.2,0.5,0.0
2010,7,KL-PLK,10.7867,76.6548,1,0,-0.98,-0.001,1.663601914516129,1.0,0.6451612903225806,0.06451612903225806,0.0
2010,8,KL-PLK,10.7867,76.6548,1,0,-1.24,-0.061,0.747917844516129,1.0,0.3870967741935484,0.41935483870967744,0.0
2010,9,KL-PLK,10.7867,76.6548,1,0,-1.43,-0.267,0.8091414173333332,1.0,0.23333333333333334,0.1,0.0
2011,6,KL-PLK,10.7867,76.6548,1,0,-0.34,0.055,0.6791252076666666,2.0,0.9666666666666667,0.03333333333333333,0.03333333333333333
2011,7,KL-PLK,10.7867,76.6548,1,0,-0.37,0.223,1.0109919648387098,1.0,0.7096774193548387,0.0,0.0
2011,8,KL-PLK,10.7867,76.6548,1,0,-0.5,0.344,1.011544473516129,2.0,0.8387096774193549,0.0967741935483871,0.0
2011,9,KL-PLK,10.7867,76.6548,1,0,-0.76,0.202,0.9066917783333334,3.0,0.6333333333333333,0.13333333333333333,0.03333333333333333
2014,6,KL-PLK,10.7867,76.6548,1,0,0.22,-0.028,1.108679051,4.0,0.4,0.5666666666666667,0.0
2014,7,KL-PLK,10.7867,76.6548,1,0,0.07,-0.363,1.1528067432258065,6.0,0.6774193548387096,0.2903225806451613,0.0
2014,8,KL-PLK,10.7867,76.6548,1,0,0.07,-0.372,1.2150309538709676,2.0,0.6451612903225806,0.03225806451612903,0.0
2014,9,KL-PLK,10.7867,76.6548,1,0,0.24,-0.145,0.649377995,4.0,0.43333333333333335,0.3333333333333333,0.0
2015,6,KL-PLK,10.7867,76.6548,1,0,1.19,0.296,1.992920383333333,4.0,0.4,0.4666666666666667,0.0
2015,7,KL-PLK,10.7867,76.6548,1,0,1.44,0.225,1.837990334516129,7.0,0.3870967741935484,0.22580645161290322,0.0
2015,8,KL-PLK,10.7867,76.6548,1,0,1.73,0.568,0.8428048241935484,8.0,0.25806451612903225,0.41935483870967744,0.0
2015,9,KL-PLK,10.7867,76.6548,1,0,2.02,0.294,0.62977513528,1.0,0.03333333333333333,0.9333333333333333,0.0
2016,6,KL-PLK,10.7867,76.6548,1,0,0.09,-0.443,1.5598082686666668,4.0,0.43333333333333335,0.26666666666666666,0.0
2016,7,KL-PLK,10.7867,76.6548,1,0,-0.19,-0.757,1.0086871877419354,2.0,0.6774193548387096,0.0,0.0
2016,8,KL-PLK,10.7867,76.6548,1,0,-0.34,-0.443,1.3634238690322582,6.0,0.16129032258064516,0.41935483870967744,0.0
2016,9,KL-PLK,10.7867,76.6548,1,0,-0.42,-0.437,0.9987363606666668,5.0,0.0,0.8,0.0
2017,6,KL-PLK,10.7867,76.6548,1,0,0.32,0.424,1.010765505,1.0,0.2,0.3,0.0
2017,7,KL-PLK,10.7867,76.6548,1,0,0.14,0.52,1.0194311058064516,3.0,0.41935483870967744,0.1935483870967742,0.0
2017,8,KL-PLK,10.7867,76.6548,1,0,-0.07,0.349,0.560064344016129,2.0,0.4838709677419355,0.3225806451612903,0.0
2017,9,KL-PLK,10.7867,76.6548,1,0,-0.23,0.035,0.5864452456666667,4.0,0.7333333333333333,0.2,0.0
2018,6,KL-PLK,10.7867,76.6548,1,0,0.13,0.155,1.099695321,1.0,0.7666666666666667,0.13333333333333333,0.0
2018,7,KL-PLK,10.7867,76.6548,1,0,0.2,0.053,1.4670566325806451,6.0,0.8709677419354839,0.06451612903225806,0.03225806451612903
2018,8,KL-PLK,10.7867,76.6548,1,0,0.3,0.121,1.1604823280645162,6.0,0.6774193548387096,0.1935483870967742,0.0967741935483871
2018,9,KL-PLK,10.7867,76.6548,1,0,0.52,0.604,1.0746740603333331,8.0,0.13333333333333333,0.8,0.0
2020,6,KL-PLK,10.7867,76.6548,1,0,-0.18,0.455,1.3547168013333333,1.0,0.0,0.23333333333333334,0.0
2020,7,KL-PLK,10.7867,76.6548,1,0,-0.29,0.319,1.5012130690322585,2.0,0.7096774193548387,0.16129032258064516,0.0
2020,8,KL-PLK,10.7867,76.6548,1,0,-0.43,-0.183,1.5708076487096774,8.0,0.41935483870967744,0.22580645161290322,0.0
2020,9,KL-PLK,10.7867,76.6548,1,0,-0.77,-0.189,1.1078213236666663,4.0,0.7333333333333333,0.06666666666666667,0.0
2021,6,KL-PLK,10.7867,76.6548,1,0,-0.31,-0.002,1.2543668813333333,1.0,0.3333333333333333,0.6,0.0
2021,7,KL-PLK,10.7867,76.6548,1,0,-0.35,-0.229,1.2697446645161292,2.0,0.6129032258064516,0.2903225806451613,0.0
2021,8,KL-PLK,10.7867,76.6548,1,0,-0.46,-0.099,1.3328496390322582,2.0,0.1935483870967742,0.3870967741935484,0.0
2021,9,KL-PLK,10.7867,76.6548,1,0,-0.64,-0.058,1.16716908,3.0,0.6,0.23333333333333334,0.0
2022,6,KL-PLK,10.7867,76.6548,1,0,-0.73,-0.335,1.7460144566666669,1.0,0.06666666666666667,0.8333333333333334,0.0
2022,7,KL-PLK,10.7867,76.6548,1,0,-0.7,-0.195,0.9906527754838708,4.0,0.7096774193548387,0.12903225806451613,0.0
2022,8,KL-PLK,10.7867,76.6548,1,0,-0.78,-0.246,0.962351660967742,2.0,0.6129032258064516,0.12903225806451613,0.0
2022,9,KL-PLK,10.7867,76.6548,1,0,-0.87,-0.322,0.45954351401,4.0,0.5333333333333333,0.43333333333333335,0.03333333333333333
2023,6,KL-PLK,10.7867,76.6548,1,0,0.73,0.665,1.1452140906,2.0,0.0,0.9,0.0
2023,7,KL-PLK,10.7867,76.6548,1,0,1.0,0.498,0.7976125261290323,6.0,0.6129032258064516,0.12903225806451613,0.0
2023,8,KL-PLK,10.7867,76.6548,1,0,1.25,0.826,0.9138732870967742,8.0,0.0,0.7419354838709677,0.0
2023,9,KL-PLK,10.7867,76.6548,1,0,1.5,0.946,0.8482362092433333,4.0,0.1,0.5,0.0
1990,6,KL-WAY,11.6854,76.132,1,0,0.25,-0.568,0.7040596286666666,6.0,0.0,0.3,0.0
1990,7,KL-WAY,11.6854,76.132,1,0,0.26,-0.246,0.7642434731967742,1.0,0.0,0.7419354838709677,0.0
1990,8,KL-WAY,11.6854,76.132,1,0,0.32,-0.391,0.8801470647322581,6.0,0.5161290322580645,0.06451612903225806,0.0
1990,9,KL-WAY,11.6854,76.132,1,0,0.31,-0.183,0.775732242,3.0,0.0,1.0,0.0
1991,6,KL-WAY,11.6854,76.132,1,0,0.63,0.263,1.4334286633333333,5.0,0.5,0.1,0.0
1991,7,KL-WAY,11.6854,76.132,1,0,0.77,0.269,0.6487244419290323,6.0,0.5161290322580645,0.03225806451612903,0.0
1991,8,KL-WAY,11.6854,76.132,1,0,0.67,0.058,1.2953001661290322,5.0,0.41935483870967744,0.2903225806451613,0.0
1991,9,KL-WAY,11.6854,76.132,1,0,0.72,0.099,1.3728957676666669,8.0,0.16666666666666666,0.6,0.0
1992,6,KL-WAY,11.6854,76.132,1,0,0.72,-0.861,1.0309609286666666,3.0,0.6,0.1,0.03333333333333333
1992,7,KL-WAY,11.6854,76.132,1,0,0.35,-0.479,1.032042581935484,3.0,0.41935483870967744,0.3870967741935484,0.0
1992,8,KL-WAY,11.6854,76.132,1,0,0.08,-0.768,0.7930089680645162,5.0,0.2903225806451613,0.3225806451612903,0.0
1992,9,KL-WAY,11.6854,76.132,1,0,-0.15,-0.833,1.1277177353333334,2.0,0.16666666666666666,0.4,0.0
1993,6,KL-WAY,11.6854,76.132,1,0,0.56,-0.108,1.5129156700000002,8.0,0.2,0.5333333333333333,0.0
1993,7,KL-WAY,11.6854,76.132,1,0,0.28,-0.152,0.8503892948387097,5.0,0.22580645161290322,0.3225806451612903,0.0
1993,8,KL-WAY,11.6854,76.132,1,0,0.22,-0.306,0.9336245306,1.0,0.22580645161290322,0.6774193548387096,0.0
1993,9,KL-WAY,11.6854,76.132,1,0,0.2,-0.17,0.4647173026666666,2.0,0.0,0.5666666666666667,0.0
1995,6,KL-WAY,11.6854,76.132,1,0,-0.11,-0.078,0.8386585686666667,2.0,0.0,0.7333333333333333,0.0
1995,7,KL-WAY,11.6854,76.132,1,0,-0.3,-0.169,1.3968855583870967,2.0,0.25806451612903225,0.0967741935483871,0.0
1995,8,KL-WAY,11.6854,76.132,1,0,-0.55,-0.144,1.3320209096774194,2.0,0.16129032258064516,0.5483870967741935,0.0
1995,9,KL-WAY,11.6854,76.132,1,0,-0.81,-0.18,1.0134717556666666,5.0,0.26666666666666666,0.6666666666666666,0.0
1996,6,KL-WAY,11.6854,76.132,1,0,-0.24,-0.395,1.5769545686666668,3.0,0.3333333333333333,0.4,0.0
1996,7,KL-WAY,11.6854,76.132,1,0,-0.22,-0.644,1.590457191935484,6.0,0.16129032258064516,0.5806451612903226,0.0
1996,8,KL-WAY,11.6854,76.132,1,0,-0.27,-0.681,1.0089208741935485,3.0,0.12903225806451613,0.2903225806451613,0.0
1996,9,KL-WAY,11.6854,76.132,1,0,-0.3,-0.712,1.0609203293333334,5.0,0.1,0.5666666666666667,0.0
1998,6,KL-WAY,11.6854,76.132,1,0,-0.08,0.147,0.921335034,3.0,0.13333333333333333,0.5333333333333333,0.0
1998,7,KL-WAY,11.6854,76.132,1,0,-0.63,-0.385,0.75393639,2.0,0.5483870967741935,0.25806451612903225,0.0
1998,8,KL-WAY,11.6854,76.132,1,0,-0.83,-0.58,1.00514719,2.0,0.2903225806451613,0.22580645161290322,0.0
1998,9,KL-WAY,11.6854,76.132,1,0,-1.02,-0.496,1.4218518516666667,8.0,0.0,0.7666666666666667,0.0
2002,6,KL-WAY,11.6854,76.132,1,0,0.45,-0.189,1.8803833166666664,2.0,0.03333333333333333,0.7666666666666667,0.0
2002,7,KL-WAY,11.6854,76.132,1,0,0.57,-0.261,1.7221574980645162,8.0,0.0,1.0,0.0
2002,8,KL-WAY,11.6854,76.132,1,0,0.63,-0.208,1.420236031935484,8.0,0.0,0.7741935483870968,0.0
2002,9,KL-WAY,11.6854,76.132,1,0,0.78,0.286,0.7018471730000001,2.0,0.0,0.8333333333333334,0.0
2003,6,KL-WAY,11.6854,76.132,1,0,-0.13,0.139,1.65106069,1.0,0.0,0.9,0.0
2003,7,KL-WAY,11.6854,76.132,1,0,0.09,0.131,0.992855799032258,2.0,0.0,0.5161290322580645,0.0
2003,8,KL-WAY,11.6854,76.132,1,0,0.14,0.108,0.6039936987096773,6.0,0.0,1.0,0.0
2003,9,KL-WAY,11.6854,76.132,1,0,0.23,-0.06,0.7902776976666667,4.0,0.0,1.0,0.0
2004,6,KL-WAY,11.6854,76.132,1,0,0.22,-0.384,1.0188708323333333,7.0,0.0,0.7,0.0
2004,7,KL-WAY,11.6854,76.132,1,0,0.39,-0.301,1.611224959354839,1.0,0.0,0.7419354838709677,0.0
2004,8,KL-WAY,11.6854,76.132,1,0,0.54,-0.133,1.2484562670967745,6.0,0.22580645161290322,0.7419354838709677,0.0
2004,9,KL-WAY,11.6854,76.132,1,0,0.58,-0.106,1.438454236,2.0,0.13333333333333333,0.8,0.0
2005,6,KL-WAY,11.6854,76.132,1,0,0.09,-0.176,0.7345759723333334,2.0,0.03333333333333333,0.6,0.0
2005,7,KL-WAY,11.6854,76.132,1,0,-0.04,-0.384,1.029081502903226,2.0,0.22580645161290322,0.2903225806451613,0.0
2005,8,KL-WAY,11.6854,76.132,1,0,-0.14,-0.345,0.939736100967742,1.0,0.3548387096774194,0.45161290322580644,0.0
2005,9,KL-WAY,11.6854,76.132,1,0,-0.11,-0.534,1.522602815,8.0,0.3333333333333333,0.6333333333333333,0.0
2007,6,KL-WAY,11.6854,76.132,1,0,-0.41,0.031,1.3529915246666666,2.0,0.4,0.3,0.0
2007,7,KL-WAY,11.6854,76.132,1,0,-0.49,0.045,1.3795319935483872,1.0,0.4838709677419355,0.0967741935483871,0.0
2007,8,KL-WAY,11.6854,76.132,1,0,-0.77,0.237,0.8762567774193548,2.0,0.6774193548387096,0.12903225806451613,0.0
2007,9,KL-WAY,11.6854,76.132,1,0,-1.05,0.235,1.1761283893333332,5.0,0.4666666666666667,0.16666666666666666,0.0
2008,6,KL-WAY,11.6854,76.132,1,0,-0.56,0.215,0.953116955,3.0,0.1,0.8333333333333334,0.0
2008,7,KL-WAY,11.6854,76.132,1,0,-0.33,0.246,1.2312710548387096,1.0,0.12903225806451613,0.5161290322580645,0.0
2008,8,KL-WAY,11.6854,76.132,1,0,-0.2,0.124,1.211697393548387,2.0,0.22580645161290322,0.3870967741935484,0.0
2008,9,KL-WAY,11.6854,76.132,1,0,-0.25,0.086,1.446583400333333,5.0,0.06666666666666667,0.5666666666666667,0.0
2009,6,KL-WAY,11.6854,76.132,1,0,0.34,0.1,1.4584701413333332,8.0,0.1,0.36666666666666664,0.0
2009,7,KL-WAY,11.6854,76.132,1,0,0.5,-0.192,0.6150665787096774,5.0,0.25806451612903225,0.3548387096774194,0.0
2009,8,KL-WAY,11.6854,76.132,1,0,0.56,-0.104,1.12875141,1.0,0.2903225806451613,0.6451612903225806,0.0
2009,9,KL-WAY,11.6854,76.132,1,0,0.66,-0.103,1.6812911126666668,4.0,0.4,0.2,0.0
2010,6,KL-WAY,11.6854,76.132,1,0,-0.66,-0.14,1.285590429,2.0,0.6666666666666666,0.1,0.0
2010,7,KL-WAY,11.6854,76.132,1,0,-0.98,-0.001,1.663601914516129,1.0,0.4838709677419355,0.0,0.0
2010,8,KL-WAY,11.6854,76.132,1,0,-1.24,-0.061,0.747917844516129,1.0,0.7741935483870968,0.0,0.0
2010,9,KL-WAY,11.6854,76.132,1,0,-1.43,-0.267,0.8091414173333332,1.0,0.6,0.06666666666666667,0.0
2011,6,KL-WAY,11.6854,76.132,1,0,-0.34,0.055,0.6791252076666666,2.0,0.8666666666666667,0.0,0.0
2011,7,KL-WAY,11.6854,76.132,1,0,-0.37,0.223,1.0109919648387098,1.0,0.5483870967741935,0.06451612903225806,0.0
2011,8,KL-WAY,11.6854,76.132,1,0,-0.5,0.344,1.011544473516129,2.0,0.6451612903225806,0.0967741935483871,0.0
2011,9,KL-WAY,11.6854,76.132,1,0,-0.76,0.202,0.9066917783333334,3.0,0.5,0.26666666666666666,0.0
2014,6,KL-WAY,11.6854,76.132,1,0,0.22,-0.028,1.108679051,4.0,0.3,0.7,0.0
2014,7,KL-WAY,11.6854,76.132,1,0,0.07,-0.363,1.1528067432258065,6.0,0.16129032258064516,0.41935483870967744,0.0
2014,8,KL-WAY,11.6854,76.132,1,0,0.07,-0.372,1.2150309538709676,2.0,0.45161290322580644,0.0967741935483871,0.0
2014,9,KL-WAY,11.6854,76.132,1,0,0.24,-0.145,0.649377995,4.0,0.23333333333333334,0.5333333333333333,0.0
2015,6,KL-WAY,11.6854,76.132,1,0,1.19,0.296,1.992920383333333,4.0,0.5666666666666667,0.23333333333333334,0.0
2015,7,KL-WAY,11.6854,76.132,1,0,1.44,0.225,1.837990334516129,7.0,0.06451612903225806,0.6774193548387096,0.0
2015,8,KL-WAY,11.6854,76.132,1,0,1.73,0.568,0.8428048241935484,8.0,0.22580645161290322,0.5806451612903226,0.0
2015,9,KL-WAY,11.6854,76.132,1,0,2.02,0.294,0.62977513528,1.0,0.3333333333333333,0.5333333333333333,0.0
2016,6,KL-WAY,11.6854,76.132,1,0,0.09,-0.443,1.5598082686666668,4.0,0.5333333333333333,0.0,0.0
2016,7,KL-WAY,11.6854,76.132,1,0,-0.19,-0.757,1.0086871877419354,2.0,0.8709677419354839,0.0,0.0
2016,8,KL-WAY,11.6854,76.132,1,0,-0.34,-0.443,1.3634238690322582,6.0,0.4838709677419355,0.1935483870967742,0.0
2016,9,KL-WAY,11.6854,76.132,1,0,-0.42,-0.437,0.9987363606666668,5.0,0.0,0.5333333333333333,0.0
2017,6,KL-WAY,11.6854,76.132,1,0,0.32,0.424,1.010765505,1.0,0.3333333333333333,0.4,0.0
2017,7,KL-WAY,11.6854,76.132,1,0,0.14,0.52,1.0194311058064516,3.0,0.5161290322580645,0.03225806451612903,0.0
2017,8,KL-WAY,11.6854,76.132,1,0,-0.07,0.349,0.560064344016129,2.0,0.4838709677419355,0.12903225806451613,0.0
2017,9,KL-WAY,11.6854,76.132,1,0,-0.23,0.035,0.5864452456666667,4.0,0.9666666666666667,0.0,0.0
2018,6,KL-WAY,11.6854,76.132,1,0,0.13,0.155,1.099695321,1.0,0.9,0.0,0.0
2018,7,KL-WAY,11.6854,76.132,1,0,0.2,0.053,1.4670566325806451,6.0,0.9354838709677419,0.0,0.0
2018,8,KL-WAY,11.6854,76.132,1,0,0.3,0.121,1.1604823280645162,6.0,0.7419354838709677,0.03225806451612903,0.0967741935483871
2018,9,KL-WAY,11.6854,76.132,1,0,0.52,0.604,1.0746740603333331,8.0,0.36666666666666664,0.3333333333333333,0.0
2020,6,KL-WAY,11.6854,76.132,1,0,-0.18,0.455,1.3547168013333333,1.0,0.4,0.1,0.0
2020,7,KL-WAY,11.6854,76.132,1,0,-0.29,0.319,1.5012130690322585,2.0,0.7419354838709677,0.0967741935483871,0.0
2020,8,KL-WAY,11.6854,76.132,1,0,-0.43,-0.183,1.5708076487096774,8.0,0.5806451612903226,0.1935483870967742,0.06451612903225806
2020,9,KL-WAY,11.6854,76.132,1,0,-0.77,-0.189,1.1078213236666663,4.0,0.8666666666666667,0.06666666666666667,0.0
2021,6,KL-WAY,11.6854,76.132,1,0,-0.31,-0.002,1.2543668813333333,1.0,0.3333333333333333,0.3333333333333333,0.0
2021,7,KL-WAY,11.6854,76.132,1,0,-0.35,-0.229,1.2697446645161292,2.0,0.7096774193548387,0.03225806451612903,0.0
2021,8,KL-WAY,11.6854,76.132,1,0,-0.46,-0.099,1.3328496390322582,2.0,0.7096774193548387,0.0,0.0
2021,9,KL-WAY,11.6854,76.132,1,0,-0.64,-0.058,1.16716908,3.0,0.4666666666666667,0.3,0.0
2022,6,KL-WAY,11.6854,76.132,1,0,-0.73,-0.335,1.7460144566666669,1.0,0.43333333333333335,0.2,0.0
2022,7,KL-WAY,11.6854,76.132,1,0,-0.7,-0.195,0.9906527754838708,4.0,0.9032258064516129,0.0,0.0
2022,8,KL-WAY,11.6854,76.132,1,0,-0.78,-0.246,0.962351660967742,2.0,0.7741935483870968,0.12903225806451613,0.0
2022,9,KL-WAY,11.6854,76.132,1,0,-0.87,-0.322,0.45954351401,4.0,0.43333333333333335,0.4666666666666667,0.0
2023,6,KL-WAY,11.6854,76.132,1,0,0.73,0.665,1.1452140906,2.0,0.36666666666666664,0.3333333333333333,0.0
2023,7,KL-WAY,11.6854,76.132,1,0,1.0,0.498,0.7976125261290323,6.0,0.9032258064516129,0.0,0.0
2023,8,KL-WAY,11.6854,76.132,1,0,1.25,0.826,0.9138732870967742,8.0,0.03225806451612903,0.6129032258064516,0.0
2023,9,KL-WAY,11.6854,76.132,1,0,1.5,0.946,0.8482362092433333,4.0,0.26666666666666666,0.36666666666666664,0.0
1990,6,GJ-AHM,23.0225,72.5714,0,1,0.25,-0.568,0.7040596286666666,6.0,0.0,0.8,0.0
1990,7,GJ-AHM,23.0225,72.5714,0,1,0.26,-0.246,0.7642434731967742,1.0,0.45161290322580644,0.41935483870967744,0.03225806451612903
1990,8,GJ-AHM,23.0225,72.5714,0,1,0.32,-0.391,0.8801470647322581,6.0,0.7096774193548387,0.0967741935483871,0.06451612903225806
1990,9,GJ-AHM,23.0225,72.5714,0,1,0.31,-0.183,0.775732242,3.0,0.43333333333333335,0.4,0.0
1991,6,GJ-AHM,23.0225,72.5714,0,1,0.63,0.263,1.4334286633333333,5.0,0.0,0.8333333333333334,0.0
1991,7,GJ-AHM,23.0225,72.5714,0,1,0.77,0.269,0.6487244419290323,6.0,0.6129032258064516,0.3870967741935484,0.0
1991,8,GJ-AHM,23.0225,72.5714,0,1,0.67,0.058,1.2953001661290322,5.0,0.22580645161290322,0.5483870967741935,0.0
1991,9,GJ-AHM,23.0225,72.5714,0,1,0.72,0.099,1.3728957676666669,8.0,0.0,1.0,0.0
1992,6,GJ-AHM,23.0225,72.5714,0,1,0.72,-0.861,1.0309609286666666,3.0,0.2,0.7333333333333333,0.0
1992,7,GJ-AHM,23.0225,72.5714,0,1,0.35,-0.479,1.032042581935484,3.0,0.41935483870967744,0.5806451612903226,0.0
1992,8,GJ-AHM,23.0225,72.5714,0,1,0.08,-0.768,0.7930089680645162,5.0,0.5161290322580645,0.41935483870967744,0.0
1992,9,GJ-AHM,23.0225,72.5714,0,1,-0.15,-0.833,1.1277177353333334,2.0,0.36666666666666664,0.4,0.03333333333333333
1993,6,GJ-AHM,23.0225,72.5714,0,1,0.56,-0.108,1.5129156700000002,8.0,0.0,0.8333333333333334,0.0
1993,7,GJ-AHM,23.0225,72.5714,0,1,0.28,-0.152,0.8503892948387097,5.0,0.6129032258064516,0.3225806451612903,0.0967741935483871
1993,8,GJ-AHM,23.0225,72.5714,0,1,0.22,-0.306,0.9336245306,1.0,0.22580645161290322,0.7741935483870968,0.0
1993,9,GJ-AHM,23.0225,72.5714,0,1,0.2,-0.17,0.4647173026666666,2.0,0.2,0.7666666666666667,0.0
1995,6,GJ-AHM,23.0225,72.5714,0,1,-0.11,-0.078,0.8386585686666667,2.0,0.0,1.0,0.0
1995,7,GJ-AHM,23.0225,72.5714,0,1,-0.3,-0.169,1.3968855583870967,2.0,0.4838709677419355,0.5161290322580645,0.0
1995,8,GJ-AHM,23.0225,72.5714,0,1,-0.55,-0.144,1.3320209096774194,2.0,0.3225806451612903,0.6129032258064516,0.0
1995,9,GJ-AHM,23.0225,72.5714,0,1,-0.81,-0.18,1.0134717556666666,5.0,0.3,0.7,0.0
1996,6,GJ-AHM,23.0225,72.5714,0,1,-0.24,-0.395,1.5769545686666668,3.0,0.23333333333333334,0.6333333333333333,0.0
1996,7,GJ-AHM,23.0225,72.5714,0,1,-0.22,-0.644,1.590457191935484,6.0,0.7096774193548387,0.12903225806451613,0.0
1996,8,GJ-AHM,23.0225,72.5714,0,1,-0.27,-0.681,1.0089208741935485,3.0,0.4838709677419355,0.25806451612903225,0.06451612903225806
1996,9,GJ-AHM,23.0225,72.5714,0,1,-0.3,-0.712,1.0609203293333334,5.0,0.36666666666666664,0.5333333333333333,0.0
1998,6,GJ-AHM,23.0225,72.5714,0,1,-0.08,0.147,0.921335034,3.0,0.26666666666666666,0.7333333333333333,0.0
1998,7,GJ-AHM,23.0225,72.5714,0,1,-0.63,-0.385,0.75393639,2.0,0.8387096774193549,0.12903225806451613,0.0967741935483871
1998,8,GJ-AHM,23.0225,72.5714,0,1,-0.83,-0.58,1.00514719,2.0,0.41935483870967744,0.5806451612903226,0.0
1998,9,GJ-AHM,23.0225,72.5714,0,1,-1.02,-0.496,1.4218518516666667,8.0,0.6666666666666666,0.13333333333333333,0.0
2002,6,GJ-AHM,23.0225,72.5714,0,1,0.45,-0.189,1.8803833166666664,2.0,0.16666666666666666,0.8,0.0
2002,7,GJ-AHM,23.0225,72.5714,0,1,0.57,-0.261,1.7221574980645162,8.0,0.12903225806451613,0.45161290322580644,0.0
2002,8,GJ-AHM,23.0225,72.5714,0,1,0.63,-0.208,1.420236031935484,8.0,0.3548387096774194,0.4838709677419355,0.0
2002,9,GJ-AHM,23.0225,72.5714,0,1,0.78,0.286,0.7018471730000001,2.0,0.23333333333333334,0.6666666666666666,0.0
2003,6,GJ-AHM,23.0225,72.5714,0,1,-0.13,0.139,1.65106069,1.0,0.2,0.7333333333333333,0.0
2003,7,GJ-AHM,23.0225,72.5714,0,1,0.09,0.131,0.992855799032258,2.0,0.6774193548387096,0.03225806451612903,0.0
2003,8,GJ-AHM,23.0225,72.5714,0,1,0.14,0.108,0.6039936987096773,6.0,0.6129032258064516,0.3548387096774194,0.06451612903225806
2003,9,GJ-AHM,23.0225,72.5714,0,1,0.23,-0.06,0.7902776976666667,4.0,0.0,0.7666666666666667,0.0
2004,6,GJ-AHM,23.0225,72.5714,0,1,0.22,-0.384,1.0188708323333333,7.0,0.3333333333333333,0.5666666666666667,0.0
2004,7,GJ-AHM,23.0225,72.5714,0,1,0.39,-0.301,1.611224959354839,1.0,0.1935483870967742,0.8064516129032258,0.03225806451612903
2004,8,GJ-AHM,23.0225,72.5714,0,1,0.54,-0.133,1.2484562670967745,6.0,0.6774193548387096,0.16129032258064516,0.06451612903225806
2004,9,GJ-AHM,23.0225,72.5714,0,1,0.58,-0.106,1.438454236,2.0,0.0,1.0,0.0
2005,6,GJ-AHM,23.0225,72.5714,0,1,0.09,-0.176,0.7345759723333334,2.0,0.16666666666666666,0.8,0.03333333333333333
2005,7,GJ-AHM,23.0225,72.5714,0,1,-0.04,-0.384,1.029081502903226,2.0,0.3870967741935484,0.45161290322580644,0.06451612903225806
2005,8,GJ-AHM,23.0225,72.5714,0,1,-0.14,-0.345,0.939736100967742,1.0,0.3225806451612903,0.6451612903225806,0.03225806451612903
2005,9,GJ-AHM,23.0225,72.5714,0,1,-0.11,-0.534,1.522602815,8.0,0.6666666666666666,0.26666666666666666,0.03333333333333333
2007,6,GJ-AHM,23.0225,72.5714,0,1,-0.41,0.031,1.3529915246666666,2.0,0.13333333333333333,0.6666666666666666,0.0
2007,7,GJ-AHM,23.0225,72.5714,0,1,-0.49,0.045,1.3795319935483872,1.0,0.6451612903225806,0.3225806451612903,0.06451612903225806
2007,8,GJ-AHM,23.0225,72.5714,0,1,-0.77,0.237,0.8762567774193548,2.0,0.5483870967741935,0.16129032258064516,0.06451612903225806
2007,9,GJ-AHM,23.0225,72.5714,0,1,-1.05,0.235,1.1761283893333332,5.0,0.1,0.5,0.0
2008,6,GJ-AHM,23.0225,72.5714,0,1,-0.56,0.215,0.953116955,3.0,0.0,0.7666666666666667,0.0
2008,7,GJ-AHM,23.0225,72.5714,0,1,-0.33,0.246,1.2312710548387096,1.0,0.3870967741935484,0.3548387096774194,0.0
2008,8,GJ-AHM,23.0225,72.5714,0,1,-0.2,0.124,1.211697393548387,2.0,0.6451612903225806,0.1935483870967742,0.03225806451612903
2008,9,GJ-AHM,23.0225,72.5714,0,1,-0.25,0.086,1.446583400333333,5.0,0.36666666666666664,0.6,0.0
2009,6,GJ-AHM,23.0225,72.5714,0,1,0.34,0.1,1.4584701413333332,8.0,0.0,1.0,0.0
2009,7,GJ-AHM,23.0225,72.5714,0,1,0.5,-0.192,0.6150665787096774,5.0,0.6451612903225806,0.2903225806451613,0.06451612903225806
2009,8,GJ-AHM,23.0225,72.5714,0,1,0.56,-0.104,1.12875141,1.0,0.0967741935483871,0.8709677419354839,0.03225806451612903
2009,9,GJ-AHM,23.0225,72.5714,0,1,0.66,-0.103,1.6812911126666668,4.0,0.16666666666666666,0.5666666666666667,0.0
2010,6,GJ-AHM,23.0225,72.5714,0,1,-0.66,-0.14,1.285590429,2.0,0.2,0.6,0.0
2010,7,GJ-AHM,23.0225,72.5714,0,1,-0.98,-0.001,1.663601914516129,1.0,0.7096774193548387,0.06451612903225806,0.03225806451612903
2010,8,GJ-AHM,23.0225,72.5714,0,1,-1.24,-0.061,0.747917844516129,1.0,0.6774193548387096,0.03225806451612903,0.03225806451612903
2010,9,GJ-AHM,23.0225,72.5714,0,1,-1.43,-0.267,0.8091414173333332,1.0,0.5333333333333333,0.26666666666666666,0.0
2011,6,GJ-AHM,23.0225,72.5714,0,1,-0.34,0.055,0.6791252076666666,2.0,0.3,0.6,0.0
2011,7,GJ-AHM,23.0225,72.5714,0,1,-0.37,0.223,1.0109919648387098,1.0,0.6451612903225806,0.1935483870967742,0.0
2011,8,GJ-AHM,23.0225,72.5714,0,1,-0.5,0.344,1.011544473516129,2.0,0.9354838709677419,0.0,0.06451612903225806
2011,9,GJ-AHM,23.0225,72.5714,0,1,-0.76,0.202,0.9066917783333334,3.0,0.5,0.4,0.0
2014,6,GJ-AHM,23.0225,72.5714,0,1,0.22,-0.028,1.108679051,4.0,0.0,1.0,0.0
2014,7,GJ-AHM,23.0225,72.5714,0,1,0.07,-0.363,1.1528067432258065,6.0,0.45161290322580644,0.5483870967741935,0.06451612903225806
2014,8,GJ-AHM,23.0225,72.5714,0,1,0.07,-0.372,1.2150309538709676,2.0,0.3548387096774194,0.5483870967741935,0.0
2014,9,GJ-AHM,23.0225,72.5714,0,1,0.24,-0.145,0.649377995,4.0,0.5,0.4666666666666667,0.03333333333333333
2015,6,GJ-AHM,23.0225,72.5714,0,1,1.19,0.296,1.992920383333333,4.0,0.2,0.4666666666666667,0.03333333333333333
2015,7,GJ-AHM,23.0225,72.5714,0,1,1.44,0.225,1.837990334516129,7.0,0.22580645161290322,0.6774193548387096,0.0967741935483871
2015,8,GJ-AHM,23.0225,72.5714,0,1,1.73,0.568,0.8428048241935484,8.0,0.12903225806451613,0.6774193548387096,0.0
2015,9,GJ-AHM,23.0225,72.5714,0,1,2.02,0.294,0.62977513528,1.0,0.23333333333333334,0.7,0.0
2016,6,GJ-AHM,23.0225,72.5714,0,1,0.09,-0.443,1.5598082686666668,4.0,0.0,1.0,0.0
2016,7,GJ-AHM,23.0225,72.5714,0,1,-0.19,-0.757,1.0086871877419354,2.0,0.3225806451612903,0.25806451612903225,0.0
2016,8,GJ-AHM,23.0225,72.5714,0,1,-0.34,-0.443,1.3634238690322582,6.0,0.6774193548387096,0.1935483870967742,0.03225806451612903
2016,9,GJ-AHM,23.0225,72.5714,0,1,-0.42,-0.437,0.9987363606666668,5.0,0.23333333333333334,0.5666666666666667,0.0
2017,6,GJ-AHM,23.0225,72.5714,0,1,0.32,0.424,1.010765505,1.0,0.13333333333333333,0.7666666666666667,0.0
2017,7,GJ-AHM,23.0225,72.5714,0,1,0.14,0.52,1.0194311058064516,3.0,0.8709677419354839,0.03225806451612903,0.12903225806451613
2017,8,GJ-AHM,23.0225,72.5714,0,1,-0.07,0.349,0.560064344016129,2.0,0.3870967741935484,0.5483870967741935,0.0
2017,9,GJ-AHM,23.0225,72.5714,0,1,-0.23,0.035,0.5864452456666667,4.0,0.4666666666666667,0.4666666666666667,0.0
2018,6,GJ-AHM,23.0225,72.5714,0,1,0.13,0.155,1.099695321,1.0,0.0,1.0,0.0
2018,7,GJ-AHM,23.0225,72.5714,0,1,0.2,0.053,1.4670566325806451,6.0,0.22580645161290322,0.1935483870967742,0.0
2018,8,GJ-AHM,23.0225,72.5714,0,1,0.3,0.121,1.1604823280645162,6.0,0.3548387096774194,0.5161290322580645,0.03225806451612903
2018,9,GJ-AHM,23.0225,72.5714,0,1,0.52,0.604,1.0746740603333331,8.0,0.0,0.7,0.0
2020,6,GJ-AHM,23.0225,72.5714,0,1,-0.18,0.455,1.3547168013333333,1.0,0.4,0.5,0.0
2020,7,GJ-AHM,23.0225,72.5714,0,1,-0.29,0.319,1.5012130690322585,2.0,0.6129032258064516,0.16129032258064516,0.0
2020,8,GJ-AHM,23.0225,72.5714,0,1,-0.43,-0.183,1.5708076487096774,8.0,0.7741935483870968,0.1935483870967742,0.03225806451612903
2020,9,GJ-AHM,23.0225,72.5714,0,1,-0.77,-0.189,1.1078213236666663,4.0,0.23333333333333334,0.3333333333333333,0.0
2021,6,GJ-AHM,23.0225,72.5714,0,1,-0.31,-0.002,1.2543668813333333,1.0,0.4,0.5333333333333333,0.0
2021,7,GJ-AHM,23.0225,72.5714,0,1,-0.35,-0.229,1.2697446645161292,2.0,0.41935483870967744,0.5483870967741935,0.0
2021,8,GJ-AHM,23.0225,72.5714,0,1,-0.46,-0.099,1.3328496390322582,2.0,0.03225806451612903,0.7096774193548387,0.0
2021,9,GJ-AHM,23.0225,72.5714,0,1,-0.64,-0.058,1.16716908,3.0,0.8333333333333334,0.0,0.0
2022,6,GJ-AHM,23.0225,72.5714,0,1,-0.73,-0.335,1.7460144566666669,1.0,0.0,1.0,0.0
2022,7,GJ-AHM,23.0225,72.5714,0,1,-0.7,-0.195,0.9906527754838708,4.0,0.7741935483870968,0.03225806451612903,0.03225806451612903
2022,8,GJ-AHM,23.0225,72.5714,0,1,-0.78,-0.246,0.962351660967742,2.0,0.5806451612903226,0.03225806451612903,0.0
2022,9,GJ-AHM,23.0225,72.5714,0,1,-0.87,-0.322,0.45954351401,4.0,0.23333333333333334,0.7,0.0
2023,6,GJ-AHM,23.0225,72.5714,0,1,0.73,0.665,1.1452140906,2.0,0.36666666666666664,0.4,0.0
2023,7,GJ-AHM,23.0225,72.5714,0,1,1.0,0.498,0.7976125261290323,6.0,0.8064516129032258,0.12903225806451613,0.03225806451612903
2023,8,GJ-AHM,23.0225,72.5714,0,1,1.25,0.826,0.9138732870967742,8.0,0.0,0.7741935483870968,0.0
2023,9,GJ-AHM,23.0225,72.5714,0,1,1.5,0.946,0.8482362092433333,4.0,0.23333333333333334,0.4666666666666667,0.03333333333333333
1990,6,GJ-SUR,21.1702,72.8311,0,1,0.25,-0.568,0.7040596286666666,6.0,0.26666666666666666,0.6333333333333333,0.0
1990,7,GJ-SUR,21.1702,72.8311,0,1,0.26,-0.246,0.7642434731967742,1.0,0.16129032258064516,0.5483870967741935,0.0
1990,8,GJ-SUR,21.1702,72.8311,0,1,0.32,-0.391,0.8801470647322581,6.0,0.8709677419354839,0.12903225806451613,0.06451612903225806
1990,9,GJ-SUR,21.1702,72.8311,0,1,0.31,-0.183,0.775732242,3.0,0.4,0.3333333333333333,0.03333333333333333
1991,6,GJ-SUR,21.1702,72.8311,0,1,0.63,0.263,1.4334286633333333,5.0,0.23333333333333334,0.6666666666666666,0.0
1991,7,GJ-SUR,21.1702,72.8311,0,1,0.77,0.269,0.6487244419290323,6.0,0.5483870967741935,0.16129032258064516,0.06451612903225806
1991,8,GJ-SUR,21.1702,72.8311,0,1,0.67,0.058,1.2953001661290322,5.0,0.45161290322580644,0.16129032258064516,0.0
1991,9,GJ-SUR,21.1702,72.8311,0,1,0.72,0.099,1.3728957676666669,8.0,0.0,0.8,0.0
1992,6,GJ-SUR,21.1702,72.8311,0,1,0.72,-0.861,1.0309609286666666,3.0,0.3333333333333333,0.6666666666666666,0.1
1992,7,GJ-SUR,21.1702,72.8311,0,1,0.35,-0.479,1.032042581935484,3.0,0.0,0.6451612903225806,0.0
1992,8,GJ-SUR,21.1702,72.8311,0,1,0.08,-0.768,0.7930089680645162,5.0,0.0,0.3225806451612903,0.0
1992,9,GJ-SUR,21.1702,72.8311,0,1,-0.15,-0.833,1.1277177353333334,2.0,0.3333333333333333,0.6,0.03333333333333333
1993,6,GJ-SUR,21.1702,72.8311,0,1,0.56,-0.108,1.5129156700000002,8.0,0.5666666666666667,0.43333333333333335,0.03333333333333333
1993,7,GJ-SUR,21.1702,72.8311,0,1,0.28,-0.152,0.8503892948387097,5.0,0.6129032258064516,0.3225806451612903,0.06451612903225806
1993,8,GJ-SUR,21.1702,72.8311,0,1,0.22,-0.306,0.9336245306,1.0,0.22580645161290322,0.5483870967741935,0.0
1993,9,GJ-SUR,21.1702,72.8311,0,1,0.2,-0.17,0.4647173026666666,2.0,0.4,0.43333333333333335,0.03333333333333333
1995,6,GJ-SUR,21.1702,72.8311,0,1,-0.11,-0.078,0.8386585686666667,2.0,0.0,1.0,0.0
1995,7,GJ-SUR,21.1702,72.8311,0,1,-0.3,-0.169,1.3968855583870967,2.0,0.6129032258064516,0.3870967741935484,0.16129032258064516
1995,8,GJ-SUR,21.1702,72.8311,0,1,-0.55,-0.144,1.3320209096774194,2.0,0.1935483870967742,0.41935483870967744,0.0
1995,9,GJ-SUR,21.1702,72.8311,0,1,-0.81,-0.18,1.0134717556666666,5.0,0.3,0.5333333333333333,0.0
1996,6,GJ-SUR,21.1702,72.8311,0,1,-0.24,-0.395,1.5769545686666668,3.0,0.43333333333333335,0.4666666666666667,0.03333333333333333
1996,7,GJ-SUR,21.1702,72.8311,0,1,-0.22,-0.644,1.590457191935484,6.0,0.7741935483870968,0.0,0.0967741935483871
1996,8,GJ-SUR,21.1702,72.8311,0,1,-0.27,-0.681,1.0089208741935485,3.0,0.25806451612903225,0.6451612903225806,0.03225806451612903
1996,9,GJ-SUR,21.1702,72.8311,0,1,-0.3,-0.712,1.0609203293333334,5.0,0.16666666666666666,0.5666666666666667,0.0
1998,6,GJ-SUR,21.1702,72.8311,0,1,-0.08,0.147,0.921335034,3.0,0.06666666666666667,0.6,0.0
1998,7,GJ-SUR,21.1702,72.8311,0,1,-0.63,-0.385,0.75393639,2.0,0.7096774193548387,0.22580645161290322,0.12903225806451613
1998,8,GJ-SUR,21.1702,72.8311,0,1,-0.83,-0.58,1.00514719,2.0,0.7741935483870968,0.12903225806451613,0.03225806451612903
1998,9,GJ-SUR,21.1702,72.8311,0,1,-1.02,-0.496,1.4218518516666667,8.0,0.6666666666666666,0.13333333333333333,0.03333333333333333
2002,6,GJ-SUR,21.1702,72.8311,0,1,0.45,-0.189,1.8803833166666664,2.0,0.43333333333333335,0.4,0.06666666666666667
2002,7,GJ-SUR,21.1702,72.8311,0,1,0.57,-0.261,1.7221574980645162,8.0,0.2903225806451613,0.4838709677419355,0.0
2002,8,GJ-SUR,21.1702,72.8311,0,1,0.63,-0.208,1.420236031935484,8.0,0.5161290322580645,0.3225806451612903,0.06451612903225806
2002,9,GJ-SUR,21.1702,72.8311,0,1,0.78,0.286,0.7018471730000001,2.0,0.3333333333333333,0.6666666666666666,0.0
2003,6,GJ-SUR,21.1702,72.8311,0,1,-0.13,0.139,1.65106069,1.0,0.4666666666666667,0.5,0.06666666666666667
2003,7,GJ-SUR,21.1702,72.8311,0,1,0.09,0.131,0.992855799032258,2.0,1.0,0.0,0.03225806451612903
2003,8,GJ-SUR,21.1702,72.8311,0,1,0.14,0.108,0.6039936987096773,6.0,0.6774193548387096,0.16129032258064516,0.0
2003,9,GJ-SUR,21.1702,72.8311,0,1,0.23,-0.06,0.7902776976666667,4.0,0.5,0.36666666666666664,0.0
2004,6,GJ-SUR,21.1702,72.8311,0,1,0.22,-0.384,1.0188708323333333,7.0,0.3,0.7,0.06666666666666667
2004,7,GJ-SUR,21.1702,72.8311,0,1,0.39,-0.301,1.611224959354839,1.0,0.8064516129032258,0.03225806451612903,0.12903225806451613
2004,8,GJ-SUR,21.1702,72.8311,0,1,0.54,-0.133,1.2484562670967745,6.0,0.5483870967741935,0.22580645161290322,0.06451612903225806
2004,9,GJ-SUR,21.1702,72.8311,0,1,0.58,-0.106,1.438454236,2.0,0.0,0.9666666666666667,0.0
2005,6,GJ-SUR,21.1702,72.8311,0,1,0.09,-0.176,0.7345759723333334,2.0,0.23333333333333334,0.7333333333333333,0.2
2005,7,GJ-SUR,21.1702,72.8311,0,1,-0.04,-0.384,1.029081502903226,2.0,0.2903225806451613,0.5806451612903226,0.0967741935483871
2005,8,GJ-SUR,21.1702,72.8311,0,1,-0.14,-0.345,0.939736100967742,1.0,0.4838709677419355,0.25806451612903225,0.06451612903225806
2005,9,GJ-SUR,21.1702,72.8311,0,1,-0.11,-0.534,1.522602815,8.0,0.7666666666666667,0.1,0.03333333333333333
2007,6,GJ-SUR,21.1702,72.8311,0,1,-0.41,0.031,1.3529915246666666,2.0,0.2,0.7333333333333333,0.0
2007,7,GJ-SUR,21.1702,72.8311,0,1,-0.49,0.045,1.3795319935483872,1.0,0.45161290322580644,0.3870967741935484,0.06451612903225806
2007,8,GJ-SUR,21.1702,72.8311,0,1,-0.77,0.237,0.8762567774193548,2.0,0.6129032258064516,0.3225806451612903,0.12903225806451613
2007,9,GJ-SUR,21.1702,72.8311,0,1,-1.05,0.235,1.1761283893333332,5.0,0.8,0.16666666666666666,0.06666666666666667
2008,6,GJ-SUR,21.1702,72.8311,0,1,-0.56,0.215,0.953116955,3.0,0.3333333333333333,0.5666666666666667,0.06666666666666667
2008,7,GJ-SUR,21.1702,72.8311,0,1,-0.33,0.246,1.2312710548387096,1.0,0.5483870967741935,0.1935483870967742,0.0967741935483871
2008,8,GJ-SUR,21.1702,72.8311,0,1,-0.2,0.124,1.211697393548387,2.0,0.5806451612903226,0.3548387096774194,0.06451612903225806
2008,9,GJ-SUR,21.1702,72.8311,0,1,-0.25,0.086,1.446583400333333,5.0,0.4,0.23333333333333334,0.03333333333333333
2009,6,GJ-SUR,21.1702,72.8311,0,1,0.34,0.1,1.4584701413333332,8.0,0.06666666666666667,0.8333333333333334,0.0
2009,7,GJ-SUR,21.1702,72.8311,0,1,0.5,-0.192,0.6150665787096774,5.0,1.0,0.0,0.16129032258064516
2009,8,GJ-SUR,21.1702,72.8311,0,1,0.56,-0.104,1.12875141,1.0,0.16129032258064516,0.6774193548387096,0.03225806451612903
2009,9,GJ-SUR,21.1702,72.8311,0,1,0.66,-0.103,1.6812911126666668,4.0,0.3333333333333333,0.6666666666666666,0.03333333333333333
2010,6,GJ-SUR,21.1702,72.8311,0,1,-0.66,-0.14,1.285590429,2.0,0.26666666666666666,0.3333333333333333,0.0
2010,7,GJ-SUR,21.1702,72.8311,0,1,-0.98,-0.001,1.663601914516129,1.0,0.7741935483870968,0.0967741935483871,0.03225806451612903
2010,8,GJ-SUR,21.1702,72.8311,0,1,-1.24,-0.061,0.747917844516129,1.0,0.8387096774193549,0.0967741935483871,0.03225806451612903
2010,9,GJ-SUR,21.1702,72.8311,0,1,-1.43,-0.267,0.8091414173333332,1.0,0.6,0.2,0.06666666666666667
2011,6,GJ-SUR,21.1702,72.8311,0,1,-0.34,0.055,0.6791252076666666,2.0,0.1,0.7333333333333333,0.0
2011,7,GJ-SUR,21.1702,72.8311,0,1,-0.37,0.223,1.0109919648387098,1.0,0.967741935483871,0.03225806451612903,0.0
2011,8,GJ-SUR,21.1702,72.8311,0,1,-0.5,0.344,1.011544473516129,2.0,1.0,0.0,0.03225806451612903
2011,9,GJ-SUR,21.1702,72.8311,0,1,-0.76,0.202,0.9066917783333334,3.0,0.5333333333333333,0.4,0.0
2014,6,GJ-SUR,21.1702,72.8311,0,1,0.22,-0.028,1.108679051,4.0,0.0,0.7333333333333333,0.0
2014,7,GJ-SUR,21.1702,72.8311,0,1,0.07,-0.363,1.1528067432258065,6.0,0.5161290322580645,0.4838709677419355,0.06451612903225806
2014,8,GJ-SUR,21.1702,72.8311,0,1,0.07,-0.372,1.2150309538709676,2.0,0.45161290322580644,0.5161290322580645,0.0
2014,9,GJ-SUR,21.1702,72.8311,0,1,0.24,-0.145,0.649377995,4.0,0.6,0.3333333333333333,0.0
2015,6,GJ-SUR,21.1702,72.8311,0,1,1.19,0.296,1.992920383333333,4.0,0.5666666666666667,0.36666666666666664,0.06666666666666667
2015,7,GJ-SUR,21.1702,72.8311,0,1,1.44,0.225,1.837990334516129,7.0,0.2903225806451613,0.6451612903225806,0.0
2015,8,GJ-SUR,21.1702,72.8311,0,1,1.73,0.568,0.8428048241935484,8.0,0.0967741935483871,0.8064516129032258,0.0
2015,9,GJ-SUR,21.1702,72.8311,0,1,2.02,0.294,0.62977513528,1.0,0.5,0.26666666666666666,0.03333333333333333
2016,6,GJ-SUR,21.1702,72.8311,0,1,0.09,-0.443,1.5598082686666668,4.0,0.3,0.7,0.03333333333333333
2016,7,GJ-SUR,21.1702,72.8311,0,1,-0.19,-0.757,1.0086871877419354,2.0,0.6451612903225806,0.22580645161290322,0.06451612903225806
2016,8,GJ-SUR,21.1702,72.8311,0,1,-0.34,-0.443,1.3634238690322582,6.0,0.5483870967741935,0.22580645161290322,0.0
2016,9,GJ-SUR,21.1702,72.8311,0,1,-0.42,-0.437,0.9987363606666668,5.0,0.4,0.4,0.0
2017,6,GJ-SUR,21.1702,72.8311,0,1,0.32,0.424,1.010765505,1.0,0.4,0.5,0.03333333333333333
2017,7,GJ-SUR,21.1702,72.8311,0,1,0.14,0.52,1.0194311058064516,3.0,0.6774193548387096,0.16129032258064516,0.0
2017,8,GJ-SUR,21.1702,72.8311,0,1,-0.07,0.349,0.560064344016129,2.0,0.5161290322580645,0.3548387096774194,0.03225806451612903
2017,9,GJ-SUR,21.1702,72.8311,0,1,-0.23,0.035,0.5864452456666667,4.0,0.4,0.4666666666666667,0.0
2018,6,GJ-SUR,21.1702,72.8311,0,1,0.13,0.155,1.099695321,1.0,0.2,0.3333333333333333,0.0
2018,7,GJ-SUR,21.1702,72.8311,0,1,0.2,0.053,1.4670566325806451,6.0,0.9032258064516129,0.0967741935483871,0.16129032258064516
2018,8,GJ-SUR,21.1702,72.8311,0,1,0.3,0.121,1.1604823280645162,6.0,0.3870967741935484,0.5161290322580645,0.03225806451612903
2018,9,GJ-SUR,21.1702,72.8311,0,1,0.52,0.604,1.0746740603333331,8.0,0.0,0.4666666666666667,0.0
2020,6,GJ-SUR,21.1702,72.8311,0,1,-0.18,0.455,1.3547168013333333,1.0,0.5666666666666667,0.2,0.0
2020,7,GJ-SUR,21.1702,72.8311,0,1,-0.29,0.319,1.5012130690322585,2.0,0.9354838709677419,0.03225806451612903,0.0967741935483871
2020,8,GJ-SUR,21.1702,72.8311,0,1,-0.43,-0.183,1.5708076487096774,8.0,0.9354838709677419,0.0,0.1935483870967742
2020,9,GJ-SUR,21.1702,72.8311,0,1,-0.77,-0.189,1.1078213236666663,4.0,0.6333333333333333,0.16666666666666666,0.0
2021,6,GJ-SUR,21.1702,72.8311,0,1,-0.31,-0.002,1.2543668813333333,1.0,0.4666666666666667,0.23333333333333334,0.03333333333333333
2021,7,GJ-SUR,21.1702,72.8311,0,1,-0.35,-0.229,1.2697446645161292,2.0,0.4838709677419355,0.2903225806451613,0.0
2021,8,GJ-SUR,21.1702,72.8311,0,1,-0.46,-0.099,1.3328496390322582,2.0,0.3870967741935484,0.22580645161290322,0.0
2021,9,GJ-SUR,21.1702,72.8311,0,1,-0.64,-0.058,1.16716908,3.0,1.0,0.0,0.16666666666666666
2022,6,GJ-SUR,21.1702,72.8311,0,1,-0.73,-0.335,1.7460144566666669,1.0,0.5,0.36666666666666664,0.0
2022,7,GJ-SUR,21.1702,72.8311,0,1,-0.7,-0.195,0.9906527754838708,4.0,0.9354838709677419,0.0,0.12903225806451613
2022,8,GJ-SUR,21.1702,72.8311,0,1,-0.78,-0.246,0.962351660967742,2.0,0.6129032258064516,0.3548387096774194,0.03225806451612903
2022,9,GJ-SUR,21.1702,72.8311,0,1,-0.87,-0.322,0.45954351401,4.0,0.4,0.3333333333333333,0.03333333333333333
2023,6,GJ-SUR,21.1702,72.8311,0,1,0.73,0.665,1.1452140906,2.0,0.1,0.8666666666666667,0.03333333333333333
2023,7,GJ-SUR,21.1702,72.8311,0,1,1.0,0.498,0.7976125261290323,6.0,1.0,0.0,0.0967741935483871
2023,8,GJ-SUR,21.1702,72.8311,0,1,1.25,0.826,0.9138732870967742,8.0,0.0967741935483871,0.7741935483870968,0.0
2023,9,GJ-SUR,21.1702,72.8311,0,1,1.5,0.946,0.8482362092433333,4.0,0.6,0.3333333333333333,0.0
1990,6,GJ-RAJ,22.3039,70.8022,0,1,0.25,-0.568,0.7040596286666666,6.0,0.13333333333333333,0.8,0.0
1990,7,GJ-RAJ,22.3039,70.8022,0,1,0.26,-0.246,0.7642434731967742,1.0,0.22580645161290322,0.6451612903225806,0.0
1990,8,GJ-RAJ,22.3039,70.8022,0,1,0.32,-0.391,0.8801470647322581,6.0,0.4838709677419355,0.4838709677419355,0.03225806451612903
1990,9,GJ-RAJ,22.3039,70.8022,0,1,0.31,-0.183,0.775732242,3.0,0.0,0.3,0.0
1991,6,GJ-RAJ,22.3039,70.8022,0,1,0.63,0.263,1.4334286633333333,5.0,0.0,0.9,0.0
1991,7,GJ-RAJ,22.3039,70.8022,0,1,0.77,0.269,0.6487244419290323,6.0,0.5161290322580645,0.3225806451612903,0.0
1991,8,GJ-RAJ,22.3039,70.8022,0,1,0.67,0.058,1.2953001661290322,5.0,0.0967741935483871,0.2903225806451613,0.0
1991,9,GJ-RAJ,22.3039,70.8022,0,1,0.72,0.099,1.3728957676666669,8.0,0.0,0.8,0.0
1992,6,GJ-RAJ,22.3039,70.8022,0,1,0.72,-0.861,1.0309609286666666,3.0,0.0,0.7666666666666667,0.0
1992,7,GJ-RAJ,22.3039,70.8022,0,1,0.35,-0.479,1.032042581935484,3.0,0.5806451612903226,0.41935483870967744,0.06451612903225806
1992,8,GJ-RAJ,22.3039,70.8022,0,1,0.08,-0.768,0.7930089680645162,5.0,0.5806451612903226,0.22580645161290322,0.0
1992,9,GJ-RAJ,22.3039,70.8022,0,1,-0.15,-0.833,1.1277177353333334,2.0,0.23333333333333334,0.5,0.0
1993,6,GJ-RAJ,22.3039,70.8022,0,1,0.56,-0.108,1.5129156700000002,8.0,0.13333333333333333,0.6,0.0
1993,7,GJ-RAJ,22.3039,70.8022,0,1,0.28,-0.152,0.8503892948387097,5.0,0.5806451612903226,0.22580645161290322,0.0
1993,8,GJ-RAJ,22.3039,70.8022,0,1,0.22,-0.306,0.9336245306,1.0,0.0,1.0,0.0
1993,9,GJ-RAJ,22.3039,70.8022,0,1,0.2,-0.17,0.4647173026666666,2.0,0.4666666666666667,0.5,0.0
1995,6,GJ-RAJ,22.3039,70.8022,0,1,-0.11,-0.078,0.8386585686666667,2.0,0.2,0.7333333333333333,0.0
1995,7,GJ-RAJ,22.3039,70.8022,0,1,-0.3,-0.169,1.3968855583870967,2.0,0.4838709677419355,0.3548387096774194,0.0
1995,8,GJ-RAJ,22.3039,70.8022,0,1,-0.55,-0.144,1.3320209096774194,2.0,0.1935483870967742,0.7741935483870968,0.0
1995,9,GJ-RAJ,22.3039,70.8022,0,1,-0.81,-0.18,1.0134717556666666,5.0,0.0,0.7666666666666667,0.0
1996,6,GJ-RAJ,22.3039,70.8022,0,1,-0.24,-0.395,1.5769545686666668,3.0,0.3333333333333333,0.6333333333333333,0.03333333333333333
1996,7,GJ-RAJ,22.3039,70.8022,0,1,-0.22,-0.644,1.590457191935484,6.0,0.5161290322580645,0.3225806451612903,0.03225806451612903
1996,8,GJ-RAJ,22.3039,70.8022,0,1,-0.27,-0.681,1.0089208741935485,3.0,0.06451612903225806,0.8387096774193549,0.0
1996,9,GJ-RAJ,22.3039,70.8022,0,1,-0.3,-0.712,1.0609203293333334,5.0,0.0,1.0,0.0
1998,6,GJ-RAJ,22.3039,70.8022,0,1,-0.08,0.147,0.921335034,3.0,0.1,0.6666666666666666,0.0
1998,7,GJ-RAJ,22.3039,70.8022,0,1,-0.63,-0.385,0.75393639,2.0,0.3225806451612903,0.5806451612903226,0.0
1998,8,GJ-RAJ,22.3039,70.8022,0,1,-0.83,-0.58,1.00514719,2.0,0.3870967741935484,0.4838709677419355,0.0
1998,9,GJ-RAJ,22.3039,70.8022,0,1,-1.02,-0.496,1.4218518516666667,8.0,0.43333333333333335,0.23333333333333334,0.0
2002,6,GJ-RAJ,22.3039,70.8022,0,1,0.45,-0.189,1.8803833166666664,2.0,0.16666666666666666,0.6666666666666666,0.03333333333333333
2002,7,GJ-RAJ,22.3039,70.8022,0,1,0.57,-0.261,1.7221574980645162,8.0,0.16129032258064516,0.8387096774193549,0.0
2002,8,GJ-RAJ,22.3039,70.8022,0,1,0.63,-0.208,1.420236031935484,8.0,0.22580645161290322,0.7741935483870968,0.03225806451612903
2002,9,GJ-RAJ,22.3039,70.8022,0,1,0.78,0.286,0.7018471730000001,2.0,0.03333333333333333,0.7333333333333333,0.0
2003,6,GJ-RAJ,22.3039,70.8022,0,1,-0.13,0.139,1.65106069,1.0,0.26666666666666666,0.7,0.03333333333333333
2003,7,GJ-RAJ,22.3039,70.8022,0,1,0.09,0.131,0.992855799032258,2.0,0.7741935483870968,0.03225806451612903,0.06451612903225806
2003,8,GJ-RAJ,22.3039,70.8022,0,1,0.14,0.108,0.6039936987096773,6.0,0.6129032258064516,0.3225806451612903,0.03225806451612903
2003,9,GJ-RAJ,22.3039,70.8022,0,1,0.23,-0.06,0.7902776976666667,4.0,0.03333333333333333,0.9333333333333333,0.0
2004,6,GJ-RAJ,22.3039,70.8022,0,1,0.22,-0.384,1.0188708323333333,7.0,0.26666666666666666,0.5,0.03333333333333333
2004,7,GJ-RAJ,22.3039,70.8022,0,1,0.39,-0.301,1.611224959354839,1.0,0.6451612903225806,0.3548387096774194,0.0
2004,8,GJ-RAJ,22.3039,70.8022,0,1,0.54,-0.133,1.2484562670967745,6.0,0.5483870967741935,0.22580645161290322,0.0
2004,9,GJ-RAJ,22.3039,70.8022,0,1,0.58,-0.106,1.438454236,2.0,0.0,0.8666666666666667,0.0
2005,6,GJ-RAJ,22.3039,70.8022,0,1,0.09,-0.176,0.7345759723333334,2.0,0.2,0.8,0.03333333333333333
2005,7,GJ-RAJ,22.3039,70.8022,0,1,-0.04,-0.384,1.029081502903226,2.0,0.3225806451612903,0.6129032258064516,0.0
2005,8,GJ-RAJ,22.3039,70.8022,0,1,-0.14,-0.345,0.939736100967742,1.0,0.2903225806451613,0.6129032258064516,0.0
2005,9,GJ-RAJ,22.3039,70.8022,0,1,-0.11,-0.534,1.522602815,8.0,0.6666666666666666,0.1,0.06666666666666667
2007,6,GJ-RAJ,22.3039,70.8022,0,1,-0.41,0.031,1.3529915246666666,2.0,0.3333333333333333,0.6,0.03333333333333333
2007,7,GJ-RAJ,22.3039,70.8022,0,1,-0.49,0.045,1.3795319935483872,1.0,0.4838709677419355,0.22580645161290322,0.06451612903225806
2007,8,GJ-RAJ,22.3039,70.8022,0,1,-0.77,0.237,0.8762567774193548,2.0,0.41935483870967744,0.3548387096774194,0.0967741935483871
2007,9,GJ-RAJ,22.3039,70.8022,0,1,-1.05,0.235,1.1761283893333332,5.0,0.5666666666666667,0.23333333333333334,0.03333333333333333
2008,6,GJ-RAJ,22.3039,70.8022,0,1,-0.56,0.215,0.953116955,3.0,0.23333333333333334,0.6333333333333333,0.03333333333333333
2008,7,GJ-RAJ,22.3039,70.8022,0,1,-0.33,0.246,1.2312710548387096,1.0,0.0967741935483871,0.5806451612903226,0.0
2008,8,GJ-RAJ,22.3039,70.8022,0,1,-0.2,0.124,1.211697393548387,2.0,0.5483870967741935,0.3870967741935484,0.03225806451612903
2008,9,GJ-RAJ,22.3039,70.8022,0,1,-0.25,0.086,1.446583400333333,5.0,0.36666666666666664,0.5666666666666667,0.06666666666666667
2009,6,GJ-RAJ,22.3039,70.8022,0,1,0.34,0.1,1.4584701413333332,8.0,0.0,0.8,0.0
2009,7,GJ-RAJ,22.3039,70.8022,0,1,0.5,-0.192,0.6150665787096774,5.0,0.9032258064516129,0.0967741935483871,0.03225806451612903
2009,8,GJ-RAJ,22.3039,70.8022,0,1,0.56,-0.104,1.12875141,1.0,0.0967741935483871,0.9032258064516129,0.03225806451612903
2009,9,GJ-RAJ,22.3039,70.8022,0,1,0.66,-0.103,1.6812911126666668,4.0,0.16666666666666666,0.8333333333333334,0.0
2010,6,GJ-RAJ,22.3039,70.8022,0,1,-0.66,-0.14,1.285590429,2.0,0.23333333333333334,0.5666666666666667,0.0
2010,7,GJ-RAJ,22.3039,70.8022,0,1,-0.98,-0.001,1.663601914516129,1.0,0.8387096774193549,0.0967741935483871,0.0967741935483871
2010,8,GJ-RAJ,22.3039,70.8022,0,1,-1.24,-0.061,0.747917844516129,1.0,0.5806451612903226,0.0967741935483871,0.0967741935483871
2010,9,GJ-RAJ,22.3039,70.8022,0,1,-1.43,-0.267,0.8091414173333332,1.0,0.5666666666666667,0.3333333333333333,0.06666666666666667
2011,6,GJ-RAJ,22.3039,70.8022,0,1,-0.34,0.055,0.6791252076666666,2.0,0.5333333333333333,0.36666666666666664,0.0
2011,7,GJ-RAJ,22.3039,70.8022,0,1,-0.37,0.223,1.0109919648387098,1.0,0.7741935483870968,0.06451612903225806,0.06451612903225806
2011,8,GJ-RAJ,22.3039,70.8022,0,1,-0.5,0.344,1.011544473516129,2.0,0.9032258064516129,0.0,0.0967741935483871
2011,9,GJ-RAJ,22.3039,70.8022,0,1,-0.76,0.202,0.9066917783333334,3.0,0.6666666666666666,0.06666666666666667,0.0
2014,6,GJ-RAJ,22.3039,70.8022,0,1,0.22,-0.028,1.108679051,4.0,0.0,1.0,0.0
2014,7,GJ-RAJ,22.3039,70.8022,0,1,0.07,-0.363,1.1528067432258065,6.0,0.5161290322580645,0.3870967741935484,0.0
2014,8,GJ-RAJ,22.3039,70.8022,0,1,0.07,-0.372,1.2150309538709676,2.0,0.3548387096774194,0.3548387096774194,0.0
2014,9,GJ-RAJ,22.3039,70.8022,0,1,0.24,-0.145,0.649377995,4.0,0.3333333333333333,0.5333333333333333,0.0
2015,6,GJ-RAJ,22.3039,70.8022,0,1,1.19,0.296,1.992920383333333,4.0,0.6333333333333333,0.3,0.06666666666666667
2015,7,GJ-RAJ,22.3039,70.8022,0,1,1.44,0.225,1.837990334516129,7.0,0.3225806451612903,0.6774193548387096,0.0
2015,8,GJ-RAJ,22.3039,70.8022,0,1,1.73,0.568,0.8428048241935484,8.0,0.0967741935483871,0.7419354838709677,0.0
2015,9,GJ-RAJ,22.3039,70.8022,0,1,2.02,0.294,0.62977513528,1.0,0.3,0.5333333333333333,0.0
2016,6,GJ-RAJ,22.3039,70.8022,0,1,0.09,-0.443,1.5598082686666668,4.0,0.1,0.7666666666666667,0.0
2016,7,GJ-RAJ,22.3039,70.8022,0,1,-0.19,-0.757,1.0086871877419354,2.0,0.41935483870967744,0.3225806451612903,0.03225806451612903
2016,8,GJ-RAJ,22.3039,70.8022,0,1,-0.34,-0.443,1.3634238690322582,6.0,0.5483870967741935,0.25806451612903225,0.03225806451612903
2016,9,GJ-RAJ,22.3039,70.8022,0,1,-0.42,-0.437,0.9987363606666668,5.0,0.1,0.5666666666666667,0.0
2017,6,GJ-RAJ,22.3039,70.8022,0,1,0.32,0.424,1.010765505,1.0,0.26666666666666666,0.3333333333333333,0.03333333333333333
2017,7,GJ-RAJ,22.3039,70.8022,0,1,0.14,0.52,1.0194311058064516,3.0,0.9032258064516129,0.03225806451612903,0.06451612903225806
2017,8,GJ-RAJ,22.3039,70.8022,0,1,-0.07,0.349,0.560064344016129,2.0,0.3548387096774194,0.3870967741935484,0.0
2017,9,GJ-RAJ,22.3039,70.8022,0,1,-0.23,0.035,0.5864452456666667,4.0,0.16666666666666666,0.5666666666666667,0.0
2018,6,GJ-RAJ,22.3039,70.8022,0,1,0.13,0.155,1.099695321,1.0,0.03333333333333333,0.9666666666666667,0.03333333333333333
2018,7,GJ-RAJ,22.3039,70.8022,0,1,0.2,0.053,1.4670566325806451,6.0,0.6129032258064516,0.3548387096774194,0.03225806451612903
2018,8,GJ-RAJ,22.3039,70.8022,0,1,0.3,0.121,1.1604823280645162,6.0,0.3870967741935484,0.5483870967741935,0.0
2018,9,GJ-RAJ,22.3039,70.8022,0,1,0.52,0.604,1.0746740603333331,8.0,0.0,0.7666666666666667,0.0
2020,6,GJ-RAJ,22.3039,70.8022,0,1,-0.18,0.455,1.3547168013333333,1.0,0.03333333333333333,0.5666666666666667,0.0
2020,7,GJ-RAJ,22.3039,70.8022,0,1,-0.29,0.319,1.5012130690322585,2.0,0.5806451612903226,0.16129032258064516,0.06451612903225806
2020,8,GJ-RAJ,22.3039,70.8022,0,1,-0.43,-0.183,1.5708076487096774,8.0,0.8709677419354839,0.0,0.06451612903225806
2020,9,GJ-RAJ,22.3039,70.8022,0,1,-0.77,-0.189,1.1078213236666663,4.0,0.2,0.3333333333333333,0.0
2021,6,GJ-RAJ,22.3039,70.8022,0,1,-0.31,-0.002,1.2543668813333333,1.0,0.26666666666666666,0.4,0.0
2021,7,GJ-RAJ,22.3039,70.8022,0,1,-0.35,-0.229,1.2697446645161292,2.0,0.45161290322580644,0.45161290322580644,0.06451612903225806
2021,8,GJ-RAJ,22.3039,70.8022,0,1,-0.46,-0.099,1.3328496390322582,2.0,0.03225806451612903,0.967741935483871,0.0
2021,9,GJ-RAJ,22.3039,70.8022,0,1,-0.64,-0.058,1.16716908,3.0,0.8666666666666667,0.03333333333333333,0.13333333333333333
2022,6,GJ-RAJ,22.3039,70.8022,0,1,-0.73,-0.335,1.7460144566666669,1.0,0.26666666666666666,0.4,0.0
2022,7,GJ-RAJ,22.3039,70.8022,0,1,-0.7,-0.195,0.9906527754838708,4.0,0.6129032258064516,0.03225806451612903,0.06451612903225806
2022,8,GJ-RAJ,22.3039,70.8022,0,1,-0.78,-0.246,0.962351660967742,2.0,0.3870967741935484,0.45161290322580644,0.0
2022,9,GJ-RAJ,22.3039,70.8022,0,1,-0.87,-0.322,0.45954351401,4.0,0.3333333333333333,0.5666666666666667,0.06666666666666667
2023,6,GJ-RAJ,22.3039,70.8022,0,1,0.73,0.665,1.1452140906,2.0,0.43333333333333335,0.5,0.03333333333333333
2023,7,GJ-RAJ,22.3039,70.8022,0,1,1.0,0.498,0.7976125261290323,6.0,0.8387096774193549,0.12903225806451613,0.03225806451612903
2023,8,GJ-RAJ,22.3039,70.8022,0,1,1.25,0.826,0.9138732870967742,8.0,0.0,1.0,0.0
2023,9,GJ-RAJ,22.3039,70.8022,0,1,1.5,0.946,0.8482362092433333,4.0,0.23333333333333334,0.7333333333333333,0.0
1990,6,GJ-BNS,24.1719,72.439,0,1,0.25,-0.568,0.7040596286666666,6.0,0.0,1.0,0.0
1990,7,GJ-BNS,24.1719,72.439,0,1,0.26,-0.246,0.7642434731967742,1.0,0.2903225806451613,0.6451612903225806,0.06451612903225806
1990,8,GJ-BNS,24.1719,72.439,0,1,0.32,-0.391,0.8801470647322581,6.0,0.6774193548387096,0.16129032258064516,0.06451612903225806
1990,9,GJ-BNS,24.1719,72.439,0,1,0.31,-0.183,0.775732242,3.0,0.26666666666666666,0.5,0.0
1991,6,GJ-BNS,24.1719,72.439,0,1,0.63,0.263,1.4334286633333333,5.0,0.0,1.0,0.0
1991,7,GJ-BNS,24.1719,72.439,0,1,0.77,0.269,0.6487244419290323,6.0,0.4838709677419355,0.3870967741935484,0.0
1991,8,GJ-BNS,24.1719,72.439,0,1,0.67,0.058,1.2953001661290322,5.0,0.1935483870967742,0.8064516129032258,0.0
1991,9,GJ-BNS,24.1719,72.439,0,1,0.72,0.099,1.3728957676666669,8.0,0.23333333333333334,0.7333333333333333,0.03333333333333333
1992,6,GJ-BNS,24.1719,72.439,0,1,0.72,-0.861,1.0309609286666666,3.0,0.0,0.8,0.0
1992,7,GJ-BNS,24.1719,72.439,0,1,0.35,-0.479,1.032042581935484,3.0,0.5806451612903226,0.3548387096774194,0.06451612903225806
1992,8,GJ-BNS,24.1719,72.439,0,1,0.08,-0.768,0.7930089680645162,5.0,0.5483870967741935,0.3548387096774194,0.0
1992,9,GJ-BNS,24.1719,72.439,0,1,-0.15,-0.833,1.1277177353333334,2.0,0.43333333333333335,0.5,0.06666666666666667
1993,6,GJ-BNS,24.1719,72.439,0,1,0.56,-0.108,1.5129156700000002,8.0,0.26666666666666666,0.6333333333333333,0.0
1993,7,GJ-BNS,24.1719,72.439,0,1,0.28,-0.152,0.8503892948387097,5.0,0.6774193548387096,0.1935483870967742,0.12903225806451613
1993,8,GJ-BNS,24.1719,72.439,0,1,0.22,-0.306,0.9336245306,1.0,0.0,1.0,0.0
1993,9,GJ-BNS,24.1719,72.439,0,1,0.2,-0.17,0.4647173026666666,2.0,0.2,0.5333333333333333,0.0
1995,6,GJ-BNS,24.1719,72.439,0,1,-0.11,-0.078,0.8386585686666667,2.0,0.0,0.7666666666666667,0.0
1995,7,GJ-BNS,24.1719,72.439,0,1,-0.3,-0.169,1.3968855583870967,2.0,0.4838709677419355,0.4838709677419355,0.0
1995,8,GJ-BNS,24.1719,72.439,0,1,-0.55,-0.144,1.3320209096774194,2.0,0.3870967741935484,0.6129032258064516,0.03225806451612903
1995,9,GJ-BNS,24.1719,72.439,0,1,-0.81,-0.18,1.0134717556666666,5.0,0.3,0.6666666666666666,0.0
1996,6,GJ-BNS,24.1719,72.439,0,1,-0.24,-0.395,1.5769545686666668,3.0,0.36666666666666664,0.5666666666666667,0.0
1996,7,GJ-BNS,24.1719,72.439,0,1,-0.22,-0.644,1.590457191935484,6.0,0.3870967741935484,0.4838709677419355,0.03225806451612903
1996,8,GJ-BNS,24.1719,72.439,0,1,-0.27,-0.681,1.0089208741935485,3.0,0.45161290322580644,0.5161290322580645,0.03225806451612903
1996,9,GJ-BNS,24.1719,72.439,0,1,-0.3,-0.712,1.0609203293333334,5.0,0.26666666666666666,0.5333333333333333,0.0
1998,6,GJ-BNS,24.1719,72.439,0,1,-0.08,0.147,0.921335034,3.0,0.03333333333333333,0.7333333333333333,0.0
1998,7,GJ-BNS,24.1719,72.439,0,1,-0.63,-0.385,0.75393639,2.0,0.3548387096774194,0.5161290322580645,0.0
1998,8,GJ-BNS,24.1719,72.439,0,1,-0.83,-0.58,1.00514719,2.0,0.2903225806451613,0.6451612903225806,0.0
1998,9,GJ-BNS,24.1719,72.439,0,1,-1.02,-0.496,1.4218518516666667,8.0,0.36666666666666664,0.43333333333333335,0.03333333333333333
2002,6,GJ-BNS,24.1719,72.439,0,1,0.45,-0.189,1.8803833166666664,2.0,0.1,0.8666666666666667,0.0
2002,7,GJ-BNS,24.1719,72.439,0,1,0.57,-0.261,1.7221574980645162,8.0,0.16129032258064516,0.8064516129032258,0.0
2002,8,GJ-BNS,24.1719,72.439,0,1,0.63,-0.208,1.420236031935484,8.0,0.0,0.6129032258064516,0.0
2002,9,GJ-BNS,24.1719,72.439,0,1,0.78,0.286,0.7018471730000001,2.0,0.0,0.7666666666666667,0.0
2003,6,GJ-BNS,24.1719,72.439,0,1,-0.13,0.139,1.65106069,1.0,0.23333333333333334,0.6666666666666666,0.0
2003,7,GJ-BNS,24.1719,72.439,0,1,0.09,0.131,0.992855799032258,2.0,0.9032258064516129,0.06451612903225806,0.03225806451612903
2003,8,GJ-BNS,24.1719,72.439,0,1,0.14,0.108,0.6039936987096773,6.0,0.5161290322580645,0.3225806451612903,0.0
2003,9,GJ-BNS,24.1719,72.439,0,1,0.23,-0.06,0.7902776976666667,4.0,0.3333333333333333,0.5,0.0
2004,6,GJ-BNS,24.1719,72.439,0,1,0.22,-0.384,1.0188708323333333,7.0,0.3,0.6333333333333333,0.0
2004,7,GJ-BNS,24.1719,72.439,0,1,0.39,-0.301,1.611224959354839,1.0,0.0,0.8064516129032258,0.0
2004,8,GJ-BNS,24.1719,72.439,0,1,0.54,-0.133,1.2484562670967745,6.0,0.4838709677419355,0.41935483870967744,0.0
2004,9,GJ-BNS,24.1719,72.439,0,1,0.58,-0.106,1.438454236,2.0,0.03333333333333333,0.9666666666666667,0.0
2005,6,GJ-BNS,24.1719,72.439,0,1,0.09,-0.176,0.7345759723333334,2.0,0.03333333333333333,0.7,0.0
2005,7,GJ-BNS,24.1719,72.439,0,1,-0.04,-0.384,1.029081502903226,2.0,0.3870967741935484,0.5806451612903226,0.0
2005,8,GJ-BNS,24.1719,72.439,0,1,-0.14,-0.345,0.939736100967742,1.0,0.3225806451612903,0.6774193548387096,0.03225806451612903
2005,9,GJ-BNS,24.1719,72.439,0,1,-0.11,-0.534,1.522602815,8.0,0.5333333333333333,0.36666666666666664,0.06666666666666667
2007,6,GJ-BNS,24.1719,72.439,0,1,-0.41,0.031,1.3529915246666666,2.0,0.0,0.8333333333333334,0.0
2007,7,GJ-BNS,24.1719,72.439,0,1,-0.49,0.045,1.3795319935483872,1.0,0.6129032258064516,0.3548387096774194,0.12903225806451613
2007,8,GJ-BNS,24.1719,72.439,0,1,-0.77,0.237,0.8762567774193548,2.0,0.5483870967741935,0.2903225806451613,0.0
2007,9,GJ-BNS,24.1719,72.439,0,1,-1.05,0.235,1.1761283893333332,5.0,0.4,0.3333333333333333,0.0
2008,6,GJ-BNS,24.1719,72.439,0,1,-0.56,0.215,0.953116955,3.0,0.0,1.0,0.0
2008,7,GJ-BNS,24.1719,72.439,0,1,-0.33,0.246,1.2312710548387096,1.0,0.22580645161290322,0.6774193548387096,0.0
2008,8,GJ-BNS,24.1719,72.439,0,1,-0.2,0.124,1.211697393548387,2.0,0.5161290322580645,0.1935483870967742,0.0
2008,9,GJ-BNS,24.1719,72.439,0,1,-0.25,0.086,1.446583400333333,5.0,0.26666666666666666,0.6,0.0
2009,6,GJ-BNS,24.1719,72.439,0,1,0.34,0.1,1.4584701413333332,8.0,0.0,1.0,0.0
2009,7,GJ-BNS,24.1719,72.439,0,1,0.5,-0.192,0.6150665787096774,5.0,0.7096774193548387,0.25806451612903225,0.0
2009,8,GJ-BNS,24.1719,72.439,0,1,0.56,-0.104,1.12875141,1.0,0.12903225806451613,0.8709677419354839,0.0
2009,9,GJ-BNS,24.1719,72.439,0,1,0.66,-0.103,1.6812911126666668,4.0,0.16666666666666666,0.8,0.0
2010,6,GJ-BNS,24.1719,72.439,0,1,-0.66,-0.14,1.285590429,2.0,0.0,0.5333333333333333,0.0
2010,7,GJ-BNS,24.1719,72.439,0,1,-0.98,-0.001,1.663601914516129,1.0,0.45161290322580644,0.25806451612903225,0.03225806451612903
2010,8,GJ-BNS,24.1719,72.439,0,1,-1.24,-0.061,0.747917844516129,1.0,0.8387096774193549,0.0,0.0
2010,9,GJ-BNS,24.1719,72.439,0,1,-1.43,-0.267,0.8091414173333332,1.0,0.3,0.3,0.0
2011,6,GJ-BNS,24.1719,72.439,0,1,-0.34,0.055,0.6791252076666666,2.0,0.0,1.0,0.0
2011,7,GJ-BNS,24.1719,72.439,0,1,-0.37,0.223,1.0109919648387098,1.0,0.5806451612903226,0.22580645161290322,0.0
2011,8,GJ-BNS,24.1719,72.439,0,1,-0.5,0.344,1.011544473516129,2.0,0.6129032258064516,0.1935483870967742,0.03225806451612903
2011,9,GJ-BNS,24.1719,72.439,0,1,-0.76,0.202,0.9066917783333334,3.0,0.6,0.23333333333333334,0.0
2014,6,GJ-BNS,24.1719,72.439,0,1,0.22,-0.028,1.108679051,4.0,0.0,1.0,0.0
2014,7,GJ-BNS,24.1719,72.439,0,1,0.07,-0.363,1.1528067432258065,6.0,0.45161290322580644,0.4838709677419355,0.0
2014,8,GJ-BNS,24.1719,72.439,0,1,0.07,-0.372,1.2150309538709676,2.0,0.3548387096774194,0.4838709677419355,0.0
2014,9,GJ-BNS,24.1719,72.439,0,1,0.24,-0.145,0.649377995,4.0,0.5333333333333333,0.4,0.1
2015,6,GJ-BNS,24.1719,72.439,0,1,1.19,0.296,1.992920383333333,4.0,0.3,0.5666666666666667,0.0
2015,7,GJ-BNS,24.1719,72.439,0,1,1.44,0.225,1.837990334516129,7.0,0.3225806451612903,0.6451612903225806,0.0967741935483871
2015,8,GJ-BNS,24.1719,72.439,0,1,1.73,0.568,0.8428048241935484,8.0,0.3870967741935484,0.5806451612903226,0.0
2015,9,GJ-BNS,24.1719,72.439,0,1,2.02,0.294,0.62977513528,1.0,0.13333333333333333,0.6666666666666666,0.0
2016,6,GJ-BNS,24.1719,72.439,0,1,0.09,-0.443,1.5598082686666668,4.0,0.03333333333333333,0.7666666666666667,0.0
2016,7,GJ-BNS,24.1719,72.439,0,1,-0.19,-0.757,1.0086871877419354,2.0,0.41935483870967744,0.1935483870967742,0.0
2016,8,GJ-BNS,24.1719,72.439,0,1,-0.34,-0.443,1.3634238690322582,6.0,0.8064516129032258,0.16129032258064516,0.0
2016,9,GJ-BNS,24.1719,72.439,0,1,-0.42,-0.437,0.9987363606666668,5.0,0.23333333333333334,0.7333333333333333,0.0
2017,6,GJ-BNS,24.1719,72.439,0,1,0.32,0.424,1.010765505,1.0,0.06666666666666667,0.8666666666666667,0.0
2017,7,GJ-BNS,24.1719,72.439,0,1,0.14,0.52,1.0194311058064516,3.0,0.8064516129032258,0.12903225806451613,0.16129032258064516
2017,8,GJ-BNS,24.1719,72.439,0,1,-0.07,0.349,0.560064344016129,2.0,0.25806451612903225,0.4838709677419355,0.0
2017,9,GJ-BNS,24.1719,72.439,0,1,-0.23,0.035,0.5864452456666667,4.0,0.13333333333333333,0.7333333333333333,0.0
2018,6,GJ-BNS,24.1719,72.439,0,1,0.13,0.155,1.099695321,1.0,0.03333333333333333,0.9666666666666667,0.0
2018,7,GJ-BNS,24.1719,72.439,0,1,0.2,0.053,1.4670566325806451,6.0,0.5806451612903226,0.2903225806451613,0.03225806451612903
2018,8,GJ-BNS,24.1719,72.439,0,1,0.3,0.121,1.1604823280645162,6.0,0.16129032258064516,0.6774193548387096,0.0
2018,9,GJ-BNS,24.1719,72.439,0,1,0.52,0.604,1.0746740603333331,8.0,0.13333333333333333,0.8666666666666667,0.0
2020,6,GJ-BNS,24.1719,72.439,0,1,-0.18,0.455,1.3547168013333333,1.0,0.0,0.5666666666666667,0.0
2020,7,GJ-BNS,24.1719,72.439,0,1,-0.29,0.319,1.5012130690322585,2.0,0.3225806451612903,0.5483870967741935,0.0
2020,8,GJ-BNS,24.1719,72.439,0,1,-0.43,-0.183,1.5708076487096774,8.0,0.7741935483870968,0.1935483870967742,0.03225806451612903
2020,9,GJ-BNS,24.1719,72.439,0,1,-0.77,-0.189,1.1078213236666663,4.0,0.3333333333333333,0.4,0.0
2021,6,GJ-BNS,24.1719,72.439,0,1,-0.31,-0.002,1.2543668813333333,1.0,0.3,0.43333333333333335,0.0
2021,7,GJ-BNS,24.1719,72.439,0,1,-0.35,-0.229,1.2697446645161292,2.0,0.41935483870967744,0.4838709677419355,0.0
2021,8,GJ-BNS,24.1719,72.439,0,1,-0.46,-0.099,1.3328496390322582,2.0,0.16129032258064516,0.7741935483870968,0.0
2021,9,GJ-BNS,24.1719,72.439,0,1,-0.64,-0.058,1.16716908,3.0,0.8666666666666667,0.06666666666666667,0.0
2022,6,GJ-BNS,24.1719,72.439,0,1,-0.73,-0.335,1.7460144566666669,1.0,0.0,1.0,0.0
2022,7,GJ-BNS,24.1719,72.439,0,1,-0.7,-0.195,0.9906527754838708,4.0,0.967741935483871,0.03225806451612903,0.03225806451612903
2022,8,GJ-BNS,24.1719,72.439,0,1,-0.78,-0.246,0.962351660967742,2.0,0.9354838709677419,0.0,0.06451612903225806
2022,9,GJ-BNS,24.1719,72.439,0,1,-0.87,-0.322,0.45954351401,4.0,0.26666666666666666,0.6333333333333333,0.0
2023,6,GJ-BNS,24.1719,72.439,0,1,0.73,0.665,1.1452140906,2.0,0.43333333333333335,0.3333333333333333,0.1
2023,7,GJ-BNS,24.1719,72.439,0,1,1.0,0.498,0.7976125261290323,6.0,0.8064516129032258,0.12903225806451613,0.0
2023,8,GJ-BNS,24.1719,72.439,0,1,1.25,0.826,0.9138732870967742,8.0,0.22580645161290322,0.7741935483870968,0.0
2023,9,GJ-BNS,24.1719,72.439,0,1,1.5,0.946,0.8482362092433333,4.0,0.6,0.3333333333333333,0.03333333333333333
1990,6,GJ-KUT,23.242,69.6669,0,1,0.25,-0.568,0.7040596286666666,6.0,0.0,1.0,0.0
1990,7,GJ-KUT,23.242,69.6669,0,1,0.26,-0.246,0.7642434731967742,1.0,0.0,1.0,0.0
1990,8,GJ-KUT,23.242,69.6669,0,1,0.32,-0.391,0.8801470647322581,6.0,0.22580645161290322,0.5483870967741935,0.03225806451612903
1990,9,GJ-KUT,23.242,69.6669,0,1,0.31,-0.183,0.775732242,3.0,0.03333333333333333,0.9666666666666667,0.0
1991,6,GJ-KUT,23.242,69.6669,0,1,0.63,0.263,1.4334286633333333,5.0,0.0,1.0,0.0
1991,7,GJ-KUT,23.242,69.6669,0,1,0.77,0.269,0.6487244419290323,6.0,0.0967741935483871,0.5161290322580645,0.0
1991,8,GJ-KUT,23.242,69.6669,0,1,0.67,0.058,1.2953001661290322,5.0,0.0,0.9354838709677419,0.0
1991,9,GJ-KUT,23.242,69.6669,0,1,0.72,0.099,1.3728957676666669,8.0,0.0,1.0,0.0
1992,6,GJ-KUT,23.242,69.6669,0,1,0.72,-0.861,1.0309609286666666,3.0,0.0,1.0,0.0
1992,7,GJ-KUT,23.242,69.6669,0,1,0.35,-0.479,1.032042581935484,3.0,0.3870967741935484,0.6129032258064516,0.12903225806451613
1992,8,GJ-KUT,23.242,69.6669,0,1,0.08,-0.768,0.7930089680645162,5.0,0.3225806451612903,0.41935483870967744,0.03225806451612903
1992,9,GJ-KUT,23.242,69.6669,0,1,-0.15,-0.833,1.1277177353333334,2.0,0.0,1.0,0.0
1993,6,GJ-KUT,23.242,69.6669,0,1,0.56,-0.108,1.5129156700000002,8.0,0.0,0.7666666666666667,0.0
1993,7,GJ-KUT,23.242,69.6669,0,1,0.28,-0.152,0.8503892948387097,5.0,0.0,0.7419354838709677,0.0
1993,8,GJ-KUT,23.242,69.6669,0,1,0.22,-0.306,0.9336245306,1.0,0.0,1.0,0.0
1993,9,GJ-KUT,23.242,69.6669,0,1,0.2,-0.17,0.4647173026666666,2.0,0.0,1.0,0.0
1995,6,GJ-KUT,23.242,69.6669,0,1,-0.11,-0.078,0.8386585686666667,2.0,0.0,1.0,0.0
1995,7,GJ-KUT,23.242,69.6669,0,1,-0.3,-0.169,1.3968855583870967,2.0,0.3548387096774194,0.4838709677419355,0.0
1995,8,GJ-KUT,23.242,69.6669,0,1,-0.55,-0.144,1.3320209096774194,2.0,0.03225806451612903,0.8709677419354839,0.0
1995,9,GJ-KUT,23.242,69.6669,0,1,-0.81,-0.18,1.0134717556666666,5.0,0.0,1.0,0.0
1996,6,GJ-KUT,23.242,69.6669,0,1,-0.24,-0.395,1.5769545686666668,3.0,0.2,0.7333333333333333,0.0
1996,7,GJ-KUT,23.242,69.6669,0,1,-0.22,-0.644,1.590457191935484,6.0,0.0,0.7741935483870968,0.0
1996,8,GJ-KUT,23.242,69.6669,0,1,-0.27,-0.681,1.0089208741935485,3.0,0.0,1.0,0.0
1996,9,GJ-KUT,23.242,69.6669,0,1,-0.3,-0.712,1.0609203293333334,5.0,0.0,1.0,0.0
1998,6,GJ-KUT,23.242,69.6669,0,1,-0.08,0.147,0.921335034,3.0,0.23333333333333334,0.7666666666666667,0.03333333333333333
1998,7,GJ-KUT,23.242,69.6669,0,1,-0.63,-0.385,0.75393639,2.0,0.25806451612903225,0.6774193548387096,0.0
1998,8,GJ-KUT,23.242,69.6669,0,1,-0.83,-0.58,1.00514719,2.0,0.0,0.8709677419354839,0.0
1998,9,GJ-KUT,23.242,69.6669,0,1,-1.02,-0.496,1.4218518516666667,8.0,0.0,0.7,0.0
2002,6,GJ-KUT,23.242,69.6669,0,1,0.45,-0.189,1.8803833166666664,2.0,0.13333333333333333,0.8666666666666667,0.0
2002,7,GJ-KUT,23.242,69.6669,0,1,0.57,-0.261,1.7221574980645162,8.0,0.0967741935483871,0.9032258064516129,0.0
2002,8,GJ-KUT,23.242,69.6669,0,1,0.63,-0.208,1.420236031935484,8.0,0.0,0.8387096774193549,0.0
2002,9,GJ-KUT,23.242,69.6669,0,1,0.78,0.286,0.7018471730000001,2.0,0.0,1.0,0.0
2003,6,GJ-KUT,23.242,69.6669,0,1,-0.13,0.139,1.65106069,1.0,0.0,0.7666666666666667,0.0
2003,7,GJ-KUT,23.242,69.6669,0,1,0.09,0.131,0.992855799032258,2.0,0.6129032258064516,0.12903225806451613,0.06451612903225806
2003,8,GJ-KUT,23.242,69.6669,0,1,0.14,0.108,0.6039936987096773,6.0,0.5161290322580645,0.3870967741935484,0.0
2003,9,GJ-KUT,23.242,69.6669,0,1,0.23,-0.06,0.7902776976666667,4.0,0.0,0.9666666666666667,0.0
2004,6,GJ-KUT,23.242,69.6669,0,1,0.22,-0.384,1.0188708323333333,7.0,0.23333333333333334,0.7333333333333333,0.0
2004,7,GJ-KUT,23.242,69.6669,0,1,0.39,-0.301,1.611224959354839,1.0,0.0,0.7741935483870968,0.0
2004,8,GJ-KUT,23.242,69.6669,0,1,0.54,-0.133,1.2484562670967745,6.0,0.3225806451612903,0.41935483870967744,0.03225806451612903
2004,9,GJ-KUT,23.242,69.6669,0,1,0.58,-0.106,1.438454236,2.0,0.0,0.7666666666666667,0.0
2005,6,GJ-KUT,23.242,69.6669,0,1,0.09,-0.176,0.7345759723333334,2.0,0.0,1.0,0.0
2005,7,GJ-KUT,23.242,69.6669,0,1,-0.04,-0.384,1.029081502903226,2.0,0.0,0.7096774193548387,0.0
2005,8,GJ-KUT,23.242,69.6669,0,1,-0.14,-0.345,0.939736100967742,1.0,0.06451612903225806,0.7419354838709677,0.0
2005,9,GJ-KUT,23.242,69.6669,0,1,-0.11,-0.534,1.522602815,8.0,0.4666666666666667,0.5333333333333333,0.0
2007,6,GJ-KUT,23.242,69.6669,0,1,-0.41,0.031,1.3529915246666666,2.0,0.23333333333333334,0.4666666666666667,0.03333333333333333
2007,7,GJ-KUT,23.242,69.6669,0,1,-0.49,0.045,1.3795319935483872,1.0,0.3225806451612903,0.6451612903225806,0.03225806451612903
2007,8,GJ-KUT,23.242,69.6669,0,1,-0.77,0.237,0.8762567774193548,2.0,0.41935483870967744,0.3870967741935484,0.06451612903225806
2007,9,GJ-KUT,23.242,69.6669,0,1,-1.05,0.235,1.1761283893333332,5.0,0.23333333333333334,0.6333333333333333,0.0
2008,6,GJ-KUT,23.242,69.6669,0,1,-0.56,0.215,0.953116955,3.0,0.26666666666666666,0.7333333333333333,0.06666666666666667
2008,7,GJ-KUT,23.242,69.6669,0,1,-0.33,0.246,1.2312710548387096,1.0,0.0,0.967741935483871,0.0
2008,8,GJ-KUT,23.242,69.6669,0,1,-0.2,0.124,1.211697393548387,2.0,0.22580645161290322,0.45161290322580644,0.0
2008,9,GJ-KUT,23.242,69.6669,0,1,-0.25,0.086,1.446583400333333,5.0,0.26666666666666666,0.6333333333333333,0.03333333333333333
2009,6,GJ-KUT,23.242,69.6669,0,1,0.34,0.1,1.4584701413333332,8.0,0.0,1.0,0.0
2009,7,GJ-KUT,23.242,69.6669,0,1,0.5,-0.192,0.6150665787096774,5.0,0.5161290322580645,0.3870967741935484,0.0
2009,8,GJ-KUT,23.242,69.6669,0,1,0.56,-0.104,1.12875141,1.0,0.03225806451612903,0.9354838709677419,0.0
2009,9,GJ-KUT,23.242,69.6669,0,1,0.66,-0.103,1.6812911126666668,4.0,0.2,0.8,0.0
2010,6,GJ-KUT,23.242,69.6669,0,1,-0.66,-0.14,1.285590429,2.0,0.23333333333333334,0.7666666666666667,0.0
2010,7,GJ-KUT,23.242,69.6669,0,1,-0.98,-0.001,1.663601914516129,1.0,0.5161290322580645,0.3548387096774194,0.03225806451612903
2010,8,GJ-KUT,23.242,69.6669,0,1,-1.24,-0.061,0.747917844516129,1.0,0.9032258064516129,0.03225806451612903,0.06451612903225806
2010,9,GJ-KUT,23.242,69.6669,0,1,-1.43,-0.267,0.8091414173333332,1.0,0.5333333333333333,0.43333333333333335,0.0
2011,6,GJ-KUT,23.242,69.6669,0,1,-0.34,0.055,0.6791252076666666,2.0,0.0,1.0,0.0
2011,7,GJ-KUT,23.242,69.6669,0,1,-0.37,0.223,1.0109919648387098,1.0,0.0,1.0,0.0
2011,8,GJ-KUT,23.242,69.6669,0,1,-0.5,0.344,1.011544473516129,2.0,0.4838709677419355,0.5161290322580645,0.06451612903225806
2011,9,GJ-KUT,23.242,69.6669,0,1,-0.76,0.202,0.9066917783333334,3.0,0.6,0.3333333333333333,0.0
2014,6,GJ-KUT,23.242,69.6669,0,1,0.22,-0.028,1.108679051,4.0,0.0,1.0,0.0
2014,7,GJ-KUT,23.242,69.6669,0,1,0.07,-0.363,1.1528067432258065,6.0,0.16129032258064516,0.6129032258064516,0.0
2014,8,GJ-KUT,23.242,69.6669,0,1,0.07,-0.372,1.2150309538709676,2.0,0.0967741935483871,0.6774193548387096,0.0
2014,9,GJ-KUT,23.242,69.6669,0,1,0.24,-0.145,0.649377995,4.0,0.2,0.7333333333333333,0.0
2015,6,GJ-KUT,23.242,69.6669,0,1,1.19,0.296,1.992920383333333,4.0,0.0,0.8,0.0
2015,7,GJ-KUT,23.242,69.6669,0,1,1.44,0.225,1.837990334516129,7.0,0.16129032258064516,0.6774193548387096,0.0967741935483871
2015,8,GJ-KUT,23.242,69.6669,0,1,1.73,0.568,0.8428048241935484,8.0,0.12903225806451613,0.8709677419354839,0.0
2015,9,GJ-KUT,23.242,69.6669,0,1,2.02,0.294,0.62977513528,1.0,0.0,0.7666666666666667,0.0
2016,6,GJ-KUT,23.242,69.6669,0,1,0.09,-0.443,1.5598082686666668,4.0,0.0,1.0,0.0
2016,7,GJ-KUT,23.242,69.6669,0,1,-0.19,-0.757,1.0086871877419354,2.0,0.0,0.9354838709677419,0.0
2016,8,GJ-KUT,23.242,69.6669,0,1,-0.34,-0.443,1.3634238690322582,6.0,0.2903225806451613,0.5483870967741935,0.0
2016,9,GJ-KUT,23.242,69.6669,0,1,-0.42,-0.437,0.9987363606666668,5.0,0.0,0.9333333333333333,0.0
2017,6,GJ-KUT,23.242,69.6669,0,1,0.32,0.424,1.010765505,1.0,0.0,0.8,0.0
2017,7,GJ-KUT,23.242,69.6669,0,1,0.14,0.52,1.0194311058064516,3.0,0.3225806451612903,0.45161290322580644,0.03225806451612903
2017,8,GJ-KUT,23.242,69.6669,0,1,-0.07,0.349,0.560064344016129,2.0,0.22580645161290322,0.6774193548387096,0.0
2017,9,GJ-KUT,23.242,69.6669,0,1,-0.23,0.035,0.5864452456666667,4.0,0.0,0.5666666666666667,0.0
2018,6,GJ-KUT,23.242,69.6669,0,1,0.13,0.155,1.099695321,1.0,0.0,1.0,0.0
2018,7,GJ-KUT,23.242,69.6669,0,1,0.2,0.053,1.4670566325806451,6.0,0.0,0.7741935483870968,0.0
2018,8,GJ-KUT,23.242,69.6669,0,1,0.3,0.121,1.1604823280645162,6.0,0.12903225806451613,0.7741935483870968,0.0
2018,9,GJ-KUT,23.242,69.6669,0,1,0.52,0.604,1.0746740603333331,8.0,0.0,1.0,0.0
2020,6,GJ-KUT,23.242,69.6669,0,1,-0.18,0.455,1.3547168013333333,1.0,0.43333333333333335,0.5333333333333333,0.0
2020,7,GJ-KUT,23.242,69.6669,0,1,-0.29,0.319,1.5012130690322585,2.0,0.3225806451612903,0.6451612903225806,0.0
2020,8,GJ-KUT,23.242,69.6669,0,1,-0.43,-0.183,1.5708076487096774,8.0,0.8064516129032258,0.16129032258064516,0.06451612903225806
2020,9,GJ-KUT,23.242,69.6669,0,1,-0.77,-0.189,1.1078213236666663,4.0,0.4,0.4666666666666667,0.0
2021,6,GJ-KUT,23.242,69.6669,0,1,-0.31,-0.002,1.2543668813333333,1.0,0.23333333333333334,0.7666666666666667,0.0
2021,7,GJ-KUT,23.242,69.6669,0,1,-0.35,-0.229,1.2697446645161292,2.0,0.2903225806451613,0.6451612903225806,0.0
2021,8,GJ-KUT,23.242,69.6669,0,1,-0.46,-0.099,1.3328496390322582,2.0,0.0,1.0,0.0
2021,9,GJ-KUT,23.242,69.6669,0,1,-0.64,-0.058,1.16716908,3.0,0.5666666666666667,0.3333333333333333,0.0
2022,6,GJ-KUT,23.242,69.6669,0,1,-0.73,-0.335,1.7460144566666669,1.0,0.0,0.7666666666666667,0.0
2022,7,GJ-KUT,23.242,69.6669,0,1,-0.7,-0.195,0.9906527754838708,4.0,0.7741935483870968,0.22580645161290322,0.06451612903225806
2022,8,GJ-KUT,23.242,69.6669,0,1,-0.78,-0.246,0.962351660967742,2.0,0.5483870967741935,0.2903225806451613,0.0
2022,9,GJ-KUT,23.242,69.6669,0,1,-0.87,-0.322,0.45954351401,4.0,0.36666666666666664,0.6333333333333333,0.0
2023,6,GJ-KUT,23.242,69.6669,0,1,0.73,0.665,1.1452140906,2.0,0.3,0.7,0.06666666666666667
2023,7,GJ-KUT,23.242,69.6669,0,1,1.0,0.498,0.7976125261290323,6.0,0.25806451612903225,0.22580645161290322,0.0
2023,8,GJ-KUT,23.242,69.6669,0,1,1.25,0.826,0.9138732870967742,8.0,0.0,1.0,0.0
2023,9,GJ-KUT,23.242,69.6669,0,1,1.5,0.946,0.8482362092433333,4.0,0.23333333333333334,0.7333333333333333,0.03333333333333333
1990,6,RJ-JAI,26.9124,75.7873,0,1,0.25,-0.568,0.7040596286666666,6.0,0.0,1.0,0.0
1990,7,RJ-JAI,26.9124,75.7873,0,1,0.26,-0.246,0.7642434731967742,1.0,0.4838709677419355,0.12903225806451613,0.03225806451612903
1990,8,RJ-JAI,26.9124,75.7873,0,1,0.32,-0.391,0.8801470647322581,6.0,0.45161290322580644,0.41935483870967744,0.0
1990,9,RJ-JAI,26.9124,75.7873,0,1,0.31,-0.183,0.775732242,3.0,0.5,0.13333333333333333,0.0
1991,6,RJ-JAI,26.9124,75.7873,0,1,0.63,0.263,1.4334286633333333,5.0,0.0,0.7666666666666667,0.0
1991,7,RJ-JAI,26.9124,75.7873,0,1,0.77,0.269,0.6487244419290323,6.0,0.2903225806451613,0.3870967741935484,0.0
1991,8,RJ-JAI,26.9124,75.7873,0,1,0.67,0.058,1.2953001661290322,5.0,0.41935483870967744,0.3870967741935484,0.03225806451612903
1991,9,RJ-JAI,26.9124,75.7873,0,1,0.72,0.099,1.3728957676666669,8.0,0.23333333333333334,0.7666666666666667,0.0
1992,6,RJ-JAI,26.9124,75.7873,0,1,0.72,-0.861,1.0309609286666666,3.0,0.0,1.0,0.0
1992,7,RJ-JAI,26.9124,75.7873,0,1,0.35,-0.479,1.032042581935484,3.0,0.5806451612903226,0.41935483870967744,0.03225806451612903
1992,8,RJ-JAI,26.9124,75.7873,0,1,0.08,-0.768,0.7930089680645162,5.0,0.6774193548387096,0.25806451612903225,0.03225806451612903
1992,9,RJ-JAI,26.9124,75.7873,0,1,-0.15,-0.833,1.1277177353333334,2.0,0.26666666666666666,0.7,0.0
1993,6,RJ-JAI,26.9124,75.7873,0,1,0.56,-0.108,1.5129156700000002,8.0,0.5666666666666667,0.43333333333333335,0.0
1993,7,RJ-JAI,26.9124,75.7873,0,1,0.28,-0.152,0.8503892948387097,5.0,0.6129032258064516,0.3548387096774194,0.0
1993,8,RJ-JAI,26.9124,75.7873,0,1,0.22,-0.306,0.9336245306,1.0,0.3548387096774194,0.6451612903225806,0.03225806451612903
1993,9,RJ-JAI,26.9124,75.7873,0,1,0.2,-0.17,0.4647173026666666,2.0,0.23333333333333334,0.5333333333333333,0.0
1995,6,RJ-JAI,26.9124,75.7873,0,1,-0.11,-0.078,0.8386585686666667,2.0,0.0,1.0,0.0
1995,7,RJ-JAI,26.9124,75.7873,0,1,-0.3,-0.169,1.3968855583870967,2.0,0.5483870967741935,0.41935483870967744,0.0
1995,8,RJ-JAI,26.9124,75.7873,0,1,-0.55,-0.144,1.3320209096774194,2.0,0.8064516129032258,0.06451612903225806,0.16129032258064516
1995,9,RJ-JAI,26.9124,75.7873,0,1,-0.81,-0.18,1.0134717556666666,5.0,0.1,0.6666666666666666,0.0
1996,6,RJ-JAI,26.9124,75.7873,0,1,-0.24,-0.395,1.5769545686666668,3.0,0.5,0.4,0.03333333333333333
1996,7,RJ-JAI,26.9124,75.7873,0,1,-0.22,-0.644,1.590457191935484,6.0,0.3548387096774194,0.6451612903225806,0.0
1996,8,RJ-JAI,26.9124,75.7873,0,1,-0.27,-0.681,1.0089208741935485,3.0,0.6774193548387096,0.1935483870967742,0.0
1996,9,RJ-JAI,26.9124,75.7873,0,1,-0.3,-0.712,1.0609203293333334,5.0,0.6333333333333333,0.3,0.03333333333333333
1998,6,RJ-JAI,26.9124,75.7873,0,1,-0.08,0.147,0.921335034,3.0,0.0,0.9666666666666667,0.0
1998,7,RJ-JAI,26.9124,75.7873,0,1,-0.63,-0.385,0.75393639,2.0,0.6129032258064516,0.3548387096774194,0.06451612903225806
1998,8,RJ-JAI,26.9124,75.7873,0,1,-0.83,-0.58,1.00514719,2.0,0.3548387096774194,0.4838709677419355,0.03225806451612903
1998,9,RJ-JAI,26.9124,75.7873,0,1,-1.02,-0.496,1.4218518516666667,8.0,0.5666666666666667,0.26666666666666666,0.0
2002,6,RJ-JAI,26.9124,75.7873,0,1,0.45,-0.189,1.8803833166666664,2.0,0.0,0.9333333333333333,0.0
2002,7,RJ-JAI,26.9124,75.7873,0,1,0.57,-0.261,1.7221574980645162,8.0,0.0,0.6129032258064516,0.0
2002,8,RJ-JAI,26.9124,75.7873,0,1,0.63,-0.208,1.420236031935484,8.0,0.22580645161290322,0.7741935483870968,0.03225806451612903
2002,9,RJ-JAI,26.9124,75.7873,0,1,0.78,0.286,0.7018471730000001,2.0,0.0,1.0,0.0
2003,6,RJ-JAI,26.9124,75.7873,0,1,-0.13,0.139,1.65106069,1.0,0.16666666666666666,0.6333333333333333,0.0
2003,7,RJ-JAI,26.9124,75.7873,0,1,0.09,0.131,0.992855799032258,2.0,0.7741935483870968,0.1935483870967742,0.06451612903225806
2003,8,RJ-JAI,26.9124,75.7873,0,1,0.14,0.108,0.6039936987096773,6.0,0.22580645161290322,0.22580645161290322,0.0
2003,9,RJ-JAI,26.9124,75.7873,0,1,0.23,-0.06,0.7902776976666667,4.0,0.06666666666666667,0.4,0.0
2004,6,RJ-JAI,26.9124,75.7873,0,1,0.22,-0.384,1.0188708323333333,7.0,0.23333333333333334,0.43333333333333335,0.0
2004,7,RJ-JAI,26.9124,75.7873,0,1,0.39,-0.301,1.611224959354839,1.0,0.22580645161290322,0.5483870967741935,0.0
2004,8,RJ-JAI,26.9124,75.7873,0,1,0.54,-0.133,1.2484562670967745,6.0,0.9354838709677419,0.0,0.06451612903225806
2004,9,RJ-JAI,26.9124,75.7873,0,1,0.58,-0.106,1.438454236,2.0,0.13333333333333333,0.7,0.0
2005,6,RJ-JAI,26.9124,75.7873,0,1,0.09,-0.176,0.7345759723333334,2.0,0.23333333333333334,0.7666666666666667,0.0
2005,7,RJ-JAI,26.9124,75.7873,0,1,-0.04,-0.384,1.029081502903226,2.0,0.5483870967741935,0.3225806451612903,0.03225806451612903
2005,8,RJ-JAI,26.9124,75.7873,0,1,-0.14,-0.345,0.939736100967742,1.0,0.0,1.0,0.0
2005,9,RJ-JAI,26.9124,75.7873,0,1,-0.11,-0.534,1.522602815,8.0,0.43333333333333335,0.36666666666666664,0.03333333333333333
2007,6,RJ-JAI,26.9124,75.7873,0,1,-0.41,0.031,1.3529915246666666,2.0,0.0,0.9333333333333333,0.0
2007,7,RJ-JAI,26.9124,75.7873,0,1,-0.49,0.045,1.3795319935483872,1.0,0.12903225806451613,0.3225806451612903,0.0
2007,8,RJ-JAI,26.9124,75.7873,0,1,-0.77,0.237,0.8762567774193548,2.0,0.5483870967741935,0.25806451612903225,0.0
2007,9,RJ-JAI,26.9124,75.7873,0,1,-1.05,0.235,1.1761283893333332,5.0,0.2,0.5333333333333333,0.0
2008,6,RJ-JAI,26.9124,75.7873,0,1,-0.56,0.215,0.953116955,3.0,0.3,0.5333333333333333,0.0
2008,7,RJ-JAI,26.9124,75.7873,0,1,-0.33,0.246,1.2312710548387096,1.0,0.22580645161290322,0.45161290322580644,0.0
2008,8,RJ-JAI,26.9124,75.7873,0,1,-0.2,0.124,1.211697393548387,2.0,0.5806451612903226,0.25806451612903225,0.0
2008,9,RJ-JAI,26.9124,75.7873,0,1,-0.25,0.086,1.446583400333333,5.0,0.2,0.5333333333333333,0.0
2009,6,RJ-JAI,26.9124,75.7873,0,1,0.34,0.1,1.4584701413333332,8.0,0.0,0.8,0.0
2009,7,RJ-JAI,26.9124,75.7873,0,1,0.5,-0.192,0.6150665787096774,5.0,0.3225806451612903,0.41935483870967744,0.0
2009,8,RJ-JAI,26.9124,75.7873,0,1,0.56,-0.104,1.12875141,1.0,0.22580645161290322,0.6129032258064516,0.0
2009,9,RJ-JAI,26.9124,75.7873,0,1,0.66,-0.103,1.6812911126666668,4.0,0.0,0.6333333333333333,0.0
2010,6,RJ-JAI,26.9124,75.7873,0,1,-0.66,-0.14,1.285590429,2.0,0.0,1.0,0.0
2010,7,RJ-JAI,26.9124,75.7873,0,1,-0.98,-0.001,1.663601914516129,1.0,0.5161290322580645,0.25806451612903225,0.0
2010,8,RJ-JAI,26.9124,75.7873,0,1,-1.24,-0.061,0.747917844516129,1.0,0.8387096774193549,0.06451612903225806,0.03225806451612903
2010,9,RJ-JAI,26.9124,75.7873,0,1,-1.43,-0.267,0.8091414173333332,1.0,0.3333333333333333,0.2,0.0
2011,6,RJ-JAI,26.9124,75.7873,0,1,-0.34,0.055,0.6791252076666666,2.0,0.23333333333333334,0.6666666666666666,0.0
2011,7,RJ-JAI,26.9124,75.7873,0,1,-0.37,0.223,1.0109919648387098,1.0,0.22580645161290322,0.3225806451612903,0.0
2011,8,RJ-JAI,26.9124,75.7873,0,1,-0.5,0.344,1.011544473516129,2.0,0.8064516129032258,0.06451612903225806,0.0
2011,9,RJ-JAI,26.9124,75.7873,0,1,-0.76,0.202,0.9066917783333334,3.0,0.3,0.4666666666666667,0.0
2014,6,RJ-JAI,26.9124,75.7873,0,1,0.22,-0.028,1.108679051,4.0,0.0,0.9666666666666667,0.0
2014,7,RJ-JAI,26.9124,75.7873,0,1,0.07,-0.363,1.1528067432258065,6.0,0.45161290322580644,0.2903225806451613,0.0
2014,8,RJ-JAI,26.9124,75.7873,0,1,0.07,-0.372,1.2150309538709676,2.0,0.5161290322580645,0.41935483870967744,0.0
2014,9,RJ-JAI,26.9124,75.7873,0,1,0.24,-0.145,0.649377995,4.0,0.5333333333333333,0.4,0.0
2015,6,RJ-JAI,26.9124,75.7873,0,1,1.19,0.296,1.992920383333333,4.0,0.0,0.8666666666666667,0.0
2015,7,RJ-JAI,26.9124,75.7873,0,1,1.44,0.225,1.837990334516129,7.0,0.3870967741935484,0.0967741935483871,0.0
2015,8,RJ-JAI,26.9124,75.7873,0,1,1.73,0.568,0.8428048241935484,8.0,0.3548387096774194,0.5161290322580645,0.03225806451612903
2015,9,RJ-JAI,26.9124,75.7873,0,1,2.02,0.294,0.62977513528,1.0,0.0,1.0,0.0
2016,6,RJ-JAI,26.9124,75.7873,0,1,0.09,-0.443,1.5598082686666668,4.0,0.0,1.0,0.0
2016,7,RJ-JAI,26.9124,75.7873,0,1,-0.19,-0.757,1.0086871877419354,2.0,0.5483870967741935,0.25806451612903225,0.0
2016,8,RJ-JAI,26.9124,75.7873,0,1,-0.34,-0.443,1.3634238690322582,6.0,0.5806451612903226,0.03225806451612903,0.0
2016,9,RJ-JAI,26.9124,75.7873,0,1,-0.42,-0.437,0.9987363606666668,5.0,0.0,1.0,0.0
2017,6,RJ-JAI,26.9124,75.7873,0,1,0.32,0.424,1.010765505,1.0,0.23333333333333334,0.6666666666666666,0.0
2017,7,RJ-JAI,26.9124,75.7873,0,1,0.14,0.52,1.0194311058064516,3.0,0.45161290322580644,0.16129032258064516,0.0
2017,8,RJ-JAI,26.9124,75.7873,0,1,-0.07,0.349,0.560064344016129,2.0,0.1935483870967742,0.5806451612903226,0.03225806451612903
2017,9,RJ-JAI,26.9124,75.7873,0,1,-0.23,0.035,0.5864452456666667,4.0,0.03333333333333333,0.8666666666666667,0.0
2018,6,RJ-JAI,26.9124,75.7873,0,1,0.13,0.155,1.099695321,1.0,0.03333333333333333,0.9,0.0
2018,7,RJ-JAI,26.9124,75.7873,0,1,0.2,0.053,1.4670566325806451,6.0,0.3870967741935484,0.2903225806451613,0.0
2018,8,RJ-JAI,26.9124,75.7873,0,1,0.3,0.121,1.1604823280645162,6.0,0.25806451612903225,0.25806451612903225,0.03225806451612903
2018,9,RJ-JAI,26.9124,75.7873,0,1,0.52,0.604,1.0746740603333331,8.0,0.26666666666666666,0.26666666666666666,0.0
2020,6,RJ-JAI,26.9124,75.7873,0,1,-0.18,0.455,1.3547168013333333,1.0,0.0,0.8333333333333334,0.0
2020,7,RJ-JAI,26.9124,75.7873,0,1,-0.29,0.319,1.5012130690322585,2.0,0.45161290322580644,0.3225806451612903,0.0
2020,8,RJ-JAI,26.9124,75.7873,0,1,-0.43,-0.183,1.5708076487096774,8.0,0.8387096774193549,0.0,0.03225806451612903
2020,9,RJ-JAI,26.9124,75.7873,0,1,-0.77,-0.189,1.1078213236666663,4.0,0.06666666666666667,0.6666666666666666,0.0
2021,6,RJ-JAI,26.9124,75.7873,0,1,-0.31,-0.002,1.2543668813333333,1.0,0.03333333333333333,0.5666666666666667,0.0
2021,7,RJ-JAI,26.9124,75.7873,0,1,-0.35,-0.229,1.2697446645161292,2.0,0.25806451612903225,0.45161290322580644,0.03225806451612903
2021,8,RJ-JAI,26.9124,75.7873,0,1,-0.46,-0.099,1.3328496390322582,2.0,0.2903225806451613,0.6774193548387096,0.0
2021,9,RJ-JAI,26.9124,75.7873,0,1,-0.64,-0.058,1.16716908,3.0,0.4,0.5,0.0
2022,6,RJ-JAI,26.9124,75.7873,0,1,-0.73,-0.335,1.7460144566666669,1.0,0.2,0.7666666666666667,0.0
2022,7,RJ-JAI,26.9124,75.7873,0,1,-0.7,-0.195,0.9906527754838708,4.0,0.5161290322580645,0.22580645161290322,0.0
2022,8,RJ-JAI,26.9124,75.7873,0,1,-0.78,-0.246,0.962351660967742,2.0,0.6774193548387096,0.12903225806451613,0.0
2022,9,RJ-JAI,26.9124,75.7873,0,1,-0.87,-0.322,0.45954351401,4.0,0.23333333333333334,0.7333333333333333,0.0
2023,6,RJ-JAI,26.9124,75.7873,0,1,0.73,0.665,1.1452140906,2.0,0.0,0.9666666666666667,0.0
2023,7,RJ-JAI,26.9124,75.7873,0,1,1.0,0.498,0.7976125261290323,6.0,0.16129032258064516,0.3548387096774194,0.0
2023,8,RJ-JAI,26.9124,75.7873,0,1,1.25,0.826,0.9138732870967742,8.0,0.03225806451612903,0.8387096774193549,0.0
2023,9,RJ-JAI,26.9124,75.7873,0,1,1.5,0.946,0.8482362092433333,4.0,0.0,0.6,0.0
1990,6,RJ-JOD,26.2389,73.0243,0,1,0.25,-0.568,0.7040596286666666,6.0,0.0,0.8,0.0
1990,7,RJ-JOD,26.2389,73.0243,0,1,0.26,-0.246,0.7642434731967742,1.0,0.3548387096774194,0.6451612903225806,0.12903225806451613
1990,8,RJ-JOD,26.2389,73.0243,0,1,0.32,-0.391,0.8801470647322581,6.0,0.45161290322580644,0.3548387096774194,0.0
1990,9,RJ-JOD,26.2389,73.0243,0,1,0.31,-0.183,0.775732242,3.0,0.3,0.3,0.0
1991,6,RJ-JOD,26.2389,73.0243,0,1,0.63,0.263,1.4334286633333333,5.0,0.0,1.0,0.0
1991,7,RJ-JOD,26.2389,73.0243,0,1,0.77,0.269,0.6487244419290323,6.0,0.22580645161290322,0.6451612903225806,0.0
1991,8,RJ-JOD,26.2389,73.0243,0,1,0.67,0.058,1.2953001661290322,5.0,0.22580645161290322,0.7096774193548387,0.0
1991,9,RJ-JOD,26.2389,73.0243,0,1,0.72,0.099,1.3728957676666669,8.0,0.0,0.9,0.0
1992,6,RJ-JOD,26.2389,73.0243,0,1,0.72,-0.861,1.0309609286666666,3.0,0.0,1.0,0.0
1992,7,RJ-JOD,26.2389,73.0243,0,1,0.35,-0.479,1.032042581935484,3.0,0.06451612903225806,0.7419354838709677,0.0
1992,8,RJ-JOD,26.2389,73.0243,0,1,0.08,-0.768,0.7930089680645162,5.0,0.5483870967741935,0.3870967741935484,0.0
1992,9,RJ-JOD,26.2389,73.0243,0,1,-0.15,-0.833,1.1277177353333334,2.0,0.36666666666666664,0.5,0.06666666666666667
1993,6,RJ-JOD,26.2389,73.0243,0,1,0.56,-0.108,1.5129156700000002,8.0,0.0,0.8666666666666667,0.0
1993,7,RJ-JOD,26.2389,73.0243,0,1,0.28,-0.152,0.8503892948387097,5.0,0.22580645161290322,0.3870967741935484,0.03225806451612903
1993,8,RJ-JOD,26.2389,73.0243,0,1,0.22,-0.306,0.9336245306,1.0,0.0,1.0,0.0
1993,9,RJ-JOD,26.2389,73.0243,0,1,0.2,-0.17,0.4647173026666666,2.0,0.23333333333333334,0.7666666666666667,0.0
1995,6,RJ-JOD,26.2389,73.0243,0,1,-0.11,-0.078,0.8386585686666667,2.0,0.0,0.8333333333333334,0.0
1995,7,RJ-JOD,26.2389,73.0243,0,1,-0.3,-0.169,1.3968855583870967,2.0,0.3870967741935484,0.5806451612903226,0.03225806451612903
1995,8,RJ-JOD,26.2389,73.0243,0,1,-0.55,-0.144,1.3320209096774194,2.0,0.2903225806451613,0.6129032258064516,0.0
1995,9,RJ-JOD,26.2389,73.0243,0,1,-0.81,-0.18,1.0134717556666666,5.0,0.06666666666666667,0.8666666666666667,0.0
1996,6,RJ-JOD,26.2389,73.0243,0,1,-0.24,-0.395,1.5769545686666668,3.0,0.3,0.5,0.0
1996,7,RJ-JOD,26.2389,73.0243,0,1,-0.22,-0.644,1.590457191935484,6.0,0.1935483870967742,0.7419354838709677,0.0
1996,8,RJ-JOD,26.2389,73.0243,0,1,-0.27,-0.681,1.0089208741935485,3.0,0.22580645161290322,0.5161290322580645,0.0
1996,9,RJ-JOD,26.2389,73.0243,0,1,-0.3,-0.712,1.0609203293333334,5.0,0.0,1.0,0.0
1998,6,RJ-JOD,26.2389,73.0243,0,1,-0.08,0.147,0.921335034,3.0,0.23333333333333334,0.7,0.03333333333333333
1998,7,RJ-JOD,26.2389,73.0243,0,1,-0.63,-0.385,0.75393639,2.0,0.16129032258064516,0.7419354838709677,0.0
1998,8,RJ-JOD,26.2389,73.0243,0,1,-0.83,-0.58,1.00514719,2.0,0.3225806451612903,0.5806451612903226,0.0
1998,9,RJ-JOD,26.2389,73.0243,0,1,-1.02,-0.496,1.4218518516666667,8.0,0.5,0.4,0.0
2002,6,RJ-JOD,26.2389,73.0243,0,1,0.45,-0.189,1.8803833166666664,2.0,0.0,0.9333333333333333,0.0
2002,7,RJ-JOD,26.2389,73.0243,0,1,0.57,-0.261,1.7221574980645162,8.0,0.0,0.9032258064516129,0.0
2002,8,RJ-JOD,26.2389,73.0243,0,1,0.63,-0.208,1.420236031935484,8.0,0.0,1.0,0.0
2002,9,RJ-JOD,26.2389,73.0243,0,1,0.78,0.286,0.7018471730000001,2.0,0.0,0.7,0.0
2003,6,RJ-JOD,26.2389,73.0243,0,1,-0.13,0.139,1.65106069,1.0,0.23333333333333334,0.7666666666666667,0.0
2003,7,RJ-JOD,26.2389,73.0243,0,1,0.09,0.131,0.992855799032258,2.0,0.5483870967741935,0.16129032258064516,0.0
2003,8,RJ-JOD,26.2389,73.0243,0,1,0.14,0.108,0.6039936987096773,6.0,0.0,0.5161290322580645,0.0
2003,9,RJ-JOD,26.2389,73.0243,0,1,0.23,-0.06,0.7902776976666667,4.0,0.0,1.0,0.0
2004,6,RJ-JOD,26.2389,73.0243,0,1,0.22,-0.384,1.0188708323333333,7.0,0.13333333333333333,0.7333333333333333,0.0
2004,7,RJ-JOD,26.2389,73.0243,0,1,0.39,-0.301,1.611224959354839,1.0,0.0,0.7096774193548387,0.0
2004,8,RJ-JOD,26.2389,73.0243,0,1,0.54,-0.133,1.2484562670967745,6.0,0.41935483870967744,0.25806451612903225,0.0
2004,9,RJ-JOD,26.2389,73.0243,0,1,0.58,-0.106,1.438454236,2.0,0.0,1.0,0.0
2005,6,RJ-JOD,26.2389,73.0243,0,1,0.09,-0.176,0.7345759723333334,2.0,0.0,0.9666666666666667,0.0
2005,7,RJ-JOD,26.2389,73.0243,0,1,-0.04,-0.384,1.029081502903226,2.0,0.3870967741935484,0.6129032258064516,0.0
2005,8,RJ-JOD,26.2389,73.0243,0,1,-0.14,-0.345,0.939736100967742,1.0,0.25806451612903225,0.7419354838709677,0.0
2005,9,RJ-JOD,26.2389,73.0243,0,1,-0.11,-0.534,1.522602815,8.0,0.03333333333333333,0.5666666666666667,0.0
2007,6,RJ-JOD,26.2389,73.0243,0,1,-0.41,0.031,1.3529915246666666,2.0,0.0,1.0,0.0
2007,7,RJ-JOD,26.2389,73.0243,0,1,-0.49,0.045,1.3795319935483872,1.0,0.1935483870967742,0.6774193548387096,0.0
2007,8,RJ-JOD,26.2389,73.0243,0,1,-0.77,0.237,0.8762567774193548,2.0,0.1935483870967742,0.5483870967741935,0.0
2007,9,RJ-JOD,26.2389,73.0243,0,1,-1.05,0.235,1.1761283893333332,5.0,0.0,0.8666666666666667,0.0
2008,6,RJ-JOD,26.2389,73.0243,0,1,-0.56,0.215,0.953116955,3.0,0.26666666666666666,0.5,0.0
2008,7,RJ-JOD,26.2389,73.0243,0,1,-0.33,0.246,1.2312710548387096,1.0,0.1935483870967742,0.5806451612903226,0.0
2008,8,RJ-JOD,26.2389,73.0243,0,1,-0.2,0.124,1.211697393548387,2.0,0.3225806451612903,0.25806451612903225,0.03225806451612903
2008,9,RJ-JOD,26.2389,73.0243,0,1,-0.25,0.086,1.446583400333333,5.0,0.0,0.9333333333333333,0.0
2009,6,RJ-JOD,26.2389,73.0243,0,1,0.34,0.1,1.4584701413333332,8.0,0.0,1.0,0.0
2009,7,RJ-JOD,26.2389,73.0243,0,1,0.5,-0.192,0.6150665787096774,5.0,0.22580645161290322,0.3548387096774194,0.0
2009,8,RJ-JOD,26.2389,73.0243,0,1,0.56,-0.104,1.12875141,1.0,0.16129032258064516,0.8387096774193549,0.0
2009,9,RJ-JOD,26.2389,73.0243,0,1,0.66,-0.103,1.6812911126666668,4.0,0.06666666666666667,0.9333333333333333,0.0
2010,6,RJ-JOD,26.2389,73.0243,0,1,-0.66,-0.14,1.285590429,2.0,0.2,0.7666666666666667,0.0
2010,7,RJ-JOD,26.2389,73.0243,0,1,-0.98,-0.001,1.663601914516129,1.0,0.22580645161290322,0.5161290322580645,0.0
2010,8,RJ-JOD,26.2389,73.0243,0,1,-1.24,-0.061,0.747917844516129,1.0,0.4838709677419355,0.5161290322580645,0.0
2010,9,RJ-JOD,26.2389,73.0243,0,1,-1.43,-0.267,0.8091414173333332,1.0,0.5333333333333333,0.4666666666666667,0.0
2011,6,RJ-JOD,26.2389,73.0243,0,1,-0.34,0.055,0.6791252076666666,2.0,0.0,1.0,0.0
2011,7,RJ-JOD,26.2389,73.0243,0,1,-0.37,0.223,1.0109919648387098,1.0,0.1935483870967742,0.5483870967741935,0.0
2011,8,RJ-JOD,26.2389,73.0243,0,1,-0.5,0.344,1.011544473516129,2.0,0.3548387096774194,0.16129032258064516,0.0
2011,9,RJ-JOD,26.2389,73.0243,0,1,-0.76,0.202,0.9066917783333334,3.0,0.3,0.5666666666666667,0.0
2014,6,RJ-JOD,26.2389,73.0243,0,1,0.22,-0.028,1.108679051,4.0,0.0,1.0,0.0
2014,7,RJ-JOD,26.2389,73.0243,0,1,0.07,-0.363,1.1528067432258065,6.0,0.0967741935483871,0.5806451612903226,0.0
2014,8,RJ-JOD,26.2389,73.0243,0,1,0.07,-0.372,1.2150309538709676,2.0,0.3870967741935484,0.5806451612903226,0.0
2014,9,RJ-JOD,26.2389,73.0243,0,1,0.24,-0.145,0.649377995,4.0,0.26666666666666666,0.5666666666666667,0.03333333333333333
2015,6,RJ-JOD,26.2389,73.0243,0,1,1.19,0.296,1.992920383333333,4.0,0.23333333333333334,0.6666666666666666,0.0
2015,7,RJ-JOD,26.2389,73.0243,0,1,1.44,0.225,1.837990334516129,7.0,0.1935483870967742,0.5483870967741935,0.0
2015,8,RJ-JOD,26.2389,73.0243,0,1,1.73,0.568,0.8428048241935484,8.0,0.2903225806451613,0.5161290322580645,0.0
2015,9,RJ-JOD,26.2389,73.0243,0,1,2.02,0.294,0.62977513528,1.0,0.0,0.7666666666666667,0.0
2016,6,RJ-JOD,26.2389,73.0243,0,1,0.09,-0.443,1.5598082686666668,4.0,0.1,0.9,0.0
2016,7,RJ-JOD,26.2389,73.0243,0,1,-0.19,-0.757,1.0086871877419354,2.0,0.1935483870967742,0.6129032258064516,0.0
2016,8,RJ-JOD,26.2389,73.0243,0,1,-0.34,-0.443,1.3634238690322582,6.0,0.5483870967741935,0.3548387096774194,0.03225806451612903
2016,9,RJ-JOD,26.2389,73.0243,0,1,-0.42,-0.437,0.9987363606666668,5.0,0.2,0.8,0.0
2017,6,RJ-JOD,26.2389,73.0243,0,1,0.32,0.424,1.010765505,1.0,0.23333333333333334,0.7,0.0
2017,7,RJ-JOD,26.2389,73.0243,0,1,0.14,0.52,1.0194311058064516,3.0,0.5483870967741935,0.16129032258064516,0.0
2017,8,RJ-JOD,26.2389,73.0243,0,1,-0.07,0.349,0.560064344016129,2.0,0.12903225806451613,0.6129032258064516,0.0
2017,9,RJ-JOD,26.2389,73.0243,0,1,-0.23,0.035,0.5864452456666667,4.0,0.0,0.7666666666666667,0.0
2018,6,RJ-JOD,26.2389,73.0243,0,1,0.13,0.155,1.099695321,1.0,0.06666666666666667,0.8,0.0
2018,7,RJ-JOD,26.2389,73.0243,0,1,0.2,0.053,1.4670566325806451,6.0,0.2903225806451613,0.5483870967741935,0.03225806451612903
2018,8,RJ-JOD,26.2389,73.0243,0,1,0.3,0.121,1.1604823280645162,6.0,0.22580645161290322,0.6774193548387096,0.0
2018,9,RJ-JOD,26.2389,73.0243,0,1,0.52,0.604,1.0746740603333331,8.0,0.0,1.0,0.0
2020,6,RJ-JOD,26.2389,73.0243,0,1,-0.18,0.455,1.3547168013333333,1.0,0.0,0.8,0.0
2020,7,RJ-JOD,26.2389,73.0243,0,1,-0.29,0.319,1.5012130690322585,2.0,0.22580645161290322,0.5483870967741935,0.0
2020,8,RJ-JOD,26.2389,73.0243,0,1,-0.43,-0.183,1.5708076487096774,8.0,0.25806451612903225,0.3870967741935484,0.0
2020,9,RJ-JOD,26.2389,73.0243,0,1,-0.77,-0.189,1.1078213236666663,4.0,0.26666666666666666,0.5666666666666667,0.0
2021,6,RJ-JOD,26.2389,73.0243,0,1,-0.31,-0.002,1.2543668813333333,1.0,0.0,1.0,0.0
2021,7,RJ-JOD,26.2389,73.0243,0,1,-0.35,-0.229,1.2697446645161292,2.0,0.0,0.6774193548387096,0.0
2021,8,RJ-JOD,26.2389,73.0243,0,1,-0.46,-0.099,1.3328496390322582,2.0,0.0,0.967741935483871,0.0
2021,9,RJ-JOD,26.2389,73.0243,0,1,-0.64,-0.058,1.16716908,3.0,0.0,0.36666666666666664,0.0
2022,6,RJ-JOD,26.2389,73.0243,0,1,-0.73,-0.335,1.7460144566666669,1.0,0.0,1.0,0.0
2022,7,RJ-JOD,26.2389,73.0243,0,1,-0.7,-0.195,0.9906527754838708,4.0,0.4838709677419355,0.1935483870967742,0.06451612903225806
2022,8,RJ-JOD,26.2389,73.0243,0,1,-0.78,-0.246,0.962351660967742,2.0,0.8064516129032258,0.16129032258064516,0.0
2022,9,RJ-JOD,26.2389,73.0243,0,1,-0.87,-0.322,0.45954351401,4.0,0.0,1.0,0.0
2023,6,RJ-JOD,26.2389,73.0243,0,1,0.73,0.665,1.1452140906,2.0,0.5,0.3,0.03333333333333333
2023,7,RJ-JOD,26.2389,73.0243,0,1,1.0,0.498,0.7976125261290323,6.0,0.45161290322580644,0.12903225806451613,0.03225806451612903
2023,8,RJ-JOD,26.2389,73.0243,0,1,1.25,0.826,0.9138732870967742,8.0,0.0,0.8709677419354839,0.0
2023,9,RJ-JOD,26.2389,73.0243,0,1,1.5,0.946,0.8482362092433333,4.0,0.23333333333333334,0.7333333333333333,0.0
1990,6,RJ-KOT,25.2138,75.8648,0,1,0.25,-0.568,0.7040596286666666,6.0,0.03333333333333333,0.7333333333333333,0.0
1990,7,RJ-KOT,25.2138,75.8648,0,1,0.26,-0.246,0.7642434731967742,1.0,0.5483870967741935,0.16129032258064516,0.0
1990,8,RJ-KOT,25.2138,75.8648,0,1,0.32,-0.391,0.8801470647322581,6.0,0.2903225806451613,0.16129032258064516,0.03225806451612903
1990,9,RJ-KOT,25.2138,75.8648,0,1,0.31,-0.183,0.775732242,3.0,0.7666666666666667,0.1,0.0
1991,6,RJ-KOT,25.2138,75.8648,0,1,0.63,0.263,1.4334286633333333,5.0,0.0,1.0,0.0
1991,7,RJ-KOT,25.2138,75.8648,0,1,0.77,0.269,0.6487244419290323,6.0,0.3225806451612903,0.41935483870967744,0.03225806451612903
1991,8,RJ-KOT,25.2138,75.8648,0,1,0.67,0.058,1.2953001661290322,5.0,0.45161290322580644,0.45161290322580644,0.03225806451612903
1991,9,RJ-KOT,25.2138,75.8648,0,1,0.72,0.099,1.3728957676666669,8.0,0.26666666666666666,0.7333333333333333,0.0
1992,6,RJ-KOT,25.2138,75.8648,0,1,0.72,-0.861,1.0309609286666666,3.0,0.0,1.0,0.0
1992,7,RJ-KOT,25.2138,75.8648,0,1,0.35,-0.479,1.032042581935484,3.0,0.16129032258064516,0.5161290322580645,0.0
1992,8,RJ-KOT,25.2138,75.8648,0,1,0.08,-0.768,0.7930089680645162,5.0,0.7419354838709677,0.12903225806451613,0.0
1992,9,RJ-KOT,25.2138,75.8648,0,1,-0.15,-0.833,1.1277177353333334,2.0,0.3333333333333333,0.5666666666666667,0.0
1993,6,RJ-KOT,25.2138,75.8648,0,1,0.56,-0.108,1.5129156700000002,8.0,0.43333333333333335,0.5333333333333333,0.0
1993,7,RJ-KOT,25.2138,75.8648,0,1,0.28,-0.152,0.8503892948387097,5.0,0.5161290322580645,0.22580645161290322,0.0
1993,8,RJ-KOT,25.2138,75.8648,0,1,0.22,-0.306,0.9336245306,1.0,0.45161290322580644,0.3870967741935484,0.0
1993,9,RJ-KOT,25.2138,75.8648,0,1,0.2,-0.17,0.4647173026666666,2.0,0.8666666666666667,0.03333333333333333,0.0
1995,6,RJ-KOT,25.2138,75.8648,0,1,-0.11,-0.078,0.8386585686666667,2.0,0.0,1.0,0.0
1995,7,RJ-KOT,25.2138,75.8648,0,1,-0.3,-0.169,1.3968855583870967,2.0,0.5161290322580645,0.3548387096774194,0.0
1995,8,RJ-KOT,25.2138,75.8648,0,1,-0.55,-0.144,1.3320209096774194,2.0,0.7096774193548387,0.1935483870967742,0.03225806451612903
1995,9,RJ-KOT,25.2138,75.8648,0,1,-0.81,-0.18,1.0134717556666666,5.0,0.3,0.6666666666666666,0.0
1996,6,RJ-KOT,25.2138,75.8648,0,1,-0.24,-0.395,1.5769545686666668,3.0,0.0,1.0,0.0
1996,7,RJ-KOT,25.2138,75.8648,0,1,-0.22,-0.644,1.590457191935484,6.0,0.3225806451612903,0.4838709677419355,0.0
1996,8,RJ-KOT,25.2138,75.8648,0,1,-0.27,-0.681,1.0089208741935485,3.0,0.6774193548387096,0.12903225806451613,0.06451612903225806
1996,9,RJ-KOT,25.2138,75.8648,0,1,-0.3,-0.712,1.0609203293333334,5.0,0.23333333333333334,0.43333333333333335,0.0
1998,6,RJ-KOT,25.2138,75.8648,0,1,-0.08,0.147,0.921335034,3.0,0.0,0.7333333333333333,0.0
1998,7,RJ-KOT,25.2138,75.8648,0,1,-0.63,-0.385,0.75393639,2.0,0.5483870967741935,0.3225806451612903,0.0
1998,8,RJ-KOT,25.2138,75.8648,0,1,-0.83,-0.58,1.00514719,2.0,0.1935483870967742,0.5161290322580645,0.0
1998,9,RJ-KOT,25.2138,75.8648,0,1,-1.02,-0.496,1.4218518516666667,8.0,0.43333333333333335,0.4666666666666667,0.0
2002,6,RJ-KOT,25.2138,75.8648,0,1,0.45,-0.189,1.8803833166666664,2.0,0.0,0.8,0.0
2002,7,RJ-KOT,25.2138,75.8648,0,1,0.57,-0.261,1.7221574980645162,8.0,0.0,0.7741935483870968,0.0
2002,8,RJ-KOT,25.2138,75.8648,0,1,0.63,-0.208,1.420236031935484,8.0,0.41935483870967744,0.3225806451612903,0.0
2002,9,RJ-KOT,25.2138,75.8648,0,1,0.78,0.286,0.7018471730000001,2.0,0.13333333333333333,0.7666666666666667,0.0
2003,6,RJ-KOT,25.2138,75.8648,0,1,-0.13,0.139,1.65106069,1.0,0.23333333333333334,0.7,0.0
2003,7,RJ-KOT,25.2138,75.8648,0,1,0.09,0.131,0.992855799032258,2.0,0.6129032258064516,0.12903225806451613,0.0
2003,8,RJ-KOT,25.2138,75.8648,0,1,0.14,0.108,0.6039936987096773,6.0,0.1935483870967742,0.45161290322580644,0.0
2003,9,RJ-KOT,25.2138,75.8648,0,1,0.23,-0.06,0.7902776976666667,4.0,0.2,0.3333333333333333,0.0
2004,6,RJ-KOT,25.2138,75.8648,0,1,0.22,-0.384,1.0188708323333333,7.0,0.0,0.7,0.0
2004,7,RJ-KOT,25.2138,75.8648,0,1,0.39,-0.301,1.611224959354839,1.0,0.16129032258064516,0.41935483870967744,0.0
2004,8,RJ-KOT,25.2138,75.8648,0,1,0.54,-0.133,1.2484562670967745,6.0,0.967741935483871,0.0,0.03225806451612903
2004,9,RJ-KOT,25.2138,75.8648,0,1,0.58,-0.106,1.438454236,2.0,0.0,1.0,0.0
2005,6,RJ-KOT,25.2138,75.8648,0,1,0.09,-0.176,0.7345759723333334,2.0,0.0,0.8666666666666667,0.0
2005,7,RJ-KOT,25.2138,75.8648,0,1,-0.04,-0.384,1.029081502903226,2.0,0.7741935483870968,0.0967741935483871,0.0
2005,8,RJ-KOT,25.2138,75.8648,0,1,-0.14,-0.345,0.939736100967742,1.0,0.0967741935483871,0.6451612903225806,0.0
2005,9,RJ-KOT,25.2138,75.8648,0,1,-0.11,-0.534,1.522602815,8.0,0.23333333333333334,0.36666666666666664,0.0
2007,6,RJ-KOT,25.2138,75.8648,0,1,-0.41,0.031,1.3529915246666666,2.0,0.1,0.7,0.03333333333333333
2007,7,RJ-KOT,25.2138,75.8648,0,1,-0.49,0.045,1.3795319935483872,1.0,0.7741935483870968,0.22580645161290322,0.0
2007,8,RJ-KOT,25.2138,75.8648,0,1,-0.77,0.237,0.8762567774193548,2.0,0.45161290322580644,0.2903225806451613,0.0
2007,9,RJ-KOT,25.2138,75.8648,0,1,-1.05,0.235,1.1761283893333332,5.0,0.6,0.3,0.0
2008,6,RJ-KOT,25.2138,75.8648,0,1,-0.56,0.215,0.953116955,3.0,0.3333333333333333,0.4,0.0
2008,7,RJ-KOT,25.2138,75.8648,0,1,-0.33,0.246,1.2312710548387096,1.0,0.45161290322580644,0.3548387096774194,0.03225806451612903
2008,8,RJ-KOT,25.2138,75.8648,0,1,-0.2,0.124,1.211697393548387,2.0,0.3548387096774194,0.3548387096774194,0.0
2008,9,RJ-KOT,25.2138,75.8648,0,1,-0.25,0.086,1.446583400333333,5.0,0.3,0.36666666666666664,0.0
2009,6,RJ-KOT,25.2138,75.8648,0,1,0.34,0.1,1.4584701413333332,8.0,0.0,0.8666666666666667,0.0
2009,7,RJ-KOT,25.2138,75.8648,0,1,0.5,-0.192,0.6150665787096774,5.0,0.7096774193548387,0.22580645161290322,0.03225806451612903
2009,8,RJ-KOT,25.2138,75.8648,0,1,0.56,-0.104,1.12875141,1.0,0.2903225806451613,0.5161290322580645,0.0
2009,9,RJ-KOT,25.2138,75.8648,0,1,0.66,-0.103,1.6812911126666668,4.0,0.13333333333333333,0.8333333333333334,0.0
2010,6,RJ-KOT,25.2138,75.8648,0,1,-0.66,-0.14,1.285590429,2.0,0.0,0.9,0.0
2010,7,RJ-KOT,25.2138,75.8648,0,1,-0.98,-0.001,1.663601914516129,1.0,0.3548387096774194,0.16129032258064516,0.0
2010,8,RJ-KOT,25.2138,75.8648,0,1,-1.24,-0.061,0.747917844516129,1.0,0.8709677419354839,0.0,0.0
2010,9,RJ-KOT,25.2138,75.8648,0,1,-1.43,-0.267,0.8091414173333332,1.0,0.23333333333333334,0.43333333333333335,0.03333333333333333
2011,6,RJ-KOT,25.2138,75.8648,0,1,-0.34,0.055,0.6791252076666666,2.0,0.26666666666666666,0.5,0.1
2011,7,RJ-KOT,25.2138,75.8648,0,1,-0.37,0.223,1.0109919648387098,1.0,0.7741935483870968,0.0,0.0
2011,8,RJ-KOT,25.2138,75.8648,0,1,-0.5,0.344,1.011544473516129,2.0,0.6451612903225806,0.1935483870967742,0.0
2011,9,RJ-KOT,25.2138,75.8648,0,1,-0.76,0.202,0.9066917783333334,3.0,0.7333333333333333,0.23333333333333334,0.0
2014,6,RJ-KOT,25.2138,75.8648,0,1,0.22,-0.028,1.108679051,4.0,0.0,1.0,0.0
2014,7,RJ-KOT,25.2138,75.8648,0,1,0.07,-0.363,1.1528067432258065,6.0,0.45161290322580644,0.41935483870967744,0.0
2014,8,RJ-KOT,25.2138,75.8648,0,1,0.07,-0.372,1.2150309538709676,2.0,0.6129032258064516,0.3548387096774194,0.03225806451612903
2014,9,RJ-KOT,25.2138,75.8648,0,1,0.24,-0.145,0.649377995,4.0,0.4666666666666667,0.4,0.0
2015,6,RJ-KOT,25.2138,75.8648,0,1,1.19,0.296,1.992920383333333,4.0,0.1,0.5666666666666667,0.0
2015,7,RJ-KOT,25.2138,75.8648,0,1,1.44,0.225,1.837990334516129,7.0,0.7419354838709677,0.0967741935483871,0.03225806451612903
2015,8,RJ-KOT,25.2138,75.8648,0,1,1.73,0.568,0.8428048241935484,8.0,0.5483870967741935,0.41935483870967744,0.03225806451612903
2015,9,RJ-KOT,25.2138,75.8648,0,1,2.02,0.294,0.62977513528,1.0,0.0,1.0,0.0
2016,6,RJ-KOT,25.2138,75.8648,0,1,0.09,-0.443,1.5598082686666668,4.0,0.0,0.8666666666666667,0.0
2016,7,RJ-KOT,25.2138,75.8648,0,1,-0.19,-0.757,1.0086871877419354,2.0,0.8387096774193549,0.06451612903225806,0.0
2016,8,RJ-KOT,25.2138,75.8648,0,1,-0.34,-0.443,1.3634238690322582,6.0,0.8709677419354839,0.03225806451612903,0.0967741935483871
2016,9,RJ-KOT,25.2138,75.8648,0,1,-0.42,-0.437,0.9987363606666668,5.0,0.26666666666666666,0.7,0.0
2017,6,RJ-KOT,25.2138,75.8648,0,1,0.32,0.424,1.010765505,1.0,0.3,0.7,0.0
2017,7,RJ-KOT,25.2138,75.8648,0,1,0.14,0.52,1.0194311058064516,3.0,0.5161290322580645,0.2903225806451613,0.0
2017,8,RJ-KOT,25.2138,75.8648,0,1,-0.07,0.349,0.560064344016129,2.0,0.25806451612903225,0.3225806451612903,0.03225806451612903
2017,9,RJ-KOT,25.2138,75.8648,0,1,-0.23,0.035,0.5864452456666667,4.0,0.0,0.7,0.0
2018,6,RJ-KOT,25.2138,75.8648,0,1,0.13,0.155,1.099695321,1.0,0.06666666666666667,0.6333333333333333,0.0
2018,7,RJ-KOT,25.2138,75.8648,0,1,0.2,0.053,1.4670566325806451,6.0,0.7096774193548387,0.16129032258064516,0.0
2018,8,RJ-KOT,25.2138,75.8648,0,1,0.3,0.121,1.1604823280645162,6.0,0.4838709677419355,0.25806451612903225,0.0
2018,9,RJ-KOT,25.2138,75.8648,0,1,0.52,0.604,1.0746740603333331,8.0,0.26666666666666666,0.26666666666666666,0.03333333333333333
2020,6,RJ-KOT,25.2138,75.8648,0,1,-0.18,0.455,1.3547168013333333,1.0,0.06666666666666667,0.6,0.0
2020,7,RJ-KOT,25.2138,75.8648,0,1,-0.29,0.319,1.5012130690322585,2.0,0.06451612903225806,0.3548387096774194,0.0
2020,8,RJ-KOT,25.2138,75.8648,0,1,-0.43,-0.183,1.5708076487096774,8.0,0.9354838709677419,0.0,0.0
2020,9,RJ-KOT,25.2138,75.8648,0,1,-0.77,-0.189,1.1078213236666663,4.0,0.4666666666666667,0.5333333333333333,0.0
2021,6,RJ-KOT,25.2138,75.8648,0,1,-0.31,-0.002,1.2543668813333333,1.0,0.0,0.8666666666666667,0.0
2021,7,RJ-KOT,25.2138,75.8648,0,1,-0.35,-0.229,1.2697446645161292,2.0,0.5161290322580645,0.2903225806451613,0.03225806451612903
2021,8,RJ-KOT,25.2138,75.8648,0,1,-0.46,-0.099,1.3328496390322582,2.0,0.6451612903225806,0.25806451612903225,0.0967741935483871
2021,9,RJ-KOT,25.2138,75.8648,0,1,-0.64,-0.058,1.16716908,3.0,0.8333333333333334,0.0,0.03333333333333333
2022,6,RJ-KOT,25.2138,75.8648,0,1,-0.73,-0.335,1.7460144566666669,1.0,0.3,0.6,0.0
2022,7,RJ-KOT,25.2138,75.8648,0,1,-0.7,-0.195,0.9906527754838708,4.0,1.0,0.0,0.0
2022,8,RJ-KOT,25.2138,75.8648,0,1,-0.78,-0.246,0.962351660967742,2.0,0.8709677419354839,0.06451612903225806,0.03225806451612903
2022,9,RJ-KOT,25.2138,75.8648,0,1,-0.87,-0.322,0.45954351401,4.0,0.23333333333333334,0.36666666666666664,0.0
2023,6,RJ-KOT,25.2138,75.8648,0,1,0.73,0.665,1.1452140906,2.0,0.2,0.6666666666666666,0.0
2023,7,RJ-KOT,25.2138,75.8648,0,1,1.0,0.498,0.7976125261290323,6.0,0.7741935483870968,0.0,0.0
2023,8,RJ-KOT,25.2138,75.8648,0,1,1.25,0.826,0.9138732870967742,8.0,0.0967741935483871,0.7419354838709677,0.0
2023,9,RJ-KOT,25.2138,75.8648,0,1,1.5,0.946,0.8482362092433333,4.0,0.23333333333333334,0.6,0.0
1990,6,RJ-UDA,24.5854,73.7125,0,1,0.25,-0.568,0.7040596286666666,6.0,0.16666666666666666,0.5666666666666667,0.0
1990,7,RJ-UDA,24.5854,73.7125,0,1,0.26,-0.246,0.7642434731967742,1.0,0.41935483870967744,0.22580645161290322,0.0
1990,8,RJ-UDA,24.5854,73.7125,0,1,0.32,-0.391,0.8801470647322581,6.0,0.7096774193548387,0.16129032258064516,0.0
1990,9,RJ-UDA,24.5854,73.7125,0,1,0.31,-0.183,0.775732242,3.0,0.4,0.26666666666666666,0.0
1991,6,RJ-UDA,24.5854,73.7125,0,1,0.63,0.263,1.4334286633333333,5.0,0.0,0.7333333333333333,0.0
1991,7,RJ-UDA,24.5854,73.7125,0,1,0.77,0.269,0.6487244419290323,6.0,0.6774193548387096,0.3225806451612903,0.0
1991,8,RJ-UDA,24.5854,73.7125,0,1,0.67,0.058,1.2953001661290322,5.0,0.25806451612903225,0.25806451612903225,0.0
1991,9,RJ-UDA,24.5854,73.7125,0,1,0.72,0.099,1.3728957676666669,8.0,0.0,1.0,0.0
1992,6,RJ-UDA,24.5854,73.7125,0,1,0.72,-0.861,1.0309609286666666,3.0,0.23333333333333334,0.43333333333333335,0.0
1992,7,RJ-UDA,24.5854,73.7125,0,1,0.35,-0.479,1.032042581935484,3.0,0.45161290322580644,0.3548387096774194,0.03225806451612903
1992,8,RJ-UDA,24.5854,73.7125,0,1,0.08,-0.768,0.7930089680645162,5.0,0.45161290322580644,0.1935483870967742,0.0
1992,9,RJ-UDA,24.5854,73.7125,0,1,-0.15,-0.833,1.1277177353333334,2.0,0.43333333333333335,0.5333333333333333,0.0
1993,6,RJ-UDA,24.5854,73.7125,0,1,0.56,-0.108,1.5129156700000002,8.0,0.06666666666666667,0.8333333333333334,0.0
1993,7,RJ-UDA,24.5854,73.7125,0,1,0.28,-0.152,0.8503892948387097,5.0,0.7419354838709677,0.22580645161290322,0.0
1993,8,RJ-UDA,24.5854,73.7125,0,1,0.22,-0.306,0.9336245306,1.0,0.2903225806451613,0.45161290322580644,0.0
1993,9,RJ-UDA,24.5854,73.7125,0,1,0.2,-0.17,0.4647173026666666,2.0,0.03333333333333333,0.8,0.0
1995,6,RJ-UDA,24.5854,73.7125,0,1,-0.11,-0.078,0.8386585686666667,2.0,0.0,1.0,0.0
1995,7,RJ-UDA,24.5854,73.7125,0,1,-0.3,-0.169,1.3968855583870967,2.0,0.5161290322580645,0.4838709677419355,0.0
1995,8,RJ-UDA,24.5854,73.7125,0,1,-0.55,-0.144,1.3320209096774194,2.0,0.3870967741935484,0.5483870967741935,0.0
1995,9,RJ-UDA,24.5854,73.7125,0,1,-0.81,-0.18,1.0134717556666666,5.0,0.0,0.8,0.0
1996,6,RJ-UDA,24.5854,73.7125,0,1,-0.24,-0.395,1.5769545686666668,3.0,0.16666666666666666,0.6333333333333333,0.0
1996,7,RJ-UDA,24.5854,73.7125,0,1,-0.22,-0.644,1.590457191935484,6.0,0.5161290322580645,0.4838709677419355,0.03225806451612903
1996,8,RJ-UDA,24.5854,73.7125,0,1,-0.27,-0.681,1.0089208741935485,3.0,0.0967741935483871,0.41935483870967744,0.0
1996,9,RJ-UDA,24.5854,73.7125,0,1,-0.3,-0.712,1.0609203293333334,5.0,0.4666666666666667,0.4666666666666667,0.0
1998,6,RJ-UDA,24.5854,73.7125,0,1,-0.08,0.147,0.921335034,3.0,0.0,0.7666666666666667,0.0
1998,7,RJ-UDA,24.5854,73.7125,0,1,-0.63,-0.385,0.75393639,2.0,0.0,0.7419354838709677,0.0
1998,8,RJ-UDA,24.5854,73.7125,0,1,-0.83,-0.58,1.00514719,2.0,0.0967741935483871,0.3870967741935484,0.0
1998,9,RJ-UDA,24.5854,73.7125,0,1,-1.02,-0.496,1.4218518516666667,8.0,0.23333333333333334,0.5666666666666667,0.0
2002,6,RJ-UDA,24.5854,73.7125,0,1,0.45,-0.189,1.8803833166666664,2.0,0.1,0.8333333333333334,0.0
2002,7,RJ-UDA,24.5854,73.7125,0,1,0.57,-0.261,1.7221574980645162,8.0,0.12903225806451613,0.8387096774193549,0.0
2002,8,RJ-UDA,24.5854,73.7125,0,1,0.63,-0.208,1.420236031935484,8.0,0.6129032258064516,0.2903225806451613,0.0
2002,9,RJ-UDA,24.5854,73.7125,0,1,0.78,0.286,0.7018471730000001,2.0,0.06666666666666667,0.6666666666666666,0.0
2003,6,RJ-UDA,24.5854,73.7125,0,1,-0.13,0.139,1.65106069,1.0,0.23333333333333334,0.7333333333333333,0.0
2003,7,RJ-UDA,24.5854,73.7125,0,1,0.09,0.131,0.992855799032258,2.0,0.25806451612903225,0.25806451612903225,0.03225806451612903
2003,8,RJ-UDA,24.5854,73.7125,0,1,0.14,0.108,0.6039936987096773,6.0,0.3548387096774194,0.45161290322580644,0.0
2003,9,RJ-UDA,24.5854,73.7125,0,1,0.23,-0.06,0.7902776976666667,4.0,0.3333333333333333,0.43333333333333335,0.0
2004,6,RJ-UDA,24.5854,73.7125,0,1,0.22,-0.384,1.0188708323333333,7.0,0.0,0.7666666666666667,0.0
2004,7,RJ-UDA,24.5854,73.7125,0,1,0.39,-0.301,1.611224959354839,1.0,0.25806451612903225,0.3225806451612903,0.03225806451612903
2004,8,RJ-UDA,24.5854,73.7125,0,1,0.54,-0.133,1.2484562670967745,6.0,0.8064516129032258,0.06451612903225806,0.0
2004,9,RJ-UDA,24.5854,73.7125,0,1,0.58,-0.106,1.438454236,2.0,0.16666666666666666,0.7333333333333333,0.0
2005,6,RJ-UDA,24.5854,73.7125,0,1,0.09,-0.176,0.7345759723333334,2.0,0.0,0.9,0.0
2005,7,RJ-UDA,24.5854,73.7125,0,1,-0.04,-0.384,1.029081502903226,2.0,0.1935483870967742,0.5483870967741935,0.03225806451612903
2005,8,RJ-UDA,24.5854,73.7125,0,1,-0.14,-0.345,0.939736100967742,1.0,0.2903225806451613,0.4838709677419355,0.03225806451612903
2005,9,RJ-UDA,24.5854,73.7125,0,1,-0.11,-0.534,1.522602815,8.0,0.6666666666666666,0.23333333333333334,0.0
2007,6,RJ-UDA,24.5854,73.7125,0,1,-0.41,0.031,1.3529915246666666,2.0,0.23333333333333334,0.7333333333333333,0.0
2007,7,RJ-UDA,24.5854,73.7125,0,1,-0.49,0.045,1.3795319935483872,1.0,0.41935483870967744,0.4838709677419355,0.0
2007,8,RJ-UDA,24.5854,73.7125,0,1,-0.77,0.237,0.8762567774193548,2.0,0.6451612903225806,0.16129032258064516,0.0
2007,9,RJ-UDA,24.5854,73.7125,0,1,-1.05,0.235,1.1761283893333332,5.0,0.16666666666666666,0.8,0.0
2008,6,RJ-UDA,24.5854,73.7125,0,1,-0.56,0.215,0.953116955,3.0,0.0,0.6666666666666666,0.0
2008,7,RJ-UDA,24.5854,73.7125,0,1,-0.33,0.246,1.2312710548387096,1.0,0.4838709677419355,0.3225806451612903,0.0
2008,8,RJ-UDA,24.5854,73.7125,0,1,-0.2,0.124,1.211697393548387,2.0,0.5806451612903226,0.22580645161290322,0.0
2008,9,RJ-UDA,24.5854,73.7125,0,1,-0.25,0.086,1.446583400333333,5.0,0.23333333333333334,0.5666666666666667,0.0
2009,6,RJ-UDA,24.5854,73.7125,0,1,0.34,0.1,1.4584701413333332,8.0,0.2,0.4666666666666667,0.0
2009,7,RJ-UDA,24.5854,73.7125,0,1,0.5,-0.192,0.6150665787096774,5.0,0.6451612903225806,0.2903225806451613,0.03225806451612903
2009,8,RJ-UDA,24.5854,73.7125,0,1,0.56,-0.104,1.12875141,1.0,0.3548387096774194,0.5161290322580645,0.03225806451612903
2009,9,RJ-UDA,24.5854,73.7125,0,1,0.66,-0.103,1.6812911126666668,4.0,0.16666666666666666,0.6666666666666666,0.0
2010,6,RJ-UDA,24.5854,73.7125,0,1,-0.66,-0.14,1.285590429,2.0,0.13333333333333333,0.8666666666666667,0.0
2010,7,RJ-UDA,24.5854,73.7125,0,1,-0.98,-0.001,1.663601914516129,1.0,0.5483870967741935,0.45161290322580644,0.03225806451612903
2010,8,RJ-UDA,24.5854,73.7125,0,1,-1.24,-0.061,0.747917844516129,1.0,0.8709677419354839,0.0,0.06451612903225806
2010,9,RJ-UDA,24.5854,73.7125,0,1,-1.43,-0.267,0.8091414173333332,1.0,0.4666666666666667,0.36666666666666664,0.03333333333333333
2011,6,RJ-UDA,24.5854,73.7125,0,1,-0.34,0.055,0.6791252076666666,2.0,0.0,0.8,0.0
2011,7,RJ-UDA,24.5854,73.7125,0,1,-0.37,0.223,1.0109919648387098,1.0,0.6129032258064516,0.1935483870967742,0.0
2011,8,RJ-UDA,24.5854,73.7125,0,1,-0.5,0.344,1.011544473516129,2.0,0.8709677419354839,0.0,0.0
2011,9,RJ-UDA,24.5854,73.7125,0,1,-0.76,0.202,0.9066917783333334,3.0,0.5666666666666667,0.16666666666666666,0.03333333333333333
2014,6,RJ-UDA,24.5854,73.7125,0,1,0.22,-0.028,1.108679051,4.0,0.0,1.0,0.0
2014,7,RJ-UDA,24.5854,73.7125,0,1,0.07,-0.363,1.1528067432258065,6.0,0.45161290322580644,0.4838709677419355,0.0
2014,8,RJ-UDA,24.5854,73.7125,0,1,0.07,-0.372,1.2150309538709676,2.0,0.5806451612903226,0.22580645161290322,0.0
2014,9,RJ-UDA,24.5854,73.7125,0,1,0.24,-0.145,0.649377995,4.0,0.5333333333333333,0.36666666666666664,0.0
2015,6,RJ-UDA,24.5854,73.7125,0,1,1.19,0.296,1.992920383333333,4.0,0.03333333333333333,0.3,0.0
2015,7,RJ-UDA,24.5854,73.7125,0,1,1.44,0.225,1.837990334516129,7.0,0.3870967741935484,0.6129032258064516,0.03225806451612903
2015,8,RJ-UDA,24.5854,73.7125,0,1,1.73,0.568,0.8428048241935484,8.0,0.4838709677419355,0.45161290322580644,0.03225806451612903
2015,9,RJ-UDA,24.5854,73.7125,0,1,2.02,0.294,0.62977513528,1.0,0.0,0.7666666666666667,0.0
2016,6,RJ-UDA,24.5854,73.7125,0,1,0.09,-0.443,1.5598082686666668,4.0,0.06666666666666667,0.7666666666666667,0.0
2016,7,RJ-UDA,24.5854,73.7125,0,1,-0.19,-0.757,1.0086871877419354,2.0,0.6774193548387096,0.12903225806451613,0.0
2016,8,RJ-UDA,24.5854,73.7125,0,1,-0.34,-0.443,1.3634238690322582,6.0,0.7741935483870968,0.16129032258064516,0.0
2016,9,RJ-UDA,24.5854,73.7125,0,1,-0.42,-0.437,0.9987363606666668,5.0,0.1,0.7666666666666667,0.0
2017,6,RJ-UDA,24.5854,73.7125,0,1,0.32,0.424,1.010765505,1.0,0.3,0.5,0.0
2017,7,RJ-UDA,24.5854,73.7125,0,1,0.14,0.52,1.0194311058064516,3.0,0.7419354838709677,0.1935483870967742,0.0
2017,8,RJ-UDA,24.5854,73.7125,0,1,-0.07,0.349,0.560064344016129,2.0,0.3548387096774194,0.5806451612903226,0.0
2017,9,RJ-UDA,24.5854,73.7125,0,1,-0.23,0.035,0.5864452456666667,4.0,0.3,0.5333333333333333,0.0
2018,6,RJ-UDA,24.5854,73.7125,0,1,0.13,0.155,1.099695321,1.0,0.13333333333333333,0.8333333333333334,0.0
2018,7,RJ-UDA,24.5854,73.7125,0,1,0.2,0.053,1.4670566325806451,6.0,0.6129032258064516,0.1935483870967742,0.0
2018,8,RJ-UDA,24.5854,73.7125,0,1,0.3,0.121,1.1604823280645162,6.0,0.3225806451612903,0.3548387096774194,0.0
2018,9,RJ-UDA,24.5854,73.7125,0,1,0.52,0.604,1.0746740603333331,8.0,0.13333333333333333,0.3333333333333333,0.0
2020,6,RJ-UDA,24.5854,73.7125,0,1,-0.18,0.455,1.3547168013333333,1.0,0.0,0.6666666666666666,0.0
2020,7,RJ-UDA,24.5854,73.7125,0,1,-0.29,0.319,1.5012130690322585,2.0,0.2903225806451613,0.22580645161290322,0.0
2020,8,RJ-UDA,24.5854,73.7125,0,1,-0.43,-0.183,1.5708076487096774,8.0,1.0,0.0,0.03225806451612903
2020,9,RJ-UDA,24.5854,73.7125,0,1,-0.77,-0.189,1.1078213236666663,4.0,0.6666666666666666,0.1,0.0
2021,6,RJ-UDA,24.5854,73.7125,0,1,-0.31,-0.002,1.2543668813333333,1.0,0.0,0.5,0.0
2021,7,RJ-UDA,24.5854,73.7125,0,1,-0.35,-0.229,1.2697446645161292,2.0,0.22580645161290322,0.5483870967741935,0.0
2021,8,RJ-UDA,24.5854,73.7125,0,1,-0.46,-0.099,1.3328496390322582,2.0,0.0967741935483871,0.2903225806451613,0.0
2021,9,RJ-UDA,24.5854,73.7125,0,1,-0.64,-0.058,1.16716908,3.0,0.8,0.0,0.0
2022,6,RJ-UDA,24.5854,73.7125,0,1,-0.73,-0.335,1.7460144566666669,1.0,0.0,0.8666666666666667,0.0
2022,7,RJ-UDA,24.5854,73.7125,0,1,-0.7,-0.195,0.9906527754838708,4.0,0.7419354838709677,0.06451612903225806,0.0
2022,8,RJ-UDA,24.5854,73.7125,0,1,-0.78,-0.246,0.962351660967742,2.0,0.8387096774193549,0.16129032258064516,0.03225806451612903
2022,9,RJ-UDA,24.5854,73.7125,0,1,-0.87,-0.322,0.45954351401,4.0,0.0,0.5666666666666667,0.0
2023,6,RJ-UDA,24.5854,73.7125,0,1,0.73,0.665,1.1452140906,2.0,0.36666666666666664,0.3333333333333333,0.0
2023,7,RJ-UDA,24.5854,73.7125,0,1,1.0,0.498,0.7976125261290323,6.0,0.9032258064516129,0.0,0.0
2023,8,RJ-UDA,24.5854,73.7125,0,1,1.25,0.826,0.9138732870967742,8.0,0.25806451612903225,0.6451612903225806,0.03225806451612903
2023,9,RJ-UDA,24.5854,73.7125,0,1,1.5,0.946,0.8482362092433333,4.0,0.43333333333333335,0.5,0.0
1990,6,RJ-GAN,29.9038,73.8772,0,1,0.25,-0.568,0.7040596286666666,6.0,0.0,0.7666666666666667,0.0
1990,7,RJ-GAN,29.9038,73.8772,0,1,0.26,-0.246,0.7642434731967742,1.0,0.3870967741935484,0.5161290322580645,0.0
1990,8,RJ-GAN,29.9038,73.8772,0,1,0.32,-0.391,0.8801470647322581,6.0,0.0,0.8709677419354839,0.0
1990,9,RJ-GAN,29.9038,73.8772,0,1,0.31,-0.183,0.775732242,3.0,0.23333333333333334,0.6,0.0
1991,6,RJ-GAN,29.9038,73.8772,0,1,0.63,0.263,1.4334286633333333,5.0,0.43333333333333335,0.5333333333333333,0.0
1991,7,RJ-GAN,29.9038,73.8772,0,1,0.77,0.269,0.6487244419290323,6.0,0.0,1.0,0.0
1991,8,RJ-GAN,29.9038,73.8772,0,1,0.67,0.058,1.2953001661290322,5.0,0.0,1.0,0.0
1991,9,RJ-GAN,29.9038,73.8772,0,1,0.72,0.099,1.3728957676666669,8.0,0.0,0.7666666666666667,0.0
1992,6,RJ-GAN,29.9038,73.8772,0,1,0.72,-0.861,1.0309609286666666,3.0,0.0,1.0,0.0
1992,7,RJ-GAN,29.9038,73.8772,0,1,0.35,-0.479,1.032042581935484,3.0,0.22580645161290322,0.3225806451612903,0.0
1992,8,RJ-GAN,29.9038,73.8772,0,1,0.08,-0.768,0.7930089680645162,5.0,0.22580645161290322,0.5161290322580645,0.0
1992,9,RJ-GAN,29.9038,73.8772,0,1,-0.15,-0.833,1.1277177353333334,2.0,0.23333333333333334,0.5666666666666667,0.0
1993,6,RJ-GAN,29.9038,73.8772,0,1,0.56,-0.108,1.5129156700000002,8.0,0.0,0.8666666666666667,0.0
1993,7,RJ-GAN,29.9038,73.8772,0,1,0.28,-0.152,0.8503892948387097,5.0,0.22580645161290322,0.3548387096774194,0.0
1993,8,RJ-GAN,29.9038,73.8772,0,1,0.22,-0.306,0.9336245306,1.0,0.0,1.0,0.0
1993,9,RJ-GAN,29.9038,73.8772,0,1,0.2,-0.17,0.4647173026666666,2.0,0.0,0.8333333333333334,0.0
1995,6,RJ-GAN,29.9038,73.8772,0,1,-0.11,-0.078,0.8386585686666667,2.0,0.16666666666666666,0.7666666666666667,0.0
1995,7,RJ-GAN,29.9038,73.8772,0,1,-0.3,-0.169,1.3968855583870967,2.0,0.22580645161290322,0.7419354838709677,0.03225806451612903
1995,8,RJ-GAN,29.9038,73.8772,0,1,-0.55,-0.144,1.3320209096774194,2.0,0.41935483870967744,0.2903225806451613,0.0
1995,9,RJ-GAN,29.9038,73.8772,0,1,-0.81,-0.18,1.0134717556666666,5.0,0.0,1.0,0.0
1996,6,RJ-GAN,29.9038,73.8772,0,1,-0.24,-0.395,1.5769545686666668,3.0,0.23333333333333334,0.7,0.0
1996,7,RJ-GAN,29.9038,73.8772,0,1,-0.22,-0.644,1.590457191935484,6.0,0.0,0.5806451612903226,0.0
1996,8,RJ-GAN,29.9038,73.8772,0,1,-0.27,-0.681,1.0089208741935485,3.0,0.22580645161290322,0.5483870967741935,0.0
1996,9,RJ-GAN,29.9038,73.8772,0,1,-0.3,-0.712,1.0609203293333334,5.0,0.0,1.0,0.0
1998,6,RJ-GAN,29.9038,73.8772,0,1,-0.08,0.147,0.921335034,3.0,0.0,0.7666666666666667,0.0
1998,7,RJ-GAN,29.9038,73.8772,0,1,-0.63,-0.385,0.75393639,2.0,0.22580645161290322,0.7741935483870968,0.0
1998,8,RJ-GAN,29.9038,73.8772,0,1,-0.83,-0.58,1.00514719,2.0,0.0,0.7741935483870968,0.0
1998,9,RJ-GAN,29.9038,73.8772,0,1,-1.02,-0.496,1.4218518516666667,8.0,0.23333333333333334,0.7666666666666667,0.03333333333333333
2002,6,RJ-GAN,29.9038,73.8772,0,1,0.45,-0.189,1.8803833166666664,2.0,0.06666666666666667,0.4666666666666667,0.0
2002,7,RJ-GAN,29.9038,73.8772,0,1,0.57,-0.261,1.7221574980645162,8.0,0.0,1.0,0.0
2002,8,RJ-GAN,29.9038,73.8772,0,1,0.63,-0.208,1.420236031935484,8.0,0.0,1.0,0.0
2002,9,RJ-GAN,29.9038,73.8772,0,1,0.78,0.286,0.7018471730000001,2.0,0.0,0.7666666666666667,0.0
2003,6,RJ-GAN,29.9038,73.8772,0,1,-0.13,0.139,1.65106069,1.0,0.03333333333333333,0.9666666666666667,0.0
2003,7,RJ-GAN,29.9038,73.8772,0,1,0.09,0.131,0.992855799032258,2.0,0.6451612903225806,0.25806451612903225,0.0
2003,8,RJ-GAN,29.9038,73.8772,0,1,0.14,0.108,0.6039936987096773,6.0,0.1935483870967742,0.7096774193548387,0.0
2003,9,RJ-GAN,29.9038,73.8772,0,1,0.23,-0.06,0.7902776976666667,4.0,0.06666666666666667,0.6333333333333333,0.0
2004,6,RJ-GAN,29.9038,73.8772,0,1,0.22,-0.384,1.0188708323333333,7.0,0.3333333333333333,0.6333333333333333,0.0
2004,7,RJ-GAN,29.9038,73.8772,0,1,0.39,-0.301,1.611224959354839,1.0,0.03225806451612903,0.9354838709677419,0.0
2004,8,RJ-GAN,29.9038,73.8772,0,1,0.54,-0.133,1.2484562670967745,6.0,0.0,0.7741935483870968,0.0
2004,9,RJ-GAN,29.9038,73.8772,0,1,0.58,-0.106,1.438454236,2.0,0.0,1.0,0.0
2005,6,RJ-GAN,29.9038,73.8772,0,1,0.09,-0.176,0.7345759723333334,2.0,0.06666666666666667,0.9333333333333333,0.0
2005,7,RJ-GAN,29.9038,73.8772,0,1,-0.04,-0.384,1.029081502903226,2.0,0.16129032258064516,0.7419354838709677,0.0
2005,8,RJ-GAN,29.9038,73.8772,0,1,-0.14,-0.345,0.939736100967742,1.0,0.0,1.0,0.0
2005,9,RJ-GAN,29.9038,73.8772,0,1,-0.11,-0.534,1.522602815,8.0,0.0,0.7666666666666667,0.0
2007,6,RJ-GAN,29.9038,73.8772,0,1,-0.41,0.031,1.3529915246666666,2.0,0.4666666666666667,0.5333333333333333,0.0
2007,7,RJ-GAN,29.9038,73.8772,0,1,-0.49,0.045,1.3795319935483872,1.0,0.06451612903225806,0.6129032258064516,0.0
2007,8,RJ-GAN,29.9038,73.8772,0,1,-0.77,0.237,0.8762567774193548,2.0,0.0,0.8709677419354839,0.0
2007,9,RJ-GAN,29.9038,73.8772,0,1,-1.05,0.235,1.1761283893333332,5.0,0.23333333333333334,0.7666666666666667,0.0
2008,6,RJ-GAN,29.9038,73.8772,0,1,-0.56,0.215,0.953116955,3.0,0.3,0.5,0.0
2008,7,RJ-GAN,29.9038,73.8772,0,1,-0.33,0.246,1.2312710548387096,1.0,0.22580645161290322,0.5806451612903226,0.03225806451612903
2008,8,RJ-GAN,29.9038,73.8772,0,1,-0.2,0.124,1.211697393548387,2.0,0.16129032258064516,0.6774193548387096,0.0
2008,9,RJ-GAN,29.9038,73.8772,0,1,-0.25,0.086,1.446583400333333,5.0,0.0,0.7666666666666667,0.0
2009,6,RJ-GAN,29.9038,73.8772,0,1,0.34,0.1,1.4584701413333332,8.0,0.0,1.0,0.0
2009,7,RJ-GAN,29.9038,73.8772,0,1,0.5,-0.192,0.6150665787096774,5.0,0.6451612903225806,0.2903225806451613,0.0
2009,8,RJ-GAN,29.9038,73.8772,0,1,0.56,-0.104,1.12875141,1.0,0.0,0.9354838709677419,0.0
2009,9,RJ-GAN,29.9038,73.8772,0,1,0.66,-0.103,1.6812911126666668,4.0,0.23333333333333334,0.7,0.0
2010,6,RJ-GAN,29.9038,73.8772,0,1,-0.66,-0.14,1.285590429,2.0,0.0,0.7666666666666667,0.0
2010,7,RJ-GAN,29.9038,73.8772,0,1,-0.98,-0.001,1.663601914516129,1.0,0.0,0.8387096774193549,0.0
2010,8,RJ-GAN,29.9038,73.8772,0,1,-1.24,-0.061,0.747917844516129,1.0,0.06451612903225806,0.2903225806451613,0.0
2010,9,RJ-GAN,29.9038,73.8772,0,1,-1.43,-0.267,0.8091414173333332,1.0,0.0,0.5333333333333333,0.0
2011,6,RJ-GAN,29.9038,73.8772,0,1,-0.34,0.055,0.6791252076666666,2.0,0.0,1.0,0.0
2011,7,RJ-GAN,29.9038,73.8772,0,1,-0.37,0.223,1.0109919648387098,1.0,0.22580645161290322,0.6774193548387096,0.0
2011,8,RJ-GAN,29.9038,73.8772,0,1,-0.5,0.344,1.011544473516129,2.0,0.6129032258064516,0.1935483870967742,0.0
2011,9,RJ-GAN,29.9038,73.8772,0,1,-0.76,0.202,0.9066917783333334,3.0,0.6,0.3,0.03333333333333333
2014,6,RJ-GAN,29.9038,73.8772,0,1,0.22,-0.028,1.108679051,4.0,0.0,0.9333333333333333,0.0
2014,7,RJ-GAN,29.9038,73.8772,0,1,0.07,-0.363,1.1528067432258065,6.0,0.03225806451612903,0.6774193548387096,0.0
2014,8,RJ-GAN,29.9038,73.8772,0,1,0.07,-0.372,1.2150309538709676,2.0,0.0967741935483871,0.7096774193548387,0.0
2014,9,RJ-GAN,29.9038,73.8772,0,1,0.24,-0.145,0.649377995,4.0,0.23333333333333334,0.6333333333333333,0.03333333333333333
2015,6,RJ-GAN,29.9038,73.8772,0,1,1.19,0.296,1.992920383333333,4.0,0.0,1.0,0.0
2015,7,RJ-GAN,29.9038,73.8772,0,1,1.44,0.225,1.837990334516129,7.0,0.0,0.45161290322580644,0.0
2015,8,RJ-GAN,29.9038,73.8772,0,1,1.73,0.568,0.8428048241935484,8.0,0.0967741935483871,0.7096774193548387,0.0
2015,9,RJ-GAN,29.9038,73.8772,0,1,2.02,0.294,0.62977513528,1.0,0.2,0.7333333333333333,0.0
2016,6,RJ-GAN,29.9038,73.8772,0,1,0.09,-0.443,1.5598082686666668,4.0,0.0,1.0,0.0
2016,7,RJ-GAN,29.9038,73.8772,0,1,-0.19,-0.757,1.0086871877419354,2.0,0.0,1.0,0.0
2016,8,RJ-GAN,29.9038,73.8772,0,1,-0.34,-0.443,1.3634238690322582,6.0,0.0967741935483871,0.6129032258064516,0.0
2016,9,RJ-GAN,29.9038,73.8772,0,1,-0.42,-0.437,0.9987363606666668,5.0,0.13333333333333333,0.8666666666666667,0.0
2017,6,RJ-GAN,29.9038,73.8772,0,1,0.32,0.424,1.010765505,1.0,0.0,0.7666666666666667,0.0
2017,7,RJ-GAN,29.9038,73.8772,0,1,0.14,0.52,1.0194311058064516,3.0,0.0,0.7419354838709677,0.0
2017,8,RJ-GAN,29.9038,73.8772,0,1,-0.07,0.349,0.560064344016129,2.0,0.0,1.0,0.0
2017,9,RJ-GAN,29.9038,73.8772,0,1,-0.23,0.035,0.5864452456666667,4.0,0.0,0.5333333333333333,0.0
2018,6,RJ-GAN,29.9038,73.8772,0,1,0.13,0.155,1.099695321,1.0,0.0,0.7666666666666667,0.0
2018,7,RJ-GAN,29.9038,73.8772,0,1,0.2,0.053,1.4670566325806451,6.0,0.22580645161290322,0.5806451612903226,0.0
2018,8,RJ-GAN,29.9038,73.8772,0,1,0.3,0.121,1.1604823280645162,6.0,0.0,1.0,0.0
2018,9,RJ-GAN,29.9038,73.8772,0,1,0.52,0.604,1.0746740603333331,8.0,0.0,1.0,0.0
2020,6,RJ-GAN,29.9038,73.8772,0,1,-0.18,0.455,1.3547168013333333,1.0,0.0,1.0,0.0
2020,7,RJ-GAN,29.9038,73.8772,0,1,-0.29,0.319,1.5012130690322585,2.0,0.0,0.5806451612903226,0.0
2020,8,RJ-GAN,29.9038,73.8772,0,1,-0.43,-0.183,1.5708076487096774,8.0,0.1935483870967742,0.7419354838709677,0.0
2020,9,RJ-GAN,29.9038,73.8772,0,1,-0.77,-0.189,1.1078213236666663,4.0,0.0,0.8,0.0
2021,6,RJ-GAN,29.9038,73.8772,0,1,-0.31,-0.002,1.2543668813333333,1.0,0.0,1.0,0.0
2021,7,RJ-GAN,29.9038,73.8772,0,1,-0.35,-0.229,1.2697446645161292,2.0,0.0,1.0,0.0
2021,8,RJ-GAN,29.9038,73.8772,0,1,-0.46,-0.099,1.3328496390322582,2.0,0.0,1.0,0.0
2021,9,RJ-GAN,29.9038,73.8772,0,1,-0.64,-0.058,1.16716908,3.0,0.2,0.7333333333333333,0.0
2022,6,RJ-GAN,29.9038,73.8772,0,1,-0.73,-0.335,1.7460144566666669,1.0,0.0,1.0,0.0
2022,7,RJ-GAN,29.9038,73.8772,0,1,-0.7,-0.195,0.9906527754838708,4.0,0.3225806451612903,0.3870967741935484,0.0
2022,8,RJ-GAN,29.9038,73.8772,0,1,-0.78,-0.246,0.962351660967742,2.0,0.1935483870967742,0.6451612903225806,0.0
2022,9,RJ-GAN,29.9038,73.8772,0,1,-0.87,-0.322,0.45954351401,4.0,0.0,0.9333333333333333,0.0
2023,6,RJ-GAN,29.9038,73.8772,0,1,0.73,0.665,1.1452140906,2.0,0.23333333333333334,0.6333333333333333,0.0
2023,7,RJ-GAN,29.9038,73.8772,0,1,1.0,0.498,0.7976125261290323,6.0,0.22580645161290322,0.3870967741935484,0.0
2023,8,RJ-GAN,29.9038,73.8772,0,1,1.25,0.826,0.9138732870967742,8.0,0.06451612903225806,0.9354838709677419,0.0
2023,9,RJ-GAN,29.9038,73.8772,0,1,1.5,0.946,0.8482362092433333,4.0,0.0,0.7666666666666667,0.0
1990,6,MP-BPL,23.2599,77.4126,0,1,0.25,-0.568,0.7040596286666666,6.0,0.5333333333333333,0.0,0.0
1990,7,MP-BPL,23.2599,77.4126,0,1,0.26,-0.246,0.7642434731967742,1.0,0.7741935483870968,0.1935483870967742,0.06451612903225806
1990,8,MP-BPL,23.2599,77.4126,0,1,0.32,-0.391,0.8801470647322581,6.0,0.9354838709677419,0.0,0.03225806451612903
1990,9,MP-BPL,23.2599,77.4126,0,1,0.31,-0.183,0.775732242,3.0,0.9,0.0,0.0
1991,6,MP-BPL,23.2599,77.4126,0,1,0.63,0.263,1.4334286633333333,5.0,0.5666666666666667,0.3333333333333333,0.0
1991,7,MP-BPL,23.2599,77.4126,0,1,0.77,0.269,0.6487244419290323,6.0,0.5806451612903226,0.3225806451612903,0.0
1991,8,MP-BPL,23.2599,77.4126,0,1,0.67,0.058,1.2953001661290322,5.0,0.9354838709677419,0.0,0.03225806451612903
1991,9,MP-BPL,23.2599,77.4126,0,1,0.72,0.099,1.3728957676666669,8.0,0.13333333333333333,0.6666666666666666,0.0
1992,6,MP-BPL,23.2599,77.4126,0,1,0.72,-0.861,1.0309609286666666,3.0,0.23333333333333334,0.5333333333333333,0.0
1992,7,MP-BPL,23.2599,77.4126,0,1,0.35,-0.479,1.032042581935484,3.0,0.4838709677419355,0.22580645161290322,0.03225806451612903
1992,8,MP-BPL,23.2599,77.4126,0,1,0.08,-0.768,0.7930089680645162,5.0,1.0,0.0,0.03225806451612903
1992,9,MP-BPL,23.2599,77.4126,0,1,-0.15,-0.833,1.1277177353333334,2.0,0.3,0.5,0.0
1993,6,MP-BPL,23.2599,77.4126,0,1,0.56,-0.108,1.5129156700000002,8.0,0.5,0.4666666666666667,0.0
1993,7,MP-BPL,23.2599,77.4126,0,1,0.28,-0.152,0.8503892948387097,5.0,0.6774193548387096,0.12903225806451613,0.03225806451612903
1993,8,MP-BPL,23.2599,77.4126,0,1,0.22,-0.306,0.9336245306,1.0,0.7096774193548387,0.2903225806451613,0.03225806451612903
1993,9,MP-BPL,23.2599,77.4126,0,1,0.2,-0.17,0.4647173026666666,2.0,0.9666666666666667,0.0,0.03333333333333333
1995,6,MP-BPL,23.2599,77.4126,0,1,-0.11,-0.078,0.8386585686666667,2.0,0.2,0.7333333333333333,0.0
1995,7,MP-BPL,23.2599,77.4126,0,1,-0.3,-0.169,1.3968855583870967,2.0,0.6774193548387096,0.03225806451612903,0.0
1995,8,MP-BPL,23.2599,77.4126,0,1,-0.55,-0.144,1.3320209096774194,2.0,0.5806451612903226,0.1935483870967742,0.0
1995,9,MP-BPL,23.2599,77.4126,0,1,-0.81,-0.18,1.0134717556666666,5.0,0.3333333333333333,0.4,0.0
1996,6,MP-BPL,23.2599,77.4126,0,1,-0.24,-0.395,1.5769545686666668,3.0,0.23333333333333334,0.7666666666666667,0.0
1996,7,MP-BPL,23.2599,77.4126,0,1,-0.22,-0.644,1.590457191935484,6.0,0.6774193548387096,0.16129032258064516,0.0967741935483871
1996,8,MP-BPL,23.2599,77.4126,0,1,-0.27,-0.681,1.0089208741935485,3.0,0.8709677419354839,0.0967741935483871,0.06451612903225806
1996,9,MP-BPL,23.2599,77.4126,0,1,-0.3,-0.712,1.0609203293333334,5.0,0.5666666666666667,0.26666666666666666,0.0
1998,6,MP-BPL,23.2599,77.4126,0,1,-0.08,0.147,0.921335034,3.0,0.1,0.6666666666666666,0.0
1998,7,MP-BPL,23.2599,77.4126,0,1,-0.63,-0.385,0.75393639,2.0,0.7419354838709677,0.16129032258064516,0.03225806451612903
1998,8,MP-BPL,23.2599,77.4126,0,1,-0.83,-0.58,1.00514719,2.0,0.8064516129032258,0.0967741935483871,0.03225806451612903
1998,9,MP-BPL,23.2599,77.4126,0,1,-1.02,-0.496,1.4218518516666667,8.0,0.7,0.2,0.0
2002,6,MP-BPL,23.2599,77.4126,0,1,0.45,-0.189,1.8803833166666664,2.0,0.23333333333333334,0.6,0.0
2002,7,MP-BPL,23.2599,77.4126,0,1,0.57,-0.261,1.7221574980645162,8.0,0.2903225806451613,0.6774193548387096,0.03225806451612903
2002,8,MP-BPL,23.2599,77.4126,0,1,0.63,-0.208,1.420236031935484,8.0,0.8709677419354839,0.03225806451612903,0.0967741935483871
2002,9,MP-BPL,23.2599,77.4126,0,1,0.78,0.286,0.7018471730000001,2.0,0.3,0.6333333333333333,0.0
2003,6,MP-BPL,23.2599,77.4126,0,1,-0.13,0.139,1.65106069,1.0,0.2,0.6333333333333333,0.0
2003,7,MP-BPL,23.2599,77.4126,0,1,0.09,0.131,0.992855799032258,2.0,1.0,0.0,0.06451612903225806
2003,8,MP-BPL,23.2599,77.4126,0,1,0.14,0.108,0.6039936987096773,6.0,0.7419354838709677,0.0967741935483871,0.03225806451612903
2003,9,MP-BPL,23.2599,77.4126,0,1,0.23,-0.06,0.7902776976666667,4.0,0.8666666666666667,0.0,0.0
2004,6,MP-BPL,23.2599,77.4126,0,1,0.22,-0.384,1.0188708323333333,7.0,0.26666666666666666,0.5666666666666667,0.0
2004,7,MP-BPL,23.2599,77.4126,0,1,0.39,-0.301,1.611224959354839,1.0,0.7096774193548387,0.16129032258064516,0.0
2004,8,MP-BPL,23.2599,77.4126,0,1,0.54,-0.133,1.2484562670967745,6.0,0.9354838709677419,0.03225806451612903,0.06451612903225806
2004,9,MP-BPL,23.2599,77.4126,0,1,0.58,-0.106,1.438454236,2.0,0.0,0.8666666666666667,0.0
2005,6,MP-BPL,23.2599,77.4126,0,1,0.09,-0.176,0.7345759723333334,2.0,0.16666666666666666,0.7666666666666667,0.0
2005,7,MP-BPL,23.2599,77.4126,0,1,-0.04,-0.384,1.029081502903226,2.0,0.8064516129032258,0.0,0.06451612903225806
2005,8,MP-BPL,23.2599,77.4126,0,1,-0.14,-0.345,0.939736100967742,1.0,0.3548387096774194,0.41935483870967744,0.0
2005,9,MP-BPL,23.2599,77.4126,0,1,-0.11,-0.534,1.522602815,8.0,0.5333333333333333,0.36666666666666664,0.03333333333333333
2007,6,MP-BPL,23.2599,77.4126,0,1,-0.41,0.031,1.3529915246666666,2.0,0.0,0.6333333333333333,0.0
2007,7,MP-BPL,23.2599,77.4126,0,1,-0.49,0.045,1.3795319935483872,1.0,0.6129032258064516,0.16129032258064516,0.06451612903225806
2007,8,MP-BPL,23.2599,77.4126,0,1,-0.77,0.237,0.8762567774193548,2.0,0.45161290322580644,0.1935483870967742,0.0
2007,9,MP-BPL,23.2599,77.4126,0,1,-1.05,0.235,1.1761283893333332,5.0,0.23333333333333334,0.36666666666666664,0.0
2008,6,MP-BPL,23.2599,77.4126,0,1,-0.56,0.215,0.953116955,3.0,0.5333333333333333,0.26666666666666666,0.0
2008,7,MP-BPL,23.2599,77.4126,0,1,-0.33,0.246,1.2312710548387096,1.0,0.45161290322580644,0.3870967741935484,0.0
2008,8,MP-BPL,23.2599,77.4126,0,1,-0.2,0.124,1.211697393548387,2.0,0.5483870967741935,0.22580645161290322,0.0
2008,9,MP-BPL,23.2599,77.4126,0,1,-0.25,0.086,1.446583400333333,5.0,0.43333333333333335,0.26666666666666666,0.0
2009,6,MP-BPL,23.2599,77.4126,0,1,0.34,0.1,1.4584701413333332,8.0,0.0,0.6333333333333333,0.0
2009,7,MP-BPL,23.2599,77.4126,0,1,0.5,-0.192,0.6150665787096774,5.0,0.8387096774193549,0.03225806451612903,0.03225806451612903
2009,8,MP-BPL,23.2599,77.4126,0,1,0.56,-0.104,1.12875141,1.0,0.45161290322580644,0.45161290322580644,0.06451612903225806
2009,9,MP-BPL,23.2599,77.4126,0,1,0.66,-0.103,1.6812911126666668,4.0,0.5333333333333333,0.43333333333333335,0.0
2010,6,MP-BPL,23.2599,77.4126,0,1,-0.66,-0.14,1.285590429,2.0,0.4666666666666667,0.5333333333333333,0.0
2010,7,MP-BPL,23.2599,77.4126,0,1,-0.98,-0.001,1.663601914516129,1.0,0.45161290322580644,0.0,0.0
2010,8,MP-BPL,23.2599,77.4126,0,1,-1.24,-0.061,0.747917844516129,1.0,0.6774193548387096,0.03225806451612903,0.03225806451612903
2010,9,MP-BPL,23.2599,77.4126,0,1,-1.43,-0.267,0.8091414173333332,1.0,0.4,0.5666666666666667,0.0
2011,6,MP-BPL,23.2599,77.4126,0,1,-0.34,0.055,0.6791252076666666,2.0,0.4666666666666667,0.3333333333333333,0.0
2011,7,MP-BPL,23.2599,77.4126,0,1,-0.37,0.223,1.0109919648387098,1.0,0.9032258064516129,0.0,0.0
2011,8,MP-BPL,23.2599,77.4126,0,1,-0.5,0.344,1.011544473516129,2.0,0.6774193548387096,0.03225806451612903,0.0
2011,9,MP-BPL,23.2599,77.4126,0,1,-0.76,0.202,0.9066917783333334,3.0,0.4666666666666667,0.3,0.0
2014,6,MP-BPL,23.2599,77.4126,0,1,0.22,-0.028,1.108679051,4.0,0.0,0.7333333333333333,0.0
2014,7,MP-BPL,23.2599,77.4126,0,1,0.07,-0.363,1.1528067432258065,6.0,0.5806451612903226,0.2903225806451613,0.0
2014,8,MP-BPL,23.2599,77.4126,0,1,0.07,-0.372,1.2150309538709676,2.0,0.45161290322580644,0.3548387096774194,0.0
2014,9,MP-BPL,23.2599,77.4126,0,1,0.24,-0.145,0.649377995,4.0,0.5333333333333333,0.3,0.0
2015,6,MP-BPL,23.2599,77.4126,0,1,1.19,0.296,1.992920383333333,4.0,0.4666666666666667,0.5333333333333333,0.0
2015,7,MP-BPL,23.2599,77.4126,0,1,1.44,0.225,1.837990334516129,7.0,0.7096774193548387,0.06451612903225806,0.03225806451612903
2015,8,MP-BPL,23.2599,77.4126,0,1,1.73,0.568,0.8428048241935484,8.0,0.6774193548387096,0.1935483870967742,0.0
2015,9,MP-BPL,23.2599,77.4126,0,1,2.02,0.294,0.62977513528,1.0,0.0,0.6,0.0
2016,6,MP-BPL,23.2599,77.4126,0,1,0.09,-0.443,1.5598082686666668,4.0,0.23333333333333334,0.43333333333333335,0.0
2016,7,MP-BPL,23.2599,77.4126,0,1,-0.19,-0.757,1.0086871877419354,2.0,1.0,0.0,0.06451612903225806
2016,8,MP-BPL,23.2599,77.4126,0,1,-0.34,-0.443,1.3634238690322582,6.0,1.0,0.0,0.03225806451612903
2016,9,MP-BPL,23.2599,77.4126,0,1,-0.42,-0.437,0.9987363606666668,5.0,0.4666666666666667,0.3,0.0
2017,6,MP-BPL,23.2599,77.4126,0,1,0.32,0.424,1.010765505,1.0,0.26666666666666666,0.3,0.0
2017,7,MP-BPL,23.2599,77.4126,0,1,0.14,0.52,1.0194311058064516,3.0,0.7096774193548387,0.03225806451612903,0.0
2017,8,MP-BPL,23.2599,77.4126,0,1,-0.07,0.349,0.560064344016129,2.0,0.45161290322580644,0.25806451612903225,0.0
2017,9,MP-BPL,23.2599,77.4126,0,1,-0.23,0.035,0.5864452456666667,4.0,0.6333333333333333,0.23333333333333334,0.0
2018,6,MP-BPL,23.2599,77.4126,0,1,0.13,0.155,1.099695321,1.0,0.23333333333333334,0.36666666666666664,0.0
2018,7,MP-BPL,23.2599,77.4126,0,1,0.2,0.053,1.4670566325806451,6.0,1.0,0.0,0.0
2018,8,MP-BPL,23.2599,77.4126,0,1,0.3,0.121,1.1604823280645162,6.0,0.3225806451612903,0.22580645161290322,0.03225806451612903
2018,9,MP-BPL,23.2599,77.4126,0,1,0.52,0.604,1.0746740603333331,8.0,0.4,0.5333333333333333,0.0
2020,6,MP-BPL,23.2599,77.4126,0,1,-0.18,0.455,1.3547168013333333,1.0,0.6666666666666666,0.1,0.03333333333333333
2020,7,MP-BPL,23.2599,77.4126,0,1,-0.29,0.319,1.5012130690322585,2.0,0.45161290322580644,0.06451612903225806,0.0
2020,8,MP-BPL,23.2599,77.4126,0,1,-0.43,-0.183,1.5708076487096774,8.0,0.967741935483871,0.0,0.0967741935483871
2020,9,MP-BPL,23.2599,77.4126,0,1,-0.77,-0.189,1.1078213236666663,4.0,0.6333333333333333,0.13333333333333333,0.0
2021,6,MP-BPL,23.2599,77.4126,0,1,-0.31,-0.002,1.2543668813333333,1.0,0.6666666666666666,0.06666666666666667,0.0
2021,7,MP-BPL,23.2599,77.4126,0,1,-0.35,-0.229,1.2697446645161292,2.0,0.3225806451612903,0.2903225806451613,0.0
2021,8,MP-BPL,23.2599,77.4126,0,1,-0.46,-0.099,1.3328496390322582,2.0,0.7096774193548387,0.06451612903225806,0.0
2021,9,MP-BPL,23.2599,77.4126,0,1,-0.64,-0.058,1.16716908,3.0,0.7,0.2,0.0
2022,6,MP-BPL,23.2599,77.4126,0,1,-0.73,-0.335,1.7460144566666669,1.0,0.23333333333333334,0.5666666666666667,0.0
2022,7,MP-BPL,23.2599,77.4126,0,1,-0.7,-0.195,0.9906527754838708,4.0,0.967741935483871,0.0,0.06451612903225806
2022,8,MP-BPL,23.2599,77.4126,0,1,-0.78,-0.246,0.962351660967742,2.0,0.7741935483870968,0.16129032258064516,0.12903225806451613
2022,9,MP-BPL,23.2599,77.4126,0,1,-0.87,-0.322,0.45954351401,4.0,0.7,0.03333333333333333,0.0
2023,6,MP-BPL,23.2599,77.4126,0,1,0.73,0.665,1.1452140906,2.0,0.23333333333333334,0.7,0.0
2023,7,MP-BPL,23.2599,77.4126,0,1,1.0,0.498,0.7976125261290323,6.0,1.0,0.0,0.0
2023,8,MP-BPL,23.2599,77.4126,0,1,1.25,0.826,0.9138732870967742,8.0,0.5806451612903226,0.3548387096774194,0.0
2023,9,MP-BPL,23.2599,77.4126,0,1,1.5,0.946,0.8482362092433333,4.0,0.6666666666666666,0.23333333333333334,0.03333333333333333
1990,6,MP-IND,22.7196,75.8577,0,1,0.25,-0.568,0.7040596286666666,6.0,0.3,0.26666666666666666,0.0
1990,7,MP-IND,22.7196,75.8577,0,1,0.26,-0.246,0.7642434731967742,1.0,0.967741935483871,0.0,0.0
1990,8,MP-IND,22.7196,75.8577,0,1,0.32,-0.391,0.8801470647322581,6.0,0.6451612903225806,0.12903225806451613,0.06451612903225806
1990,9,MP-IND,22.7196,75.8577,0,1,0.31,-0.183,0.775732242,3.0,0.4,0.26666666666666666,0.0
1991,6,MP-IND,22.7196,75.8577,0,1,0.63,0.263,1.4334286633333333,5.0,0.36666666666666664,0.6,0.0
1991,7,MP-IND,22.7196,75.8577,0,1,0.77,0.269,0.6487244419290323,6.0,0.5483870967741935,0.1935483870967742,0.0967741935483871
1991,8,MP-IND,22.7196,75.8577,0,1,0.67,0.058,1.2953001661290322,5.0,0.45161290322580644,0.5161290322580645,0.0
1991,9,MP-IND,22.7196,75.8577,0,1,0.72,0.099,1.3728957676666669,8.0,0.0,1.0,0.0
1992,6,MP-IND,22.7196,75.8577,0,1,0.72,-0.861,1.0309609286666666,3.0,0.16666666666666666,0.7666666666666667,0.0
1992,7,MP-IND,22.7196,75.8577,0,1,0.35,-0.479,1.032042581935484,3.0,0.3548387096774194,0.45161290322580644,0.0
1992,8,MP-IND,22.7196,75.8577,0,1,0.08,-0.768,0.7930089680645162,5.0,0.7096774193548387,0.1935483870967742,0.0
1992,9,MP-IND,22.7196,75.8577,0,1,-0.15,-0.833,1.1277177353333334,2.0,0.4,0.5666666666666667,0.0
1993,6,MP-IND,22.7196,75.8577,0,1,0.56,-0.108,1.5129156700000002,8.0,0.3333333333333333,0.43333333333333335,0.0
1993,7,MP-IND,22.7196,75.8577,0,1,0.28,-0.152,0.8503892948387097,5.0,0.6774193548387096,0.0967741935483871,0.06451612903225806
1993,8,MP-IND,22.7196,75.8577,0,1,0.22,-0.306,0.9336245306,1.0,0.6451612903225806,0.3225806451612903,0.0
1993,9,MP-IND,22.7196,75.8577,0,1,0.2,-0.17,0.4647173026666666,2.0,0.2,0.43333333333333335,0.0
1995,6,MP-IND,22.7196,75.8577,0,1,-0.11,-0.078,0.8386585686666667,2.0,0.23333333333333334,0.7333333333333333,0.0
1995,7,MP-IND,22.7196,75.8577,0,1,-0.3,-0.169,1.3968855583870967,2.0,0.7096774193548387,0.0967741935483871,0.06451612903225806
1995,8,MP-IND,22.7196,75.8577,0,1,-0.55,-0.144,1.3320209096774194,2.0,0.3225806451612903,0.3548387096774194,0.0
1995,9,MP-IND,22.7196,75.8577,0,1,-0.81,-0.18,1.0134717556666666,5.0,0.3333333333333333,0.6666666666666666,0.0
1996,6,MP-IND,22.7196,75.8577,0,1,-0.24,-0.395,1.5769545686666668,3.0,0.06666666666666667,0.6,0.0
1996,7,MP-IND,22.7196,75.8577,0,1,-0.22,-0.644,1.590457191935484,6.0,0.2903225806451613,0.3225806451612903,0.12903225806451613
1996,8,MP-IND,22.7196,75.8577,0,1,-0.27,-0.681,1.0089208741935485,3.0,0.7419354838709677,0.16129032258064516,0.0
1996,9,MP-IND,22.7196,75.8577,0,1,-0.3,-0.712,1.0609203293333334,5.0,0.6666666666666666,0.3,0.0
1998,6,MP-IND,22.7196,75.8577,0,1,-0.08,0.147,0.921335034,3.0,0.36666666666666664,0.6,0.0
1998,7,MP-IND,22.7196,75.8577,0,1,-0.63,-0.385,0.75393639,2.0,0.5806451612903226,0.12903225806451613,0.0
1998,8,MP-IND,22.7196,75.8577,0,1,-0.83,-0.58,1.00514719,2.0,0.7096774193548387,0.22580645161290322,0.0
1998,9,MP-IND,22.7196,75.8577,0,1,-1.02,-0.496,1.4218518516666667,8.0,0.7,0.13333333333333333,0.03333333333333333
2002,6,MP-IND,22.7196,75.8577,0,1,0.45,-0.189,1.8803833166666664,2.0,0.3333333333333333,0.3,0.0
2002,7,MP-IND,22.7196,75.8577,0,1,0.57,-0.261,1.7221574980645162,8.0,0.06451612903225806,0.5806451612903226,0.0
2002,8,MP-IND,22.7196,75.8577,0,1,0.63,-0.208,1.420236031935484,8.0,0.7419354838709677,0.06451612903225806,0.03225806451612903
2002,9,MP-IND,22.7196,75.8577,0,1,0.78,0.286,0.7018471730000001,2.0,0.26666666666666666,0.4666666666666667,0.0
2003,6,MP-IND,22.7196,75.8577,0,1,-0.13,0.139,1.65106069,1.0,0.3333333333333333,0.5,0.03333333333333333
2003,7,MP-IND,22.7196,75.8577,0,1,0.09,0.131,0.992855799032258,2.0,0.8709677419354839,0.06451612903225806,0.03225806451612903
2003,8,MP-IND,22.7196,75.8577,0,1,0.14,0.108,0.6039936987096773,6.0,0.5806451612903226,0.22580645161290322,0.03225806451612903
2003,9,MP-IND,22.7196,75.8577,0,1,0.23,-0.06,0.7902776976666667,4.0,0.4,0.36666666666666664,0.03333333333333333
2004,6,MP-IND,22.7196,75.8577,0,1,0.22,-0.384,1.0188708323333333,7.0,0.23333333333333334,0.7666666666666667,0.0
2004,7,MP-IND,22.7196,75.8577,0,1,0.39,-0.301,1.611224959354839,1.0,0.6129032258064516,0.25806451612903225,0.0
2004,8,MP-IND,22.7196,75.8577,0,1,0.54,-0.133,1.2484562670967745,6.0,0.8709677419354839,0.0967741935483871,0.06451612903225806
2004,9,MP-IND,22.7196,75.8577,0,1,0.58,-0.106,1.438454236,2.0,0.5333333333333333,0.36666666666666664,0.0
2005,6,MP-IND,22.7196,75.8577,0,1,0.09,-0.176,0.7345759723333334,2.0,0.06666666666666667,0.5,0.0
2005,7,MP-IND,22.7196,75.8577,0,1,-0.04,-0.384,1.029081502903226,2.0,0.16129032258064516,0.5806451612903226,0.03225806451612903
2005,8,MP-IND,22.7196,75.8577,0,1,-0.14,-0.345,0.939736100967742,1.0,0.25806451612903225,0.6774193548387096,0.03225806451612903
2005,9,MP-IND,22.7196,75.8577,0,1,-0.11,-0.534,1.522602815,8.0,0.43333333333333335,0.03333333333333333,0.03333333333333333
2007,6,MP-IND,22.7196,75.8577,0,1,-0.41,0.031,1.3529915246666666,2.0,0.06666666666666667,0.6666666666666666,0.0
2007,7,MP-IND,22.7196,75.8577,0,1,-0.49,0.045,1.3795319935483872,1.0,0.41935483870967744,0.5161290322580645,0.0
2007,8,MP-IND,22.7196,75.8577,0,1,-0.77,0.237,0.8762567774193548,2.0,0.45161290322580644,0.3225806451612903,0.0
2007,9,MP-IND,22.7196,75.8577,0,1,-1.05,0.235,1.1761283893333332,5.0,0.36666666666666664,0.3333333333333333,0.0
2008,6,MP-IND,22.7196,75.8577,0,1,-0.56,0.215,0.953116955,3.0,0.2,0.5666666666666667,0.0
2008,7,MP-IND,22.7196,75.8577,0,1,-0.33,0.246,1.2312710548387096,1.0,0.41935483870967744,0.25806451612903225,0.0
2008,8,MP-IND,22.7196,75.8577,0,1,-0.2,0.124,1.211697393548387,2.0,0.7096774193548387,0.22580645161290322,0.0
2008,9,MP-IND,22.7196,75.8577,0,1,-0.25,0.086,1.446583400333333,5.0,0.4,0.2,0.0
2009,6,MP-IND,22.7196,75.8577,0,1,0.34,0.1,1.4584701413333332,8.0,0.13333333333333333,0.7333333333333333,0.0
2009,7,MP-IND,22.7196,75.8577,0,1,0.5,-0.192,0.6150665787096774,5.0,0.8064516129032258,0.03225806451612903,0.03225806451612903
2009,8,MP-IND,22.7196,75.8577,0,1,0.56,-0.104,1.12875141,1.0,0.16129032258064516,0.7096774193548387,0.0
2009,9,MP-IND,22.7196,75.8577,0,1,0.66,-0.103,1.6812911126666668,4.0,0.36666666666666664,0.6,0.0
2010,6,MP-IND,22.7196,75.8577,0,1,-0.66,-0.14,1.285590429,2.0,0.23333333333333334,0.7333333333333333,0.0
2010,7,MP-IND,22.7196,75.8577,0,1,-0.98,-0.001,1.663601914516129,1.0,0.22580645161290322,0.25806451612903225,0.0
2010,8,MP-IND,22.7196,75.8577,0,1,-1.24,-0.061,0.747917844516129,1.0,0.967741935483871,0.0,0.03225806451612903
2010,9,MP-IND,22.7196,75.8577,0,1,-1.43,-0.267,0.8091414173333332,1.0,0.5,0.3333333333333333,0.0
2011,6,MP-IND,22.7196,75.8577,0,1,-0.34,0.055,0.6791252076666666,2.0,0.06666666666666667,0.7333333333333333,0.0
2011,7,MP-IND,22.7196,75.8577,0,1,-0.37,0.223,1.0109919648387098,1.0,0.8387096774193549,0.0,0.0
2011,8,MP-IND,22.7196,75.8577,0,1,-0.5,0.344,1.011544473516129,2.0,1.0,0.0,0.0967741935483871
2011,9,MP-IND,22.7196,75.8577,0,1,-0.76,0.202,0.9066917783333334,3.0,0.23333333333333334,0.5333333333333333,0.0
2014,6,MP-IND,22.7196,75.8577,0,1,0.22,-0.028,1.108679051,4.0,0.0,1.0,0.0
2014,7,MP-IND,22.7196,75.8577,0,1,0.07,-0.363,1.1528067432258065,6.0,0.6129032258064516,0.2903225806451613,0.03225806451612903
2014,8,MP-IND,22.7196,75.8577,0,1,0.07,-0.372,1.2150309538709676,2.0,0.5161290322580645,0.3548387096774194,0.0
2014,9,MP-IND,22.7196,75.8577,0,1,0.24,-0.145,0.649377995,4.0,0.5,0.43333333333333335,0.03333333333333333
2015,6,MP-IND,22.7196,75.8577,0,1,1.19,0.296,1.992920383333333,4.0,0.5333333333333333,0.36666666666666664,0.0
2015,7,MP-IND,22.7196,75.8577,0,1,1.44,0.225,1.837990334516129,7.0,0.41935483870967744,0.5806451612903226,0.12903225806451613
2015,8,MP-IND,22.7196,75.8577,0,1,1.73,0.568,0.8428048241935484,8.0,0.4838709677419355,0.3225806451612903,0.03225806451612903
2015,9,MP-IND,22.7196,75.8577,0,1,2.02,0.294,0.62977513528,1.0,0.13333333333333333,0.5,0.0
2016,6,MP-IND,22.7196,75.8577,0,1,0.09,-0.443,1.5598082686666668,4.0,0.3333333333333333,0.6666666666666666,0.0
2016,7,MP-IND,22.7196,75.8577,0,1,-0.19,-0.757,1.0086871877419354,2.0,0.7096774193548387,0.12903225806451613,0.0
2016,8,MP-IND,22.7196,75.8577,0,1,-0.34,-0.443,1.3634238690322582,6.0,0.6451612903225806,0.1935483870967742,0.03225806451612903
2016,9,MP-IND,22.7196,75.8577,0,1,-0.42,-0.437,0.9987363606666668,5.0,0.23333333333333334,0.3,0.0
2017,6,MP-IND,22.7196,75.8577,0,1,0.32,0.424,1.010765505,1.0,0.26666666666666666,0.5333333333333333,0.0
2017,7,MP-IND,22.7196,75.8577,0,1,0.14,0.52,1.0194311058064516,3.0,0.5806451612903226,0.1935483870967742,0.0
2017,8,MP-IND,22.7196,75.8577,0,1,-0.07,0.349,0.560064344016129,2.0,0.45161290322580644,0.41935483870967744,0.0
2017,9,MP-IND,22.7196,75.8577,0,1,-0.23,0.035,0.5864452456666667,4.0,0.7,0.06666666666666667,0.0
2018,6,MP-IND,22.7196,75.8577,0,1,0.13,0.155,1.099695321,1.0,0.26666666666666666,0.6333333333333333,0.0
2018,7,MP-IND,22.7196,75.8577,0,1,0.2,0.053,1.4670566325806451,6.0,0.8064516129032258,0.06451612903225806,0.03225806451612903
2018,8,MP-IND,22.7196,75.8577,0,1,0.3,0.121,1.1604823280645162,6.0,0.3870967741935484,0.5806451612903226,0.0
2018,9,MP-IND,22.7196,75.8577,0,1,0.52,0.604,1.0746740603333331,8.0,0.23333333333333334,0.7333333333333333,0.03333333333333333
2020,6,MP-IND,22.7196,75.8577,0,1,-0.18,0.455,1.3547168013333333,1.0,0.6333333333333333,0.2,0.0
2020,7,MP-IND,22.7196,75.8577,0,1,-0.29,0.319,1.5012130690322585,2.0,0.5483870967741935,0.25806451612903225,0.0
2020,8,MP-IND,22.7196,75.8577,0,1,-0.43,-0.183,1.5708076487096774,8.0,0.6129032258064516,0.06451612903225806,0.0967741935483871
2020,9,MP-IND,22.7196,75.8577,0,1,-0.77,-0.189,1.1078213236666663,4.0,0.7666666666666667,0.06666666666666667,0.0
2021,6,MP-IND,22.7196,75.8577,0,1,-0.31,-0.002,1.2543668813333333,1.0,0.26666666666666666,0.5,0.0
2021,7,MP-IND,22.7196,75.8577,0,1,-0.35,-0.229,1.2697446645161292,2.0,0.5806451612903226,0.1935483870967742,0.0
2021,8,MP-IND,22.7196,75.8577,0,1,-0.46,-0.099,1.3328496390322582,2.0,0.6451612903225806,0.12903225806451613,0.0
2021,9,MP-IND,22.7196,75.8577,0,1,-0.64,-0.058,1.16716908,3.0,1.0,0.0,0.0
2022,6,MP-IND,22.7196,75.8577,0,1,-0.73,-0.335,1.7460144566666669,1.0,0.0,0.6333333333333333,0.0
2022,7,MP-IND,22.7196,75.8577,0,1,-0.7,-0.195,0.9906527754838708,4.0,0.8064516129032258,0.0967741935483871,0.03225806451612903
2022,8,MP-IND,22.7196,75.8577,0,1,-0.78,-0.246,0.962351660967742,2.0,0.7741935483870968,0.06451612903225806,0.0
2022,9,MP-IND,22.7196,75.8577,0,1,-0.87,-0.322,0.45954351401,4.0,0.6333333333333333,0.16666666666666666,0.0
2023,6,MP-IND,22.7196,75.8577,0,1,0.73,0.665,1.1452140906,2.0,0.23333333333333334,0.7333333333333333,0.0
2023,7,MP-IND,22.7196,75.8577,0,1,1.0,0.498,0.7976125261290323,6.0,0.967741935483871,0.0,0.0
2023,8,MP-IND,22.7196,75.8577,0,1,1.25,0.826,0.9138732870967742,8.0,0.3225806451612903,0.5161290322580645,0.0
2023,9,MP-IND,22.7196,75.8577,0,1,1.5,0.946,0.8482362092433333,4.0,0.5333333333333333,0.43333333333333335,0.1
1990,6,MP-JBP,23.1815,79.9864,0,1,0.25,-0.568,0.7040596286666666,6.0,0.43333333333333335,0.5,0.03333333333333333
1990,7,MP-JBP,23.1815,79.9864,0,1,0.26,-0.246,0.7642434731967742,1.0,0.7419354838709677,0.03225806451612903,0.0
1990,8,MP-JBP,23.1815,79.9864,0,1,0.32,-0.391,0.8801470647322581,6.0,0.8387096774193549,0.0,0.0
1990,9,MP-JBP,23.1815,79.9864,0,1,0.31,-0.183,0.775732242,3.0,0.9,0.0,0.0
1991,6,MP-JBP,23.1815,79.9864,0,1,0.63,0.263,1.4334286633333333,5.0,0.1,0.6666666666666666,0.0
1991,7,MP-JBP,23.1815,79.9864,0,1,0.77,0.269,0.6487244419290323,6.0,0.5483870967741935,0.2903225806451613,0.06451612903225806
1991,8,MP-JBP,23.1815,79.9864,0,1,0.67,0.058,1.2953001661290322,5.0,0.9032258064516129,0.0,0.06451612903225806
1991,9,MP-JBP,23.1815,79.9864,0,1,0.72,0.099,1.3728957676666669,8.0,0.16666666666666666,0.6333333333333333,0.0
1992,6,MP-JBP,23.1815,79.9864,0,1,0.72,-0.861,1.0309609286666666,3.0,0.03333333333333333,0.8666666666666667,0.0
1992,7,MP-JBP,23.1815,79.9864,0,1,0.35,-0.479,1.032042581935484,3.0,0.8064516129032258,0.0967741935483871,0.0
1992,8,MP-JBP,23.1815,79.9864,0,1,0.08,-0.768,0.7930089680645162,5.0,1.0,0.0,0.06451612903225806
1992,9,MP-JBP,23.1815,79.9864,0,1,-0.15,-0.833,1.1277177353333334,2.0,0.5666666666666667,0.4,0.06666666666666667
1993,6,MP-JBP,23.1815,79.9864,0,1,0.56,-0.108,1.5129156700000002,8.0,0.43333333333333335,0.5333333333333333,0.0
1993,7,MP-JBP,23.1815,79.9864,0,1,0.28,-0.152,0.8503892948387097,5.0,0.6451612903225806,0.1935483870967742,0.03225806451612903
1993,8,MP-JBP,23.1815,79.9864,0,1,0.22,-0.306,0.9336245306,1.0,0.7096774193548387,0.16129032258064516,0.0
1993,9,MP-JBP,23.1815,79.9864,0,1,0.2,-0.17,0.4647173026666666,2.0,0.9666666666666667,0.03333333333333333,0.06666666666666667
1995,6,MP-JBP,23.1815,79.9864,0,1,-0.11,-0.078,0.8386585686666667,2.0,0.0,0.7666666666666667,0.0
1995,7,MP-JBP,23.1815,79.9864,0,1,-0.3,-0.169,1.3968855583870967,2.0,0.6774193548387096,0.2903225806451613,0.0
1995,8,MP-JBP,23.1815,79.9864,0,1,-0.55,-0.144,1.3320209096774194,2.0,0.967741935483871,0.0,0.0967741935483871
1995,9,MP-JBP,23.1815,79.9864,0,1,-0.81,-0.18,1.0134717556666666,5.0,0.5666666666666667,0.26666666666666666,0.0
1996,6,MP-JBP,23.1815,79.9864,0,1,-0.24,-0.395,1.5769545686666668,3.0,0.0,1.0,0.0
1996,7,MP-JBP,23.1815,79.9864,0,1,-0.22,-0.644,1.590457191935484,6.0,0.3870967741935484,0.12903225806451613,0.0
1996,8,MP-JBP,23.1815,79.9864,0,1,-0.27,-0.681,1.0089208741935485,3.0,0.7741935483870968,0.0,0.0
1996,9,MP-JBP,23.1815,79.9864,0,1,-0.3,-0.712,1.0609203293333334,5.0,0.6333333333333333,0.2,0.0
1998,6,MP-JBP,23.1815,79.9864,0,1,-0.08,0.147,0.921335034,3.0,0.3333333333333333,0.5666666666666667,0.0
1998,7,MP-JBP,23.1815,79.9864,0,1,-0.63,-0.385,0.75393639,2.0,0.7419354838709677,0.1935483870967742,0.0
1998,8,MP-JBP,23.1815,79.9864,0,1,-0.83,-0.58,1.00514719,2.0,0.7741935483870968,0.06451612903225806,0.0
1998,9,MP-JBP,23.1815,79.9864,0,1,-1.02,-0.496,1.4218518516666667,8.0,0.43333333333333335,0.13333333333333333,0.0
2002,6,MP-JBP,23.1815,79.9864,0,1,0.45,-0.189,1.8803833166666664,2.0,0.1,0.6333333333333333,0.0
2002,7,MP-JBP,23.1815,79.9864,0,1,0.57,-0.261,1.7221574980645162,8.0,0.1935483870967742,0.3225806451612903,0.0
2002,8,MP-JBP,23.1815,79.9864,0,1,0.63,-0.208,1.420236031935484,8.0,0.8387096774193549,0.0967741935483871,0.12903225806451613
2002,9,MP-JBP,23.1815,79.9864,0,1,0.78,0.286,0.7018471730000001,2.0,0.6,0.4,0.06666666666666667
2003,6,MP-JBP,23.1815,79.9864,0,1,-0.13,0.139,1.65106069,1.0,0.23333333333333334,0.5,0.03333333333333333
2003,7,MP-JBP,23.1815,79.9864,0,1,0.09,0.131,0.992855799032258,2.0,0.8064516129032258,0.0,0.03225806451612903
2003,8,MP-JBP,23.1815,79.9864,0,1,0.14,0.108,0.6039936987096773,6.0,0.967741935483871,0.0,0.03225806451612903
2003,9,MP-JBP,23.1815,79.9864,0,1,0.23,-0.06,0.7902776976666667,4.0,1.0,0.0,0.1
2004,6,MP-JBP,23.1815,79.9864,0,1,0.22,-0.384,1.0188708323333333,7.0,0.36666666666666664,0.6333333333333333,0.0
2004,7,MP-JBP,23.1815,79.9864,0,1,0.39,-0.301,1.611224959354839,1.0,0.3225806451612903,0.16129032258064516,0.0
2004,8,MP-JBP,23.1815,79.9864,0,1,0.54,-0.133,1.2484562670967745,6.0,0.9354838709677419,0.06451612903225806,0.06451612903225806
2004,9,MP-JBP,23.1815,79.9864,0,1,0.58,-0.106,1.438454236,2.0,0.36666666666666664,0.5,0.0
2005,6,MP-JBP,23.1815,79.9864,0,1,0.09,-0.176,0.7345759723333334,2.0,0.23333333333333334,0.7,0.0
2005,7,MP-JBP,23.1815,79.9864,0,1,-0.04,-0.384,1.029081502903226,2.0,1.0,0.0,0.0967741935483871
2005,8,MP-JBP,23.1815,79.9864,0,1,-0.14,-0.345,0.939736100967742,1.0,0.3870967741935484,0.3548387096774194,0.0
2005,9,MP-JBP,23.1815,79.9864,0,1,-0.11,-0.534,1.522602815,8.0,0.6666666666666666,0.23333333333333334,0.03333333333333333
2007,6,MP-JBP,23.1815,79.9864,0,1,-0.41,0.031,1.3529915246666666,2.0,0.13333333333333333,0.6,0.0
2007,7,MP-JBP,23.1815,79.9864,0,1,-0.49,0.045,1.3795319935483872,1.0,0.6451612903225806,0.0,0.0
2007,8,MP-JBP,23.1815,79.9864,0,1,-0.77,0.237,0.8762567774193548,2.0,0.9354838709677419,0.06451612903225806,0.0
2007,9,MP-JBP,23.1815,79.9864,0,1,-1.05,0.235,1.1761283893333332,5.0,0.06666666666666667,0.9,0.0
2008,6,MP-JBP,23.1815,79.9864,0,1,-0.56,0.215,0.953116955,3.0,0.6666666666666666,0.26666666666666666,0.0
2008,7,MP-JBP,23.1815,79.9864,0,1,-0.33,0.246,1.2312710548387096,1.0,0.9354838709677419,0.0,0.0
2008,8,MP-JBP,23.1815,79.9864,0,1,-0.2,0.124,1.211697393548387,2.0,0.5483870967741935,0.25806451612903225,0.06451612903225806
2008,9,MP-JBP,23.1815,79.9864,0,1,-0.25,0.086,1.446583400333333,5.0,0.3,0.36666666666666664,0.0
2009,6,MP-JBP,23.1815,79.9864,0,1,0.34,0.1,1.4584701413333332,8.0,0.0,0.9666666666666667,0.0
2009,7,MP-JBP,23.1815,79.9864,0,1,0.5,-0.192,0.6150665787096774,5.0,0.8387096774193549,0.06451612903225806,0.03225806451612903
2009,8,MP-JBP,23.1815,79.9864,0,1,0.56,-0.104,1.12875141,1.0,0.41935483870967744,0.3548387096774194,0.0
2009,9,MP-JBP,23.1815,79.9864,0,1,0.66,-0.103,1.6812911126666668,4.0,0.5666666666666667,0.43333333333333335,0.03333333333333333
2010,6,MP-JBP,23.1815,79.9864,0,1,-0.66,-0.14,1.285590429,2.0,0.23333333333333334,0.7666666666666667,0.0
2010,7,MP-JBP,23.1815,79.9864,0,1,-0.98,-0.001,1.663601914516129,1.0,0.8709677419354839,0.0,0.03225806451612903
2010,8,MP-JBP,23.1815,79.9864,0,1,-1.24,-0.061,0.747917844516129,1.0,0.6451612903225806,0.03225806451612903,0.06451612903225806
2010,9,MP-JBP,23.1815,79.9864,0,1,-1.43,-0.267,0.8091414173333332,1.0,0.8333333333333334,0.13333333333333333,0.06666666666666667
2011,6,MP-JBP,23.1815,79.9864,0,1,-0.34,0.055,0.6791252076666666,2.0,0.4,0.5333333333333333,0.06666666666666667
2011,7,MP-JBP,23.1815,79.9864,0,1,-0.37,0.223,1.0109919648387098,1.0,0.9032258064516129,0.0,0.0967741935483871
2011,8,MP-JBP,23.1815,79.9864,0,1,-0.5,0.344,1.011544473516129,2.0,0.8709677419354839,0.0,0.0
2011,9,MP-JBP,23.1815,79.9864,0,1,-0.76,0.202,0.9066917783333334,3.0,0.7666666666666667,0.1,0.06666666666666667
2014,6,MP-JBP,23.1815,79.9864,0,1,0.22,-0.028,1.108679051,4.0,0.3333333333333333,0.6,0.0
2014,7,MP-JBP,23.1815,79.9864,0,1,0.07,-0.363,1.1528067432258065,6.0,0.6451612903225806,0.2903225806451613,0.0
2014,8,MP-JBP,23.1815,79.9864,0,1,0.07,-0.372,1.2150309538709676,2.0,0.3870967741935484,0.3870967741935484,0.03225806451612903
2014,9,MP-JBP,23.1815,79.9864,0,1,0.24,-0.145,0.649377995,4.0,0.5,0.43333333333333335,0.0
2015,6,MP-JBP,23.1815,79.9864,0,1,1.19,0.296,1.992920383333333,4.0,0.2,0.5,0.0
2015,7,MP-JBP,23.1815,79.9864,0,1,1.44,0.225,1.837990334516129,7.0,0.9354838709677419,0.03225806451612903,0.0
2015,8,MP-JBP,23.1815,79.9864,0,1,1.73,0.568,0.8428048241935484,8.0,0.6451612903225806,0.0967741935483871,0.03225806451612903
2015,9,MP-JBP,23.1815,79.9864,0,1,2.02,0.294,0.62977513528,1.0,0.43333333333333335,0.5333333333333333,0.0
2016,6,MP-JBP,23.1815,79.9864,0,1,0.09,-0.443,1.5598082686666668,4.0,0.13333333333333333,0.5333333333333333,0.0
2016,7,MP-JBP,23.1815,79.9864,0,1,-0.19,-0.757,1.0086871877419354,2.0,0.9354838709677419,0.0,0.06451612903225806
2016,8,MP-JBP,23.1815,79.9864,0,1,-0.34,-0.443,1.3634238690322582,6.0,0.967741935483871,0.0,0.0
2016,9,MP-JBP,23.1815,79.9864,0,1,-0.42,-0.437,0.9987363606666668,5.0,0.3333333333333333,0.43333333333333335,0.0
2017,6,MP-JBP,23.1815,79.9864,0,1,0.32,0.424,1.010765505,1.0,0.26666666666666666,0.4666666666666667,0.0
2017,7,MP-JBP,23.1815,79.9864,0,1,0.14,0.52,1.0194311058064516,3.0,0.8387096774193549,0.03225806451612903,0.0
2017,8,MP-JBP,23.1815,79.9864,0,1,-0.07,0.349,0.560064344016129,2.0,0.22580645161290322,0.1935483870967742,0.0
2017,9,MP-JBP,23.1815,79.9864,0,1,-0.23,0.035,0.5864452456666667,4.0,0.4,0.3333333333333333,0.0
2018,6,MP-JBP,23.1815,79.9864,0,1,0.13,0.155,1.099695321,1.0,0.16666666666666666,0.6,0.0
2018,7,MP-JBP,23.1815,79.9864,0,1,0.2,0.053,1.4670566325806451,6.0,0.967741935483871,0.0,0.03225806451612903
2018,8,MP-JBP,23.1815,79.9864,0,1,0.3,0.121,1.1604823280645162,6.0,0.6451612903225806,0.1935483870967742,0.0
2018,9,MP-JBP,23.1815,79.9864,0,1,0.52,0.604,1.0746740603333331,8.0,0.43333333333333335,0.5333333333333333,0.0
2020,6,MP-JBP,23.1815,79.9864,0,1,-0.18,0.455,1.3547168013333333,1.0,0.26666666666666666,0.23333333333333334,0.0
2020,7,MP-JBP,23.1815,79.9864,0,1,-0.29,0.319,1.5012130690322585,2.0,0.45161290322580644,0.0,0.0
2020,8,MP-JBP,23.1815,79.9864,0,1,-0.43,-0.183,1.5708076487096774,8.0,0.9354838709677419,0.0,0.06451612903225806
2020,9,MP-JBP,23.1815,79.9864,0,1,-0.77,-0.189,1.1078213236666663,4.0,0.5,0.23333333333333334,0.0
2021,6,MP-JBP,23.1815,79.9864,0,1,-0.31,-0.002,1.2543668813333333,1.0,0.5,0.26666666666666666,0.0
2021,7,MP-JBP,23.1815,79.9864,0,1,-0.35,-0.229,1.2697446645161292,2.0,0.41935483870967744,0.3225806451612903,0.0
2021,8,MP-JBP,23.1815,79.9864,0,1,-0.46,-0.099,1.3328496390322582,2.0,0.25806451612903225,0.3870967741935484,0.0
2021,9,MP-JBP,23.1815,79.9864,0,1,-0.64,-0.058,1.16716908,3.0,0.7333333333333333,0.16666666666666666,0.0
2022,6,MP-JBP,23.1815,79.9864,0,1,-0.73,-0.335,1.7460144566666669,1.0,0.3,0.5666666666666667,0.0
2022,7,MP-JBP,23.1815,79.9864,0,1,-0.7,-0.195,0.9906527754838708,4.0,1.0,0.0,0.0
2022,8,MP-JBP,23.1815,79.9864,0,1,-0.78,-0.246,0.962351660967742,2.0,0.7419354838709677,0.12903225806451613,0.06451612903225806
2022,9,MP-JBP,23.1815,79.9864,0,1,-0.87,-0.322,0.45954351401,4.0,0.7666666666666667,0.1,0.0
2023,6,MP-JBP,23.1815,79.9864,0,1,0.73,0.665,1.1452140906,2.0,0.16666666666666666,0.8333333333333334,0.06666666666666667
2023,7,MP-JBP,23.1815,79.9864,0,1,1.0,0.498,0.7976125261290323,6.0,0.6774193548387096,0.03225806451612903,0.03225806451612903
2023,8,MP-JBP,23.1815,79.9864,0,1,1.25,0.826,0.9138732870967742,8.0,0.5161290322580645,0.41935483870967744,0.06451612903225806
2023,9,MP-JBP,23.1815,79.9864,0,1,1.5,0.946,0.8482362092433333,4.0,0.6,0.26666666666666666,0.0
1990,6,MP-GWL,26.2183,78.1828,0,1,0.25,-0.568,0.7040596286666666,6.0,0.0,0.7666666666666667,0.0
1990,7,MP-GWL,26.2183,78.1828,0,1,0.26,-0.246,0.7642434731967742,1.0,0.3548387096774194,0.25806451612903225,0.0
1990,8,MP-GWL,26.2183,78.1828,0,1,0.32,-0.391,0.8801470647322581,6.0,0.45161290322580644,0.22580645161290322,0.0
1990,9,MP-GWL,26.2183,78.1828,0,1,0.31,-0.183,0.775732242,3.0,0.6333333333333333,0.13333333333333333,0.06666666666666667
1991,6,MP-GWL,26.2183,78.1828,0,1,0.63,0.263,1.4334286633333333,5.0,0.0,1.0,0.0
1991,7,MP-GWL,26.2183,78.1828,0,1,0.77,0.269,0.6487244419290323,6.0,0.4838709677419355,0.45161290322580644,0.03225806451612903
1991,8,MP-GWL,26.2183,78.1828,0,1,0.67,0.058,1.2953001661290322,5.0,0.45161290322580644,0.12903225806451613,0.0
1991,9,MP-GWL,26.2183,78.1828,0,1,0.72,0.099,1.3728957676666669,8.0,0.2,0.7,0.0
1992,6,MP-GWL,26.2183,78.1828,0,1,0.72,-0.861,1.0309609286666666,3.0,0.0,1.0,0.0
1992,7,MP-GWL,26.2183,78.1828,0,1,0.35,-0.479,1.032042581935484,3.0,0.6129032258064516,0.06451612903225806,0.0
1992,8,MP-GWL,26.2183,78.1828,0,1,0.08,-0.768,0.7930089680645162,5.0,0.8709677419354839,0.03225806451612903,0.0
1992,9,MP-GWL,26.2183,78.1828,0,1,-0.15,-0.833,1.1277177353333334,2.0,0.5333333333333333,0.43333333333333335,0.0
1993,6,MP-GWL,26.2183,78.1828,0,1,0.56,-0.108,1.5129156700000002,8.0,0.0,0.8666666666666667,0.0
1993,7,MP-GWL,26.2183,78.1828,0,1,0.28,-0.152,0.8503892948387097,5.0,0.22580645161290322,0.41935483870967744,0.0
1993,8,MP-GWL,26.2183,78.1828,0,1,0.22,-0.306,0.9336245306,1.0,0.41935483870967744,0.41935483870967744,0.0
1993,9,MP-GWL,26.2183,78.1828,0,1,0.2,-0.17,0.4647173026666666,2.0,0.7333333333333333,0.23333333333333334,0.03333333333333333
1995,6,MP-GWL,26.2183,78.1828,0,1,-0.11,-0.078,0.8386585686666667,2.0,0.26666666666666666,0.6666666666666666,0.0
1995,7,MP-GWL,26.2183,78.1828,0,1,-0.3,-0.169,1.3968855583870967,2.0,0.6129032258064516,0.16129032258064516,0.0
1995,8,MP-GWL,26.2183,78.1828,0,1,-0.55,-0.144,1.3320209096774194,2.0,0.7096774193548387,0.12903225806451613,0.03225806451612903
1995,9,MP-GWL,26.2183,78.1828,0,1,-0.81,-0.18,1.0134717556666666,5.0,0.4,0.36666666666666664,0.03333333333333333
1996,6,MP-GWL,26.2183,78.1828,0,1,-0.24,-0.395,1.5769545686666668,3.0,0.16666666666666666,0.8,0.0
1996,7,MP-GWL,26.2183,78.1828,0,1,-0.22,-0.644,1.590457191935484,6.0,0.7096774193548387,0.1935483870967742,0.0
1996,8,MP-GWL,26.2183,78.1828,0,1,-0.27,-0.681,1.0089208741935485,3.0,0.9032258064516129,0.0,0.0
1996,9,MP-GWL,26.2183,78.1828,0,1,-0.3,-0.712,1.0609203293333334,5.0,0.43333333333333335,0.5666666666666667,0.06666666666666667
1998,6,MP-GWL,26.2183,78.1828,0,1,-0.08,0.147,0.921335034,3.0,0.0,0.9333333333333333,0.0
1998,7,MP-GWL,26.2183,78.1828,0,1,-0.63,-0.385,0.75393639,2.0,0.7096774193548387,0.16129032258064516,0.0
1998,8,MP-GWL,26.2183,78.1828,0,1,-0.83,-0.58,1.00514719,2.0,0.7741935483870968,0.06451612903225806,0.0
1998,9,MP-GWL,26.2183,78.1828,0,1,-1.02,-0.496,1.4218518516666667,8.0,0.5666666666666667,0.3,0.03333333333333333
2002,6,MP-GWL,26.2183,78.1828,0,1,0.45,-0.189,1.8803833166666664,2.0,0.0,0.8,0.0
2002,7,MP-GWL,26.2183,78.1828,0,1,0.57,-0.261,1.7221574980645162,8.0,0.0,0.9354838709677419,0.0
2002,8,MP-GWL,26.2183,78.1828,0,1,0.63,-0.208,1.420236031935484,8.0,0.2903225806451613,0.2903225806451613,0.0
2002,9,MP-GWL,26.2183,78.1828,0,1,0.78,0.286,0.7018471730000001,2.0,0.5,0.36666666666666664,0.0
2003,6,MP-GWL,26.2183,78.1828,0,1,-0.13,0.139,1.65106069,1.0,0.23333333333333334,0.7,0.0
2003,7,MP-GWL,26.2183,78.1828,0,1,0.09,0.131,0.992855799032258,2.0,0.22580645161290322,0.06451612903225806,0.0
2003,8,MP-GWL,26.2183,78.1828,0,1,0.14,0.108,0.6039936987096773,6.0,0.3548387096774194,0.3870967741935484,0.0
2003,9,MP-GWL,26.2183,78.1828,0,1,0.23,-0.06,0.7902776976666667,4.0,0.5666666666666667,0.3,0.0
2004,6,MP-GWL,26.2183,78.1828,0,1,0.22,-0.384,1.0188708323333333,7.0,0.0,1.0,0.0
2004,7,MP-GWL,26.2183,78.1828,0,1,0.39,-0.301,1.611224959354839,1.0,0.2903225806451613,0.4838709677419355,0.0
2004,8,MP-GWL,26.2183,78.1828,0,1,0.54,-0.133,1.2484562670967745,6.0,0.7419354838709677,0.06451612903225806,0.0
2004,9,MP-GWL,26.2183,78.1828,0,1,0.58,-0.106,1.438454236,2.0,0.23333333333333334,0.7666666666666667,0.0
2005,6,MP-GWL,26.2183,78.1828,0,1,0.09,-0.176,0.7345759723333334,2.0,0.23333333333333334,0.6666666666666666,0.0
2005,7,MP-GWL,26.2183,78.1828,0,1,-0.04,-0.384,1.029081502903226,2.0,0.7096774193548387,0.12903225806451613,0.0
2005,8,MP-GWL,26.2183,78.1828,0,1,-0.14,-0.345,0.939736100967742,1.0,0.0,0.7096774193548387,0.0
2005,9,MP-GWL,26.2183,78.1828,0,1,-0.11,-0.534,1.522602815,8.0,0.2,0.5,0.0
2007,6,MP-GWL,26.2183,78.1828,0,1,-0.41,0.031,1.3529915246666666,2.0,0.16666666666666666,0.5333333333333333,0.0
2007,7,MP-GWL,26.2183,78.1828,0,1,-0.49,0.045,1.3795319935483872,1.0,0.41935483870967744,0.16129032258064516,0.0
2007,8,MP-GWL,26.2183,78.1828,0,1,-0.77,0.237,0.8762567774193548,2.0,0.41935483870967744,0.3548387096774194,0.0
2007,9,MP-GWL,26.2183,78.1828,0,1,-1.05,0.235,1.1761283893333332,5.0,0.3,0.6,0.0
2008,6,MP-GWL,26.2183,78.1828,0,1,-0.56,0.215,0.953116955,3.0,0.6333333333333333,0.23333333333333334,0.0
2008,7,MP-GWL,26.2183,78.1828,0,1,-0.33,0.246,1.2312710548387096,1.0,0.6129032258064516,0.16129032258064516,0.0
2008,8,MP-GWL,26.2183,78.1828,0,1,-0.2,0.124,1.211697393548387,2.0,0.7096774193548387,0.03225806451612903,0.0
2008,9,MP-GWL,26.2183,78.1828,0,1,-0.25,0.086,1.446583400333333,5.0,0.5666666666666667,0.3,0.0
2009,6,MP-GWL,26.2183,78.1828,0,1,0.34,0.1,1.4584701413333332,8.0,0.0,1.0,0.0
2009,7,MP-GWL,26.2183,78.1828,0,1,0.5,-0.192,0.6150665787096774,5.0,0.3225806451612903,0.41935483870967744,0.0
2009,8,MP-GWL,26.2183,78.1828,0,1,0.56,-0.104,1.12875141,1.0,0.3870967741935484,0.5161290322580645,0.0
2009,9,MP-GWL,26.2183,78.1828,0,1,0.66,-0.103,1.6812911126666668,4.0,0.3333333333333333,0.5,0.0
2010,6,MP-GWL,26.2183,78.1828,0,1,-0.66,-0.14,1.285590429,2.0,0.0,1.0,0.0
2010,7,MP-GWL,26.2183,78.1828,0,1,-0.98,-0.001,1.663601914516129,1.0,0.2903225806451613,0.16129032258064516,0.0
2010,8,MP-GWL,26.2183,78.1828,0,1,-1.24,-0.061,0.747917844516129,1.0,0.5806451612903226,0.12903225806451613,0.03225806451612903
2010,9,MP-GWL,26.2183,78.1828,0,1,-1.43,-0.267,0.8091414173333332,1.0,0.43333333333333335,0.26666666666666666,0.0
2011,6,MP-GWL,26.2183,78.1828,0,1,-0.34,0.055,0.6791252076666666,2.0,0.4,0.3333333333333333,0.0
2011,7,MP-GWL,26.2183,78.1828,0,1,-0.37,0.223,1.0109919648387098,1.0,0.8709677419354839,0.06451612903225806,0.0
2011,8,MP-GWL,26.2183,78.1828,0,1,-0.5,0.344,1.011544473516129,2.0,0.4838709677419355,0.06451612903225806,0.0
2011,9,MP-GWL,26.2183,78.1828,0,1,-0.76,0.202,0.9066917783333334,3.0,0.6,0.3333333333333333,0.0
2014,6,MP-GWL,26.2183,78.1828,0,1,0.22,-0.028,1.108679051,4.0,0.0,0.9333333333333333,0.0
2014,7,MP-GWL,26.2183,78.1828,0,1,0.07,-0.363,1.1528067432258065,6.0,0.3225806451612903,0.2903225806451613,0.0
2014,8,MP-GWL,26.2183,78.1828,0,1,0.07,-0.372,1.2150309538709676,2.0,0.3870967741935484,0.3548387096774194,0.0
2014,9,MP-GWL,26.2183,78.1828,0,1,0.24,-0.145,0.649377995,4.0,0.5,0.43333333333333335,0.03333333333333333
2015,6,MP-GWL,26.2183,78.1828,0,1,1.19,0.296,1.992920383333333,4.0,0.1,0.7666666666666667,0.0
2015,7,MP-GWL,26.2183,78.1828,0,1,1.44,0.225,1.837990334516129,7.0,0.6451612903225806,0.06451612903225806,0.03225806451612903
2015,8,MP-GWL,26.2183,78.1828,0,1,1.73,0.568,0.8428048241935484,8.0,0.41935483870967744,0.25806451612903225,0.0
2015,9,MP-GWL,26.2183,78.1828,0,1,2.02,0.294,0.62977513528,1.0,0.0,0.7,0.0
2016,6,MP-GWL,26.2183,78.1828,0,1,0.09,-0.443,1.5598082686666668,4.0,0.2,0.6333333333333333,0.0
2016,7,MP-GWL,26.2183,78.1828,0,1,-0.19,-0.757,1.0086871877419354,2.0,0.45161290322580644,0.12903225806451613,0.0
2016,8,MP-GWL,26.2183,78.1828,0,1,-0.34,-0.443,1.3634238690322582,6.0,0.9032258064516129,0.06451612903225806,0.0
2016,9,MP-GWL,26.2183,78.1828,0,1,-0.42,-0.437,0.9987363606666668,5.0,0.0,0.7666666666666667,0.0
2017,6,MP-GWL,26.2183,78.1828,0,1,0.32,0.424,1.010765505,1.0,0.06666666666666667,0.5666666666666667,0.0
2017,7,MP-GWL,26.2183,78.1828,0,1,0.14,0.52,1.0194311058064516,3.0,0.3870967741935484,0.25806451612903225,0.0
2017,8,MP-GWL,26.2183,78.1828,0,1,-0.07,0.349,0.560064344016129,2.0,0.3870967741935484,0.5161290322580645,0.0
2017,9,MP-GWL,26.2183,78.1828,0,1,-0.23,0.035,0.5864452456666667,4.0,0.36666666666666664,0.5333333333333333,0.0
2018,6,MP-GWL,26.2183,78.1828,0,1,0.13,0.155,1.099695321,1.0,0.03333333333333333,0.6333333333333333,0.0
2018,7,MP-GWL,26.2183,78.1828,0,1,0.2,0.053,1.4670566325806451,6.0,0.4838709677419355,0.22580645161290322,0.03225806451612903
2018,8,MP-GWL,26.2183,78.1828,0,1,0.3,0.121,1.1604823280645162,6.0,0.7419354838709677,0.22580645161290322,0.0
2018,9,MP-GWL,26.2183,78.1828,0,1,0.52,0.604,1.0746740603333331,8.0,0.3333333333333333,0.36666666666666664,0.03333333333333333
2020,6,MP-GWL,26.2183,78.1828,0,1,-0.18,0.455,1.3547168013333333,1.0,0.0,0.6333333333333333,0.0
2020,7,MP-GWL,26.2183,78.1828,0,1,-0.29,0.319,1.5012130690322585,2.0,0.41935483870967744,0.3548387096774194,0.0
2020,8,MP-GWL,26.2183,78.1828,0,1,-0.43,-0.183,1.5708076487096774,8.0,0.7741935483870968,0.0,0.0
2020,9,MP-GWL,26.2183,78.1828,0,1,-0.77,-0.189,1.1078213236666663,4.0,0.16666666666666666,0.7,0.0
2021,6,MP-GWL,26.2183,78.1828,0,1,-0.31,-0.002,1.2543668813333333,1.0,0.0,0.8666666666666667,0.0
2021,7,MP-GWL,26.2183,78.1828,0,1,-0.35,-0.229,1.2697446645161292,2.0,0.41935483870967744,0.3225806451612903,0.03225806451612903
2021,8,MP-GWL,26.2183,78.1828,0,1,-0.46,-0.099,1.3328496390322582,2.0,0.6451612903225806,0.1935483870967742,0.03225806451612903
2021,9,MP-GWL,26.2183,78.1828,0,1,-0.64,-0.058,1.16716908,3.0,0.5666666666666667,0.03333333333333333,0.0
2022,6,MP-GWL,26.2183,78.1828,0,1,-0.73,-0.335,1.7460144566666669,1.0,0.0,0.7666666666666667,0.0
2022,7,MP-GWL,26.2183,78.1828,0,1,-0.7,-0.195,0.9906527754838708,4.0,0.7419354838709677,0.0,0.0
2022,8,MP-GWL,26.2183,78.1828,0,1,-0.78,-0.246,0.962351660967742,2.0,0.6774193548387096,0.12903225806451613,0.0
2022,9,MP-GWL,26.2183,78.1828,0,1,-0.87,-0.322,0.45954351401,4.0,0.6333333333333333,0.1,0.0
2023,6,MP-GWL,26.2183,78.1828,0,1,0.73,0.665,1.1452140906,2.0,0.36666666666666664,0.6,0.0
2023,7,MP-GWL,26.2183,78.1828,0,1,1.0,0.498,0.7976125261290323,6.0,0.4838709677419355,0.25806451612903225,0.0
2023,8,MP-GWL,26.2183,78.1828,0,1,1.25,0.826,0.9138732870967742,8.0,0.5806451612903226,0.25806451612903225,0.0
2023,9,MP-GWL,26.2183,78.1828,0,1,1.5,0.946,0.8482362092433333,4.0,0.3333333333333333,0.5,0.0
1990,6,MP-SAG,23.8388,78.7378,0,1,0.25,-0.568,0.7040596286666666,6.0,0.6666666666666666,0.3,0.0
1990,7,MP-SAG,23.8388,78.7378,0,1,0.26,-0.246,0.7642434731967742,1.0,0.8064516129032258,0.16129032258064516,0.03225806451612903
1990,8,MP-SAG,23.8388,78.7378,0,1,0.32,-0.391,0.8801470647322581,6.0,0.8709677419354839,0.0,0.0
1990,9,MP-SAG,23.8388,78.7378,0,1,0.31,-0.183,0.775732242,3.0,0.9333333333333333,0.03333333333333333,0.03333333333333333
1991,6,MP-SAG,23.8388,78.7378,0,1,0.63,0.263,1.4334286633333333,5.0,0.3,0.36666666666666664,0.0
1991,7,MP-SAG,23.8388,78.7378,0,1,0.77,0.269,0.6487244419290323,6.0,0.5483870967741935,0.3870967741935484,0.03225806451612903
1991,8,MP-SAG,23.8388,78.7378,0,1,0.67,0.058,1.2953001661290322,5.0,1.0,0.0,0.12903225806451613
1991,9,MP-SAG,23.8388,78.7378,0,1,0.72,0.099,1.3728957676666669,8.0,0.16666666666666666,0.6666666666666666,0.0
1992,6,MP-SAG,23.8388,78.7378,0,1,0.72,-0.861,1.0309609286666666,3.0,0.0,1.0,0.0
1992,7,MP-SAG,23.8388,78.7378,0,1,0.35,-0.479,1.032042581935484,3.0,0.3870967741935484,0.41935483870967744,0.0
1992,8,MP-SAG,23.8388,78.7378,0,1,0.08,-0.768,0.7930089680645162,5.0,0.967741935483871,0.0,0.03225806451612903
1992,9,MP-SAG,23.8388,78.7378,0,1,-0.15,-0.833,1.1277177353333334,2.0,0.5,0.43333333333333335,0.1
1993,6,MP-SAG,23.8388,78.7378,0,1,0.56,-0.108,1.5129156700000002,8.0,0.43333333333333335,0.4,0.0
1993,7,MP-SAG,23.8388,78.7378,0,1,0.28,-0.152,0.8503892948387097,5.0,0.7096774193548387,0.16129032258064516,0.0
1993,8,MP-SAG,23.8388,78.7378,0,1,0.22,-0.306,0.9336245306,1.0,0.7096774193548387,0.03225806451612903,0.03225806451612903
1993,9,MP-SAG,23.8388,78.7378,0,1,0.2,-0.17,0.4647173026666666,2.0,0.7666666666666667,0.0,0.03333333333333333
1995,6,MP-SAG,23.8388,78.7378,0,1,-0.11,-0.078,0.8386585686666667,2.0,0.23333333333333334,0.6333333333333333,0.0
1995,7,MP-SAG,23.8388,78.7378,0,1,-0.3,-0.169,1.3968855583870967,2.0,0.7096774193548387,0.22580645161290322,0.03225806451612903
1995,8,MP-SAG,23.8388,78.7378,0,1,-0.55,-0.144,1.3320209096774194,2.0,0.9354838709677419,0.0,0.0
1995,9,MP-SAG,23.8388,78.7378,0,1,-0.81,-0.18,1.0134717556666666,5.0,0.6,0.3,0.0
1996,6,MP-SAG,23.8388,78.7378,0,1,-0.24,-0.395,1.5769545686666668,3.0,0.0,0.9,0.0
1996,7,MP-SAG,23.8388,78.7378,0,1,-0.22,-0.644,1.590457191935484,6.0,0.9354838709677419,0.0,0.0
1996,8,MP-SAG,23.8388,78.7378,0,1,-0.27,-0.681,1.0089208741935485,3.0,0.8387096774193549,0.0,0.0967741935483871
1996,9,MP-SAG,23.8388,78.7378,0,1,-0.3,-0.712,1.0609203293333334,5.0,0.43333333333333335,0.43333333333333335,0.0
1998,6,MP-SAG,23.8388,78.7378,0,1,-0.08,0.147,0.921335034,3.0,0.06666666666666667,0.8,0.0
1998,7,MP-SAG,23.8388,78.7378,0,1,-0.63,-0.385,0.75393639,2.0,0.8064516129032258,0.0967741935483871,0.0
1998,8,MP-SAG,23.8388,78.7378,0,1,-0.83,-0.58,1.00514719,2.0,0.7419354838709677,0.06451612903225806,0.0967741935483871
1998,9,MP-SAG,23.8388,78.7378,0,1,-1.02,-0.496,1.4218518516666667,8.0,0.6333333333333333,0.03333333333333333,0.0
2002,6,MP-SAG,23.8388,78.7378,0,1,0.45,-0.189,1.8803833166666664,2.0,0.23333333333333334,0.4666666666666667,0.0
2002,7,MP-SAG,23.8388,78.7378,0,1,0.57,-0.261,1.7221574980645162,8.0,0.1935483870967742,0.6129032258064516,0.0
2002,8,MP-SAG,23.8388,78.7378,0,1,0.63,-0.208,1.420236031935484,8.0,0.7419354838709677,0.06451612903225806,0.0
2002,9,MP-SAG,23.8388,78.7378,0,1,0.78,0.286,0.7018471730000001,2.0,0.43333333333333335,0.43333333333333335,0.0
2003,6,MP-SAG,23.8388,78.7378,0,1,-0.13,0.139,1.65106069,1.0,0.06666666666666667,0.7666666666666667,0.0
2003,7,MP-SAG,23.8388,78.7378,0,1,0.09,0.131,0.992855799032258,2.0,0.967741935483871,0.0,0.0
2003,8,MP-SAG,23.8388,78.7378,0,1,0.14,0.108,0.6039936987096773,6.0,0.7419354838709677,0.0,0.0
2003,9,MP-SAG,23.8388,78.7378,0,1,0.23,-0.06,0.7902776976666667,4.0,1.0,0.0,0.0
2004,6,MP-SAG,23.8388,78.7378,0,1,0.22,-0.384,1.0188708323333333,7.0,0.3333333333333333,0.6333333333333333,0.03333333333333333
2004,7,MP-SAG,23.8388,78.7378,0,1,0.39,-0.301,1.611224959354839,1.0,0.41935483870967744,0.45161290322580644,0.0
2004,8,MP-SAG,23.8388,78.7378,0,1,0.54,-0.133,1.2484562670967745,6.0,0.8709677419354839,0.06451612903225806,0.0
2004,9,MP-SAG,23.8388,78.7378,0,1,0.58,-0.106,1.438454236,2.0,0.26666666666666666,0.5333333333333333,0.0
2005,6,MP-SAG,23.8388,78.7378,0,1,0.09,-0.176,0.7345759723333334,2.0,0.23333333333333334,0.6,0.0
2005,7,MP-SAG,23.8388,78.7378,0,1,-0.04,-0.384,1.029081502903226,2.0,0.967741935483871,0.0,0.12903225806451613
2005,8,MP-SAG,23.8388,78.7378,0,1,-0.14,-0.345,0.939736100967742,1.0,0.2903225806451613,0.4838709677419355,0.0
2005,9,MP-SAG,23.8388,78.7378,0,1,-0.11,-0.534,1.522602815,8.0,0.5,0.3,0.0
2007,6,MP-SAG,23.8388,78.7378,0,1,-0.41,0.031,1.3529915246666666,2.0,0.06666666666666667,0.6666666666666666,0.0
2007,7,MP-SAG,23.8388,78.7378,0,1,-0.49,0.045,1.3795319935483872,1.0,0.8709677419354839,0.0,0.0
2007,8,MP-SAG,23.8388,78.7378,0,1,-0.77,0.237,0.8762567774193548,2.0,0.3225806451612903,0.3870967741935484,0.0
2007,9,MP-SAG,23.8388,78.7378,0,1,-1.05,0.235,1.1761283893333332,5.0,0.0,0.9,0.0
2008,6,MP-SAG,23.8388,78.7378,0,1,-0.56,0.215,0.953116955,3.0,0.5666666666666667,0.43333333333333335,0.06666666666666667
2008,7,MP-SAG,23.8388,78.7378,0,1,-0.33,0.246,1.2312710548387096,1.0,0.6129032258064516,0.2903225806451613,0.03225806451612903
2008,8,MP-SAG,23.8388,78.7378,0,1,-0.2,0.124,1.211697393548387,2.0,0.6129032258064516,0.25806451612903225,0.03225806451612903
2008,9,MP-SAG,23.8388,78.7378,0,1,-0.25,0.086,1.446583400333333,5.0,0.06666666666666667,0.26666666666666666,0.0
2009,6,MP-SAG,23.8388,78.7378,0,1,0.34,0.1,1.4584701413333332,8.0,0.06666666666666667,0.7,0.0
2009,7,MP-SAG,23.8388,78.7378,0,1,0.5,-0.192,0.6150665787096774,5.0,0.7096774193548387,0.16129032258064516,0.0
2009,8,MP-SAG,23.8388,78.7378,0,1,0.56,-0.104,1.12875141,1.0,0.4838709677419355,0.3870967741935484,0.06451612903225806
2009,9,MP-SAG,23.8388,78.7378,0,1,0.66,-0.103,1.6812911126666668,4.0,0.5666666666666667,0.43333333333333335,0.1
2010,6,MP-SAG,23.8388,78.7378,0,1,-0.66,-0.14,1.285590429,2.0,0.0,0.8333333333333334,0.0
2010,7,MP-SAG,23.8388,78.7378,0,1,-0.98,-0.001,1.663601914516129,1.0,0.9032258064516129,0.0,0.03225806451612903
2010,8,MP-SAG,23.8388,78.7378,0,1,-1.24,-0.061,0.747917844516129,1.0,0.9032258064516129,0.0,0.0
2010,9,MP-SAG,23.8388,78.7378,0,1,-1.43,-0.267,0.8091414173333332,1.0,0.26666666666666666,0.26666666666666666,0.0
2011,6,MP-SAG,23.8388,78.7378,0,1,-0.34,0.055,0.6791252076666666,2.0,0.4666666666666667,0.5333333333333333,0.06666666666666667
2011,7,MP-SAG,23.8388,78.7378,0,1,-0.37,0.223,1.0109919648387098,1.0,0.7096774193548387,0.06451612903225806,0.06451612903225806
2011,8,MP-SAG,23.8388,78.7378,0,1,-0.5,0.344,1.011544473516129,2.0,0.8387096774193549,0.0,0.0
2011,9,MP-SAG,23.8388,78.7378,0,1,-0.76,0.202,0.9066917783333334,3.0,0.6,0.23333333333333334,0.03333333333333333
2014,6,MP-SAG,23.8388,78.7378,0,1,0.22,-0.028,1.108679051,4.0,0.26666666666666666,0.5,0.0
2014,7,MP-SAG,23.8388,78.7378,0,1,0.07,-0.363,1.1528067432258065,6.0,0.4838709677419355,0.12903225806451613,0.0
2014,8,MP-SAG,23.8388,78.7378,0,1,0.07,-0.372,1.2150309538709676,2.0,0.41935483870967744,0.3225806451612903,0.03225806451612903
2014,9,MP-SAG,23.8388,78.7378,0,1,0.24,-0.145,0.649377995,4.0,0.5333333333333333,0.36666666666666664,0.0
2015,6,MP-SAG,23.8388,78.7378,0,1,1.19,0.296,1.992920383333333,4.0,0.1,0.5333333333333333,0.0
2015,7,MP-SAG,23.8388,78.7378,0,1,1.44,0.225,1.837990334516129,7.0,0.9354838709677419,0.0,0.0
2015,8,MP-SAG,23.8388,78.7378,0,1,1.73,0.568,0.8428048241935484,8.0,0.7096774193548387,0.12903225806451613,0.0
2015,9,MP-SAG,23.8388,78.7378,0,1,2.02,0.294,0.62977513528,1.0,0.13333333333333333,0.6,0.0
2016,6,MP-SAG,23.8388,78.7378,0,1,0.09,-0.443,1.5598082686666668,4.0,0.23333333333333334,0.7,0.0
2016,7,MP-SAG,23.8388,78.7378,0,1,-0.19,-0.757,1.0086871877419354,2.0,0.9032258064516129,0.0,0.0967741935483871
2016,8,MP-SAG,23.8388,78.7378,0,1,-0.34,-0.443,1.3634238690322582,6.0,0.7419354838709677,0.0967741935483871,0.03225806451612903
2016,9,MP-SAG,23.8388,78.7378,0,1,-0.42,-0.437,0.9987363606666668,5.0,0.26666666666666666,0.4666666666666667,0.0
2017,6,MP-SAG,23.8388,78.7378,0,1,0.32,0.424,1.010765505,1.0,0.26666666666666666,0.43333333333333335,0.0
2017,7,MP-SAG,23.8388,78.7378,0,1,0.14,0.52,1.0194311058064516,3.0,0.8064516129032258,0.06451612903225806,0.03225806451612903
2017,8,MP-SAG,23.8388,78.7378,0,1,-0.07,0.349,0.560064344016129,2.0,0.41935483870967744,0.2903225806451613,0.0
2017,9,MP-SAG,23.8388,78.7378,0,1,-0.23,0.035,0.5864452456666667,4.0,0.3,0.3,0.0
2018,6,MP-SAG,23.8388,78.7378,0,1,0.13,0.155,1.099695321,1.0,0.3,0.4,0.0
2018,7,MP-SAG,23.8388,78.7378,0,1,0.2,0.053,1.4670566325806451,6.0,0.8064516129032258,0.06451612903225806,0.03225806451612903
2018,8,MP-SAG,23.8388,78.7378,0,1,0.3,0.121,1.1604823280645162,6.0,0.6451612903225806,0.1935483870967742,0.0
2018,9,MP-SAG,23.8388,78.7378,0,1,0.52,0.604,1.0746740603333331,8.0,0.4,0.5333333333333333,0.0
2020,6,MP-SAG,23.8388,78.7378,0,1,-0.18,0.455,1.3547168013333333,1.0,0.4666666666666667,0.3,0.0
2020,7,MP-SAG,23.8388,78.7378,0,1,-0.29,0.319,1.5012130690322585,2.0,0.4838709677419355,0.1935483870967742,0.03225806451612903
2020,8,MP-SAG,23.8388,78.7378,0,1,-0.43,-0.183,1.5708076487096774,8.0,1.0,0.0,0.03225806451612903
2020,9,MP-SAG,23.8388,78.7378,0,1,-0.77,-0.189,1.1078213236666663,4.0,0.6,0.3333333333333333,0.0
2021,6,MP-SAG,23.8388,78.7378,0,1,-0.31,-0.002,1.2543668813333333,1.0,0.7,0.06666666666666667,0.0
2021,7,MP-SAG,23.8388,78.7378,0,1,-0.35,-0.229,1.2697446645161292,2.0,0.45161290322580644,0.12903225806451613,0.03225806451612903
2021,8,MP-SAG,23.8388,78.7378,0,1,-0.46,-0.099,1.3328496390322582,2.0,0.3548387096774194,0.3225806451612903,0.0
2021,9,MP-SAG,23.8388,78.7378,0,1,-0.64,-0.058,1.16716908,3.0,0.8,0.0,0.0
2022,6,MP-SAG,23.8388,78.7378,0,1,-0.73,-0.335,1.7460144566666669,1.0,0.36666666666666664,0.6333333333333333,0.0
2022,7,MP-SAG,23.8388,78.7378,0,1,-0.7,-0.195,0.9906527754838708,4.0,1.0,0.0,0.0
2022,8,MP-SAG,23.8388,78.7378,0,1,-0.78,-0.246,0.962351660967742,2.0,0.8064516129032258,0.0,0.0967741935483871
2022,9,MP-SAG,23.8388,78.7378,0,1,-0.87,-0.322,0.45954351401,4.0,0.6666666666666666,0.16666666666666666,0.0
2023,6,MP-SAG,23.8388,78.7378,0,1,0.73,0.665,1.1452140906,2.0,0.3,0.6333333333333333,0.03333333333333333
2023,7,MP-SAG,23.8388,78.7378,0,1,1.0,0.498,0.7976125261290323,6.0,0.8709677419354839,0.0,0.0
2023,8,MP-SAG,23.8388,78.7378,0,1,1.25,0.826,0.9138732870967742,8.0,0.5806451612903226,0.3870967741935484,0.03225806451612903
2023,9,MP-SAG,23.8388,78.7378,0,1,1.5,0.946,0.8482362092433333,4.0,0.5333333333333333,0.43333333333333335,0.0
1990,6,UP-LKO,26.8467,80.9462,0,0,0.25,-0.568,0.7040596286666666,6.0,0.23333333333333334,0.6333333333333333,0.0
1990,7,UP-LKO,26.8467,80.9462,0,0,0.26,-0.246,0.7642434731967742,1.0,0.6774193548387096,0.0,0.03225806451612903
1990,8,UP-LKO,26.8467,80.9462,0,0,0.32,-0.391,0.8801470647322581,6.0,0.5483870967741935,0.25806451612903225,0.0
1990,9,UP-LKO,26.8467,80.9462,0,0,0.31,-0.183,0.775732242,3.0,0.36666666666666664,0.2,0.03333333333333333
1991,6,UP-LKO,26.8467,80.9462,0,0,0.63,0.263,1.4334286633333333,5.0,0.0,0.9333333333333333,0.0
1991,7,UP-LKO,26.8467,80.9462,0,0,0.77,0.269,0.6487244419290323,6.0,0.22580645161290322,0.5483870967741935,0.0
1991,8,UP-LKO,26.8467,80.9462,0,0,0.67,0.058,1.2953001661290322,5.0,0.8064516129032258,0.06451612903225806,0.0967741935483871
1991,9,UP-LKO,26.8467,80.9462,0,0,0.72,0.099,1.3728957676666669,8.0,0.6333333333333333,0.36666666666666664,0.03333333333333333
1992,6,UP-LKO,26.8467,80.9462,0,0,0.72,-0.861,1.0309609286666666,3.0,0.1,0.8333333333333334,0.0
1992,7,UP-LKO,26.8467,80.9462,0,0,0.35,-0.479,1.032042581935484,3.0,0.45161290322580644,0.2903225806451613,0.0
1992,8,UP-LKO,26.8467,80.9462,0,0,0.08,-0.768,0.7930089680645162,5.0,0.3870967741935484,0.5806451612903226,0.0
1992,9,UP-LKO,26.8467,80.9462,0,0,-0.15,-0.833,1.1277177353333334,2.0,0.4666666666666667,0.36666666666666664,0.0
1993,6,UP-LKO,26.8467,80.9462,0,0,0.56,-0.108,1.5129156700000002,8.0,0.13333333333333333,0.7666666666666667,0.03333333333333333
1993,7,UP-LKO,26.8467,80.9462,0,0,0.28,-0.152,0.8503892948387097,5.0,0.5806451612903226,0.3548387096774194,0.0
1993,8,UP-LKO,26.8467,80.9462,0,0,0.22,-0.306,0.9336245306,1.0,0.03225806451612903,0.8387096774193549,0.0
1993,9,UP-LKO,26.8467,80.9462,0,0,0.2,-0.17,0.4647173026666666,2.0,0.23333333333333334,0.16666666666666666,0.0
1995,6,UP-LKO,26.8467,80.9462,0,0,-0.11,-0.078,0.8386585686666667,2.0,0.23333333333333334,0.5666666666666667,0.0
1995,7,UP-LKO,26.8467,80.9462,0,0,-0.3,-0.169,1.3968855583870967,2.0,0.22580645161290322,0.5483870967741935,0.0
1995,8,UP-LKO,26.8467,80.9462,0,0,-0.55,-0.144,1.3320209096774194,2.0,0.8709677419354839,0.0,0.0
1995,9,UP-LKO,26.8467,80.9462,0,0,-0.81,-0.18,1.0134717556666666,5.0,0.4666666666666667,0.5,0.03333333333333333
1996,6,UP-LKO,26.8467,80.9462,0,0,-0.24,-0.395,1.5769545686666668,3.0,0.26666666666666666,0.7,0.0
1996,7,UP-LKO,26.8467,80.9462,0,0,-0.22,-0.644,1.590457191935484,6.0,0.5806451612903226,0.22580645161290322,0.0
1996,8,UP-LKO,26.8467,80.9462,0,0,-0.27,-0.681,1.0089208741935485,3.0,0.8064516129032258,0.06451612903225806,0.0
1996,9,UP-LKO,26.8467,80.9462,0,0,-0.3,-0.712,1.0609203293333334,5.0,0.3333333333333333,0.36666666666666664,0.0
1998,6,UP-LKO,26.8467,80.9462,0,0,-0.08,0.147,0.921335034,3.0,0.0,0.7666666666666667,0.0
1998,7,UP-LKO,26.8467,80.9462,0,0,-0.63,-0.385,0.75393639,2.0,0.5161290322580645,0.22580645161290322,0.0
1998,8,UP-LKO,26.8467,80.9462,0,0,-0.83,-0.58,1.00514719,2.0,0.22580645161290322,0.16129032258064516,0.0
1998,9,UP-LKO,26.8467,80.9462,0,0,-1.02,-0.496,1.4218518516666667,8.0,0.0,1.0,0.0
2002,6,UP-LKO,26.8467,80.9462,0,0,0.45,-0.189,1.8803833166666664,2.0,0.16666666666666666,0.36666666666666664,0.0
2002,7,UP-LKO,26.8467,80.9462,0,0,0.57,-0.261,1.7221574980645162,8.0,0.0,0.967741935483871,0.0
2002,8,UP-LKO,26.8467,80.9462,0,0,0.63,-0.208,1.420236031935484,8.0,0.45161290322580644,0.2903225806451613,0.06451612903225806
2002,9,UP-LKO,26.8467,80.9462,0,0,0.78,0.286,0.7018471730000001,2.0,0.4666666666666667,0.26666666666666666,0.03333333333333333
2003,6,UP-LKO,26.8467,80.9462,0,0,-0.13,0.139,1.65106069,1.0,0.26666666666666666,0.7333333333333333,0.0
2003,7,UP-LKO,26.8467,80.9462,0,0,0.09,0.131,0.992855799032258,2.0,0.5806451612903226,0.0967741935483871,0.0
2003,8,UP-LKO,26.8467,80.9462,0,0,0.14,0.108,0.6039936987096773,6.0,0.7096774193548387,0.1935483870967742,0.03225806451612903
2003,9,UP-LKO,26.8467,80.9462,0,0,0.23,-0.06,0.7902776976666667,4.0,0.7666666666666667,0.03333333333333333,0.0
2004,6,UP-LKO,26.8467,80.9462,0,0,0.22,-0.384,1.0188708323333333,7.0,0.36666666666666664,0.5,0.03333333333333333
2004,7,UP-LKO,26.8467,80.9462,0,0,0.39,-0.301,1.611224959354839,1.0,0.6774193548387096,0.12903225806451613,0.0
2004,8,UP-LKO,26.8467,80.9462,0,0,0.54,-0.133,1.2484562670967745,6.0,0.4838709677419355,0.25806451612903225,0.0
2004,9,UP-LKO,26.8467,80.9462,0,0,0.58,-0.106,1.438454236,2.0,0.26666666666666666,0.5333333333333333,0.03333333333333333
2005,6,UP-LKO,26.8467,80.9462,0,0,0.09,-0.176,0.7345759723333334,2.0,0.26666666666666666,0.7333333333333333,0.0
2005,7,UP-LKO,26.8467,80.9462,0,0,-0.04,-0.384,1.029081502903226,2.0,0.8709677419354839,0.0,0.0
2005,8,UP-LKO,26.8467,80.9462,0,0,-0.14,-0.345,0.939736100967742,1.0,0.1935483870967742,0.5483870967741935,0.0
2005,9,UP-LKO,26.8467,80.9462,0,0,-0.11,-0.534,1.522602815,8.0,0.23333333333333334,0.7,0.03333333333333333
2007,6,UP-LKO,26.8467,80.9462,0,0,-0.41,0.031,1.3529915246666666,2.0,0.3,0.7,0.03333333333333333
2007,7,UP-LKO,26.8467,80.9462,0,0,-0.49,0.045,1.3795319935483872,1.0,0.45161290322580644,0.5161290322580645,0.03225806451612903
2007,8,UP-LKO,26.8467,80.9462,0,0,-0.77,0.237,0.8762567774193548,2.0,0.4838709677419355,0.3870967741935484,0.0
2007,9,UP-LKO,26.8467,80.9462,0,0,-1.05,0.235,1.1761283893333332,5.0,0.3333333333333333,0.5666666666666667,0.0
2008,6,UP-LKO,26.8467,80.9462,0,0,-0.56,0.215,0.953116955,3.0,0.4,0.16666666666666666,0.0
2008,7,UP-LKO,26.8467,80.9462,0,0,-0.33,0.246,1.2312710548387096,1.0,1.0,0.0,0.03225806451612903
2008,8,UP-LKO,26.8467,80.9462,0,0,-0.2,0.124,1.211697393548387,2.0,0.6774193548387096,0.16129032258064516,0.0967741935483871
2008,9,UP-LKO,26.8467,80.9462,0,0,-0.25,0.086,1.446583400333333,5.0,0.26666666666666666,0.36666666666666664,0.06666666666666667
2009,6,UP-LKO,26.8467,80.9462,0,0,0.34,0.1,1.4584701413333332,8.0,0.0,0.9,0.0
2009,7,UP-LKO,26.8467,80.9462,0,0,0.5,-0.192,0.6150665787096774,5.0,0.5161290322580645,0.06451612903225806,0.03225806451612903
2009,8,UP-LKO,26.8467,80.9462,0,0,0.56,-0.104,1.12875141,1.0,0.6129032258064516,0.1935483870967742,0.0
2009,9,UP-LKO,26.8467,80.9462,0,0,0.66,-0.103,1.6812911126666668,4.0,0.5333333333333333,0.4666666666666667,0.06666666666666667
2010,6,UP-LKO,26.8467,80.9462,0,0,-0.66,-0.14,1.285590429,2.0,0.0,1.0,0.0
2010,7,UP-LKO,26.8467,80.9462,0,0,-0.98,-0.001,1.663601914516129,1.0,0.5806451612903226,0.1935483870967742,0.0
2010,8,UP-LKO,26.8467,80.9462,0,0,-1.24,-0.061,0.747917844516129,1.0,0.3870967741935484,0.2903225806451613,0.0
2010,9,UP-LKO,26.8467,80.9462,0,0,-1.43,-0.267,0.8091414173333332,1.0,0.4,0.16666666666666666,0.0
2011,6,UP-LKO,26.8467,80.9462,0,0,-0.34,0.055,0.6791252076666666,2.0,0.1,0.43333333333333335,0.03333333333333333
2011,7,UP-LKO,26.8467,80.9462,0,0,-0.37,0.223,1.0109919648387098,1.0,0.8064516129032258,0.0,0.03225806451612903
2011,8,UP-LKO,26.8467,80.9462,0,0,-0.5,0.344,1.011544473516129,2.0,0.5806451612903226,0.1935483870967742,0.06451612903225806
2011,9,UP-LKO,26.8467,80.9462,0,0,-0.76,0.202,0.9066917783333334,3.0,0.43333333333333335,0.26666666666666666,0.0
2014,6,UP-LKO,26.8467,80.9462,0,0,0.22,-0.028,1.108679051,4.0,0.0,0.7666666666666667,0.0
2014,7,UP-LKO,26.8467,80.9462,0,0,0.07,-0.363,1.1528067432258065,6.0,0.6129032258064516,0.1935483870967742,0.03225806451612903
2014,8,UP-LKO,26.8467,80.9462,0,0,0.07,-0.372,1.2150309538709676,2.0,0.16129032258064516,0.3870967741935484,0.0
2014,9,UP-LKO,26.8467,80.9462,0,0,0.24,-0.145,0.649377995,4.0,0.23333333333333334,0.6,0.0
2015,6,UP-LKO,26.8467,80.9462,0,0,1.19,0.296,1.992920383333333,4.0,0.16666666666666666,0.8333333333333334,0.03333333333333333
2015,7,UP-LKO,26.8467,80.9462,0,0,1.44,0.225,1.837990334516129,7.0,0.3225806451612903,0.41935483870967744,0.03225806451612903
2015,8,UP-LKO,26.8467,80.9462,0,0,1.73,0.568,0.8428048241935484,8.0,0.2903225806451613,0.3225806451612903,0.0
2015,9,UP-LKO,26.8467,80.9462,0,0,2.02,0.294,0.62977513528,1.0,0.0,1.0,0.0
2016,6,UP-LKO,26.8467,80.9462,0,0,0.09,-0.443,1.5598082686666668,4.0,0.06666666666666667,0.7666666666666667,0.0
2016,7,UP-LKO,26.8467,80.9462,0,0,-0.19,-0.757,1.0086871877419354,2.0,0.7096774193548387,0.03225806451612903,0.0
2016,8,UP-LKO,26.8467,80.9462,0,0,-0.34,-0.443,1.3634238690322582,6.0,0.4838709677419355,0.3548387096774194,0.0
2016,9,UP-LKO,26.8467,80.9462,0,0,-0.42,-0.437,0.9987363606666668,5.0,0.4,0.43333333333333335,0.0
2017,6,UP-LKO,26.8467,80.9462,0,0,0.32,0.424,1.010765505,1.0,0.0,1.0,0.0
2017,7,UP-LKO,26.8467,80.9462,0,0,0.14,0.52,1.0194311058064516,3.0,0.7419354838709677,0.0967741935483871,0.0
2017,8,UP-LKO,26.8467,80.9462,0,0,-0.07,0.349,0.560064344016129,2.0,0.45161290322580644,0.41935483870967744,0.0
2017,9,UP-LKO,26.8467,80.9462,0,0,-0.23,0.035,0.5864452456666667,4.0,0.4,0.4,0.03333333333333333
2018,6,UP-LKO,26.8467,80.9462,0,0,0.13,0.155,1.099695321,1.0,0.03333333333333333,0.7666666666666667,0.0
2018,7,UP-LKO,26.8467,80.9462,0,0,0.2,0.053,1.4670566325806451,6.0,0.4838709677419355,0.25806451612903225,0.03225806451612903
2018,8,UP-LKO,26.8467,80.9462,0,0,0.3,0.121,1.1604823280645162,6.0,0.7419354838709677,0.12903225806451613,0.03225806451612903
2018,9,UP-LKO,26.8467,80.9462,0,0,0.52,0.604,1.0746740603333331,8.0,0.3,0.4,0.0
2020,6,UP-LKO,26.8467,80.9462,0,0,-0.18,0.455,1.3547168013333333,1.0,0.4,0.3333333333333333,0.0
2020,7,UP-LKO,26.8467,80.9462,0,0,-0.29,0.319,1.5012130690322585,2.0,0.5806451612903226,0.0967741935483871,0.0
2020,8,UP-LKO,26.8467,80.9462,0,0,-0.43,-0.183,1.5708076487096774,8.0,0.5483870967741935,0.25806451612903225,0.0
2020,9,UP-LKO,26.8467,80.9462,0,0,-0.77,-0.189,1.1078213236666663,4.0,0.23333333333333334,0.7666666666666667,0.0
2021,6,UP-LKO,26.8467,80.9462,0,0,-0.31,-0.002,1.2543668813333333,1.0,0.6666666666666666,0.1,0.0
2021,7,UP-LKO,26.8467,80.9462,0,0,-0.35,-0.229,1.2697446645161292,2.0,0.41935483870967744,0.5483870967741935,0.0
2021,8,UP-LKO,26.8467,80.9462,0,0,-0.46,-0.099,1.3328496390322582,2.0,0.8387096774193549,0.03225806451612903,0.0
2021,9,UP-LKO,26.8467,80.9462,0,0,-0.64,-0.058,1.16716908,3.0,0.7333333333333333,0.0,0.06666666666666667
2022,6,UP-LKO,26.8467,80.9462,0,0,-0.73,-0.335,1.7460144566666669,1.0,0.03333333333333333,0.9333333333333333,0.0
2022,7,UP-LKO,26.8467,80.9462,0,0,-0.7,-0.195,0.9906527754838708,4.0,0.5161290322580645,0.41935483870967744,0.0
2022,8,UP-LKO,26.8467,80.9462,0,0,-0.78,-0.246,0.962351660967742,2.0,0.8387096774193549,0.0,0.0
2022,9,UP-LKO,26.8467,80.9462,0,0,-0.87,-0.322,0.45954351401,4.0,0.6666666666666666,0.16666666666666666,0.03333333333333333
2023,6,UP-LKO,26.8467,80.9462,0,0,0.73,0.665,1.1452140906,2.0,0.2,0.7,0.0
2023,7,UP-LKO,26.8467,80.9462,0,0,1.0,0.498,0.7976125261290323,6.0,0.7741935483870968,0.1935483870967742,0.03225806451612903
2023,8,UP-LKO,26.8467,80.9462,0,0,1.25,0.826,0.9138732870967742,8.0,0.8709677419354839,0.12903225806451613,0.06451612903225806
2023,9,UP-LKO,26.8467,80.9462,0,0,1.5,0.946,0.8482362092433333,4.0,0.36666666666666664,0.5333333333333333,0.03333333333333333
1990,6,UP-KNP,26.4499,80.3319,0,0,0.25,-0.568,0.7040596286666666,6.0,0.2,0.7333333333333333,0.0
1990,7,UP-KNP,26.4499,80.3319,0,0,0.26,-0.246,0.7642434731967742,1.0,0.2903225806451613,0.25806451612903225,0.03225806451612903
1990,8,UP-KNP,26.4499,80.3319,0,0,0.32,-0.391,0.8801470647322581,6.0,0.7419354838709677,0.25806451612903225,0.0
1990,9,UP-KNP,26.4499,80.3319,0,0,0.31,-0.183,0.775732242,3.0,0.26666666666666666,0.3333333333333333,0.0
1991,6,UP-KNP,26.4499,80.3319,0,0,0.63,0.263,1.4334286633333333,5.0,0.0,1.0,0.0
1991,7,UP-KNP,26.4499,80.3319,0,0,0.77,0.269,0.6487244419290323,6.0,0.0,1.0,0.0
1991,8,UP-KNP,26.4499,80.3319,0,0,0.67,0.058,1.2953001661290322,5.0,0.8387096774193549,0.03225806451612903,0.06451612903225806
1991,9,UP-KNP,26.4499,80.3319,0,0,0.72,0.099,1.3728957676666669,8.0,0.36666666666666664,0.4,0.0
1992,6,UP-KNP,26.4499,80.3319,0,0,0.72,-0.861,1.0309609286666666,3.0,0.0,1.0,0.0
1992,7,UP-KNP,26.4499,80.3319,0,0,0.35,-0.479,1.032042581935484,3.0,0.6451612903225806,0.3225806451612903,0.0
1992,8,UP-KNP,26.4499,80.3319,0,0,0.08,-0.768,0.7930089680645162,5.0,0.22580645161290322,0.2903225806451613,0.0
1992,9,UP-KNP,26.4499,80.3319,0,0,-0.15,-0.833,1.1277177353333334,2.0,0.5333333333333333,0.3333333333333333,0.03333333333333333
1993,6,UP-KNP,26.4499,80.3319,0,0,0.56,-0.108,1.5129156700000002,8.0,0.1,0.8666666666666667,0.0
1993,7,UP-KNP,26.4499,80.3319,0,0,0.28,-0.152,0.8503892948387097,5.0,0.0967741935483871,0.6451612903225806,0.0
1993,8,UP-KNP,26.4499,80.3319,0,0,0.22,-0.306,0.9336245306,1.0,0.3225806451612903,0.41935483870967744,0.0
1993,9,UP-KNP,26.4499,80.3319,0,0,0.2,-0.17,0.4647173026666666,2.0,0.6333333333333333,0.03333333333333333,0.0
1995,6,UP-KNP,26.4499,80.3319,0,0,-0.11,-0.078,0.8386585686666667,2.0,0.1,0.7333333333333333,0.0
1995,7,UP-KNP,26.4499,80.3319,0,0,-0.3,-0.169,1.3968855583870967,2.0,0.0,0.41935483870967744,0.0
1995,8,UP-KNP,26.4499,80.3319,0,0,-0.55,-0.144,1.3320209096774194,2.0,0.6451612903225806,0.03225806451612903,0.0
1995,9,UP-KNP,26.4499,80.3319,0,0,-0.81,-0.18,1.0134717556666666,5.0,0.3,0.5666666666666667,0.03333333333333333
1996,6,UP-KNP,26.4499,80.3319,0,0,-0.24,-0.395,1.5769545686666668,3.0,0.1,0.9,0.03333333333333333
1996,7,UP-KNP,26.4499,80.3319,0,0,-0.22,-0.644,1.590457191935484,6.0,0.12903225806451613,0.41935483870967744,0.0
1996,8,UP-KNP,26.4499,80.3319,0,0,-0.27,-0.681,1.0089208741935485,3.0,0.5806451612903226,0.1935483870967742,0.0
1996,9,UP-KNP,26.4499,80.3319,0,0,-0.3,-0.712,1.0609203293333334,5.0,0.0,0.5666666666666667,0.0
1998,6,UP-KNP,26.4499,80.3319,0,0,-0.08,0.147,0.921335034,3.0,0.03333333333333333,0.9333333333333333,0.0
1998,7,UP-KNP,26.4499,80.3319,0,0,-0.63,-0.385,0.75393639,2.0,0.1935483870967742,0.8064516129032258,0.0
1998,8,UP-KNP,26.4499,80.3319,0,0,-0.83,-0.58,1.00514719,2.0,0.0,1.0,0.0
1998,9,UP-KNP,26.4499,80.3319,0,0,-1.02,-0.496,1.4218518516666667,8.0,0.0,1.0,0.0
2002,6,UP-KNP,26.4499,80.3319,0,0,0.45,-0.189,1.8803833166666664,2.0,0.0,0.9,0.0
2002,7,UP-KNP,26.4499,80.3319,0,0,0.57,-0.261,1.7221574980645162,8.0,0.0,0.7419354838709677,0.0
2002,8,UP-KNP,26.4499,80.3319,0,0,0.63,-0.208,1.420236031935484,8.0,0.5483870967741935,0.25806451612903225,0.0
2002,9,UP-KNP,26.4499,80.3319,0,0,0.78,0.286,0.7018471730000001,2.0,0.5,0.4666666666666667,0.06666666666666667
2003,6,UP-KNP,26.4499,80.3319,0,0,-0.13,0.139,1.65106069,1.0,0.0,0.9333333333333333,0.0
2003,7,UP-KNP,26.4499,80.3319,0,0,0.09,0.131,0.992855799032258,2.0,0.6129032258064516,0.12903225806451613,0.0
2003,8,UP-KNP,26.4499,80.3319,0,0,0.14,0.108,0.6039936987096773,6.0,0.5483870967741935,0.22580645161290322,0.0
2003,9,UP-KNP,26.4499,80.3319,0,0,0.23,-0.06,0.7902776976666667,4.0,0.7666666666666667,0.23333333333333334,0.03333333333333333
2004,6,UP-KNP,26.4499,80.3319,0,0,0.22,-0.384,1.0188708323333333,7.0,0.23333333333333334,0.7,0.0
2004,7,UP-KNP,26.4499,80.3319,0,0,0.39,-0.301,1.611224959354839,1.0,0.2903225806451613,0.3225806451612903,0.0
2004,8,UP-KNP,26.4499,80.3319,0,0,0.54,-0.133,1.2484562670967745,6.0,0.3870967741935484,0.5161290322580645,0.0
2004,9,UP-KNP,26.4499,80.3319,0,0,0.58,-0.106,1.438454236,2.0,0.4,0.43333333333333335,0.0
2005,6,UP-KNP,26.4499,80.3319,0,0,0.09,-0.176,0.7345759723333334,2.0,0.06666666666666667,0.7666666666666667,0.0
2005,7,UP-KNP,26.4499,80.3319,0,0,-0.04,-0.384,1.029081502903226,2.0,0.3225806451612903,0.06451612903225806,0.0
2005,8,UP-KNP,26.4499,80.3319,0,0,-0.14,-0.345,0.939736100967742,1.0,0.1935483870967742,0.7419354838709677,0.0
2005,9,UP-KNP,26.4499,80.3319,0,0,-0.11,-0.534,1.522602815,8.0,0.23333333333333334,0.5666666666666667,0.0
2007,6,UP-KNP,26.4499,80.3319,0,0,-0.41,0.031,1.3529915246666666,2.0,0.0,0.7333333333333333,0.0
2007,7,UP-KNP,26.4499,80.3319,0,0,-0.49,0.045,1.3795319935483872,1.0,0.41935483870967744,0.3870967741935484,0.0
2007,8,UP-KNP,26.4499,80.3319,0,0,-0.77,0.237,0.8762567774193548,2.0,0.4838709677419355,0.22580645161290322,0.0
2007,9,UP-KNP,26.4499,80.3319,0,0,-1.05,0.235,1.1761283893333332,5.0,0.06666666666666667,0.6666666666666666,0.0
2008,6,UP-KNP,26.4499,80.3319,0,0,-0.56,0.215,0.953116955,3.0,0.4666666666666667,0.4,0.0
2008,7,UP-KNP,26.4499,80.3319,0,0,-0.33,0.246,1.2312710548387096,1.0,0.8709677419354839,0.0,0.06451612903225806
2008,8,UP-KNP,26.4499,80.3319,0,0,-0.2,0.124,1.211697393548387,2.0,0.3870967741935484,0.45161290322580644,0.03225806451612903
2008,9,UP-KNP,26.4499,80.3319,0,0,-0.25,0.086,1.446583400333333,5.0,0.3,0.4666666666666667,0.0
2009,6,UP-KNP,26.4499,80.3319,0,0,0.34,0.1,1.4584701413333332,8.0,0.0,1.0,0.0
2009,7,UP-KNP,26.4499,80.3319,0,0,0.5,-0.192,0.6150665787096774,5.0,0.2903225806451613,0.4838709677419355,0.0
2009,8,UP-KNP,26.4499,80.3319,0,0,0.56,-0.104,1.12875141,1.0,0.2903225806451613,0.5806451612903226,0.0
2009,9,UP-KNP,26.4499,80.3319,0,0,0.66,-0.103,1.6812911126666668,4.0,0.23333333333333334,0.7333333333333333,0.03333333333333333
2010,6,UP-KNP,26.4499,80.3319,0,0,-0.66,-0.14,1.285590429,2.0,0.0,1.0,0.0
2010,7,UP-KNP,26.4499,80.3319,0,0,-0.98,-0.001,1.663601914516129,1.0,0.6451612903225806,0.03225806451612903,0.0
2010,8,UP-KNP,26.4499,80.3319,0,0,-1.24,-0.061,0.747917844516129,1.0,0.3225806451612903,0.6451612903225806,0.03225806451612903
2010,9,UP-KNP,26.4499,80.3319,0,0,-1.43,-0.267,0.8091414173333332,1.0,0.5,0.4666666666666667,0.0
2011,6,UP-KNP,26.4499,80.3319,0,0,-0.34,0.055,0.6791252076666666,2.0,0.3333333333333333,0.5333333333333333,0.0
2011,7,UP-KNP,26.4499,80.3319,0,0,-0.37,0.223,1.0109919648387098,1.0,0.4838709677419355,0.3225806451612903,0.03225806451612903
2011,8,UP-KNP,26.4499,80.3319,0,0,-0.5,0.344,1.011544473516129,2.0,0.5161290322580645,0.3548387096774194,0.03225806451612903
2011,9,UP-KNP,26.4499,80.3319,0,0,-0.76,0.202,0.9066917783333334,3.0,0.23333333333333334,0.3,0.0
2014,6,UP-KNP,26.4499,80.3319,0,0,0.22,-0.028,1.108679051,4.0,0.0,0.8,0.0
2014,7,UP-KNP,26.4499,80.3319,0,0,0.07,-0.363,1.1528067432258065,6.0,0.5806451612903226,0.22580645161290322,0.0
2014,8,UP-KNP,26.4499,80.3319,0,0,0.07,-0.372,1.2150309538709676,2.0,0.3225806451612903,0.6129032258064516,0.0
2014,9,UP-KNP,26.4499,80.3319,0,0,0.24,-0.145,0.649377995,4.0,0.4,0.4,0.0
2015,6,UP-KNP,26.4499,80.3319,0,0,1.19,0.296,1.992920383333333,4.0,0.0,0.9666666666666667,0.0
2015,7,UP-KNP,26.4499,80.3319,0,0,1.44,0.225,1.837990334516129,7.0,0.3225806451612903,0.25806451612903225,0.0
2015,8,UP-KNP,26.4499,80.3319,0,0,1.73,0.568,0.8428048241935484,8.0,0.1935483870967742,0.5161290322580645,0.0
2015,9,UP-KNP,26.4499,80.3319,0,0,2.02,0.294,0.62977513528,1.0,0.23333333333333334,0.5333333333333333,0.0
2016,6,UP-KNP,26.4499,80.3319,0,0,0.09,-0.443,1.5598082686666668,4.0,0.26666666666666666,0.7,0.0
2016,7,UP-KNP,26.4499,80.3319,0,0,-0.19,-0.757,1.0086871877419354,2.0,0.7096774193548387,0.12903225806451613,0.0
2016,8,UP-KNP,26.4499,80.3319,0,0,-0.34,-0.443,1.3634238690322582,6.0,0.3870967741935484,0.3225806451612903,0.0
2016,9,UP-KNP,26.4499,80.3319,0,0,-0.42,-0.437,0.9987363606666668,5.0,0.06666666666666667,0.6,0.0
2017,6,UP-KNP,26.4499,80.3319,0,0,0.32,0.424,1.010765505,1.0,0.0,0.8333333333333334,0.0
2017,7,UP-KNP,26.4499,80.3319,0,0,0.14,0.52,1.0194311058064516,3.0,0.7741935483870968,0.06451612903225806,0.03225806451612903
2017,8,UP-KNP,26.4499,80.3319,0,0,-0.07,0.349,0.560064344016129,2.0,0.41935483870967744,0.45161290322580644,0.03225806451612903
2017,9,UP-KNP,26.4499,80.3319,0,0,-0.23,0.035,0.5864452456666667,4.0,0.2,0.7333333333333333,0.0
2018,6,UP-KNP,26.4499,80.3319,0,0,0.13,0.155,1.099695321,1.0,0.0,1.0,0.0
2018,7,UP-KNP,26.4499,80.3319,0,0,0.2,0.053,1.4670566325806451,6.0,0.41935483870967744,0.4838709677419355,0.03225806451612903
2018,8,UP-KNP,26.4499,80.3319,0,0,0.3,0.121,1.1604823280645162,6.0,0.8709677419354839,0.06451612903225806,0.0
2018,9,UP-KNP,26.4499,80.3319,0,0,0.52,0.604,1.0746740603333331,8.0,0.36666666666666664,0.5666666666666667,0.0
2020,6,UP-KNP,26.4499,80.3319,0,0,-0.18,0.455,1.3547168013333333,1.0,0.23333333333333334,0.36666666666666664,0.0
2020,7,UP-KNP,26.4499,80.3319,0,0,-0.29,0.319,1.5012130690322585,2.0,0.8064516129032258,0.06451612903225806,0.03225806451612903
2020,8,UP-KNP,26.4499,80.3319,0,0,-0.43,-0.183,1.5708076487096774,8.0,0.8709677419354839,0.03225806451612903,0.03225806451612903
2020,9,UP-KNP,26.4499,80.3319,0,0,-0.77,-0.189,1.1078213236666663,4.0,0.43333333333333335,0.4,0.0
2021,6,UP-KNP,26.4499,80.3319,0,0,-0.31,-0.002,1.2543668813333333,1.0,0.23333333333333334,0.6,0.03333333333333333
2021,7,UP-KNP,26.4499,80.3319,0,0,-0.35,-0.229,1.2697446645161292,2.0,0.41935483870967744,0.3225806451612903,0.03225806451612903
2021,8,UP-KNP,26.4499,80.3319,0,0,-0.46,-0.099,1.3328496390322582,2.0,0.6129032258064516,0.1935483870967742,0.0
2021,9,UP-KNP,26.4499,80.3319,0,0,-0.64,-0.058,1.16716908,3.0,0.3,0.4666666666666667,0.03333333333333333
2022,6,UP-KNP,26.4499,80.3319,0,0,-0.73,-0.335,1.7460144566666669,1.0,0.0,0.9666666666666667,0.0
2022,7,UP-KNP,26.4499,80.3319,0,0,-0.7,-0.195,0.9906527754838708,4.0,0.5161290322580645,0.3548387096774194,0.0
2022,8,UP-KNP,26.4499,80.3319,0,0,-0.78,-0.246,0.962351660967742,2.0,0.6774193548387096,0.0,0.0
2022,9,UP-KNP,26.4499,80.3319,0,0,-0.87,-0.322,0.45954351401,4.0,0.5,0.36666666666666664,0.03333333333333333
2023,6,UP-KNP,26.4499,80.3319,0,0,0.73,0.665,1.1452140906,2.0,0.3,0.7,0.03333333333333333
2023,7,UP-KNP,26.4499,80.3319,0,0,1.0,0.498,0.7976125261290323,6.0,0.5806451612903226,0.25806451612903225,0.0
2023,8,UP-KNP,26.4499,80.3319,0,0,1.25,0.826,0.9138732870967742,8.0,0.22580645161290322,0.45161290322580644,0.0
2023,9,UP-KNP,26.4499,80.3319,0,0,1.5,0.946,0.8482362092433333,4.0,0.23333333333333334,0.5666666666666667,0.03333333333333333
1990,6,UP-VNS,25.3176,82.9739,0,0,0.25,-0.568,0.7040596286666666,6.0,0.3333333333333333,0.6666666666666666,0.03333333333333333
1990,7,UP-VNS,25.3176,82.9739,0,0,0.26,-0.246,0.7642434731967742,1.0,1.0,0.0,0.0967741935483871
1990,8,UP-VNS,25.3176,82.9739,0,0,0.32,-0.391,0.8801470647322581,6.0,0.5806451612903226,0.41935483870967744,0.03225806451612903
1990,9,UP-VNS,25.3176,82.9739,0,0,0.31,-0.183,0.775732242,3.0,0.3333333333333333,0.43333333333333335,0.0
1991,6,UP-VNS,25.3176,82.9739,0,0,0.63,0.263,1.4334286633333333,5.0,0.0,0.8333333333333334,0.0
1991,7,UP-VNS,25.3176,82.9739,0,0,0.77,0.269,0.6487244419290323,6.0,0.22580645161290322,0.6451612903225806,0.03225806451612903
1991,8,UP-VNS,25.3176,82.9739,0,0,0.67,0.058,1.2953001661290322,5.0,0.8387096774193549,0.0967741935483871,0.06451612903225806
1991,9,UP-VNS,25.3176,82.9739,0,0,0.72,0.099,1.3728957676666669,8.0,0.6666666666666666,0.23333333333333334,0.1
1992,6,UP-VNS,25.3176,82.9739,0,0,0.72,-0.861,1.0309609286666666,3.0,0.0,0.8666666666666667,0.0
1992,7,UP-VNS,25.3176,82.9739,0,0,0.35,-0.479,1.032042581935484,3.0,0.45161290322580644,0.4838709677419355,0.0
1992,8,UP-VNS,25.3176,82.9739,0,0,0.08,-0.768,0.7930089680645162,5.0,0.5161290322580645,0.4838709677419355,0.03225806451612903
1992,9,UP-VNS,25.3176,82.9739,0,0,-0.15,-0.833,1.1277177353333334,2.0,0.3333333333333333,0.36666666666666664,0.0
1993,6,UP-VNS,25.3176,82.9739,0,0,0.56,-0.108,1.5129156700000002,8.0,0.23333333333333334,0.7333333333333333,0.0
1993,7,UP-VNS,25.3176,82.9739,0,0,0.28,-0.152,0.8503892948387097,5.0,0.7741935483870968,0.12903225806451613,0.0
1993,8,UP-VNS,25.3176,82.9739,0,0,0.22,-0.306,0.9336245306,1.0,0.5483870967741935,0.2903225806451613,0.0
1993,9,UP-VNS,25.3176,82.9739,0,0,0.2,-0.17,0.4647173026666666,2.0,0.9,0.03333333333333333,0.06666666666666667
1995,6,UP-VNS,25.3176,82.9739,0,0,-0.11,-0.078,0.8386585686666667,2.0,0.23333333333333334,0.7333333333333333,0.0
1995,7,UP-VNS,25.3176,82.9739,0,0,-0.3,-0.169,1.3968855583870967,2.0,0.22580645161290322,0.16129032258064516,0.0
1995,8,UP-VNS,25.3176,82.9739,0,0,-0.55,-0.144,1.3320209096774194,2.0,0.8709677419354839,0.03225806451612903,0.0
1995,9,UP-VNS,25.3176,82.9739,0,0,-0.81,-0.18,1.0134717556666666,5.0,0.6,0.3333333333333333,0.06666666666666667
1996,6,UP-VNS,25.3176,82.9739,0,0,-0.24,-0.395,1.5769545686666668,3.0,0.43333333333333335,0.43333333333333335,0.0
1996,7,UP-VNS,25.3176,82.9739,0,0,-0.22,-0.644,1.590457191935484,6.0,0.6774193548387096,0.22580645161290322,0.0
1996,8,UP-VNS,25.3176,82.9739,0,0,-0.27,-0.681,1.0089208741935485,3.0,0.7741935483870968,0.06451612903225806,0.0
1996,9,UP-VNS,25.3176,82.9739,0,0,-0.3,-0.712,1.0609203293333334,5.0,0.3,0.5666666666666667,0.0
1998,6,UP-VNS,25.3176,82.9739,0,0,-0.08,0.147,0.921335034,3.0,0.2,0.7666666666666667,0.0
1998,7,UP-VNS,25.3176,82.9739,0,0,-0.63,-0.385,0.75393639,2.0,0.03225806451612903,0.8387096774193549,0.0
1998,8,UP-VNS,25.3176,82.9739,0,0,-0.83,-0.58,1.00514719,2.0,0.9354838709677419,0.0,0.0
1998,9,UP-VNS,25.3176,82.9739,0,0,-1.02,-0.496,1.4218518516666667,8.0,0.06666666666666667,0.9,0.0
2002,6,UP-VNS,25.3176,82.9739,0,0,0.45,-0.189,1.8803833166666664,2.0,0.0,1.0,0.0
2002,7,UP-VNS,25.3176,82.9739,0,0,0.57,-0.261,1.7221574980645162,8.0,0.2903225806451613,0.7096774193548387,0.03225806451612903
2002,8,UP-VNS,25.3176,82.9739,0,0,0.63,-0.208,1.420236031935484,8.0,0.41935483870967744,0.22580645161290322,0.03225806451612903
2002,9,UP-VNS,25.3176,82.9739,0,0,0.78,0.286,0.7018471730000001,2.0,0.36666666666666664,0.3333333333333333,0.0
2003,6,UP-VNS,25.3176,82.9739,0,0,-0.13,0.139,1.65106069,1.0,0.23333333333333334,0.7666666666666667,0.0
2003,7,UP-VNS,25.3176,82.9739,0,0,0.09,0.131,0.992855799032258,2.0,0.7741935483870968,0.06451612903225806,0.0
2003,8,UP-VNS,25.3176,82.9739,0,0,0.14,0.108,0.6039936987096773,6.0,0.8064516129032258,0.12903225806451613,0.03225806451612903
2003,9,UP-VNS,25.3176,82.9739,0,0,0.23,-0.06,0.7902776976666667,4.0,0.9,0.0,0.06666666666666667
2004,6,UP-VNS,25.3176,82.9739,0,0,0.22,-0.384,1.0188708323333333,7.0,0.26666666666666666,0.6333333333333333,0.0
2004,7,UP-VNS,25.3176,82.9739,0,0,0.39,-0.301,1.611224959354839,1.0,0.41935483870967744,0.3548387096774194,0.0
2004,8,UP-VNS,25.3176,82.9739,0,0,0.54,-0.133,1.2484562670967745,6.0,0.5806451612903226,0.16129032258064516,0.0
2004,9,UP-VNS,25.3176,82.9739,0,0,0.58,-0.106,1.438454236,2.0,0.23333333333333334,0.5666666666666667,0.0
2005,6,UP-VNS,25.3176,82.9739,0,0,0.09,-0.176,0.7345759723333334,2.0,0.0,1.0,0.0
2005,7,UP-VNS,25.3176,82.9739,0,0,-0.04,-0.384,1.029081502903226,2.0,0.5483870967741935,0.16129032258064516,0.0
2005,8,UP-VNS,25.3176,82.9739,0,0,-0.14,-0.345,0.939736100967742,1.0,0.5806451612903226,0.25806451612903225,0.06451612903225806
2005,9,UP-VNS,25.3176,82.9739,0,0,-0.11,-0.534,1.522602815,8.0,0.0,0.8333333333333334,0.0
2007,6,UP-VNS,25.3176,82.9739,0,0,-0.41,0.031,1.3529915246666666,2.0,0.1,0.6666666666666666,0.0
2007,7,UP-VNS,25.3176,82.9739,0,0,-0.49,0.045,1.3795319935483872,1.0,0.4838709677419355,0.1935483870967742,0.03225806451612903
2007,8,UP-VNS,25.3176,82.9739,0,0,-0.77,0.237,0.8762567774193548,2.0,0.03225806451612903,0.4838709677419355,0.0
2007,9,UP-VNS,25.3176,82.9739,0,0,-1.05,0.235,1.1761283893333332,5.0,0.26666666666666666,0.4,0.0
2008,6,UP-VNS,25.3176,82.9739,0,0,-0.56,0.215,0.953116955,3.0,0.2,0.6,0.0
2008,7,UP-VNS,25.3176,82.9739,0,0,-0.33,0.246,1.2312710548387096,1.0,0.7741935483870968,0.0,0.0
2008,8,UP-VNS,25.3176,82.9739,0,0,-0.2,0.124,1.211697393548387,2.0,0.5806451612903226,0.22580645161290322,0.03225806451612903
2008,9,UP-VNS,25.3176,82.9739,0,0,-0.25,0.086,1.446583400333333,5.0,0.0,0.6666666666666666,0.0
2009,6,UP-VNS,25.3176,82.9739,0,0,0.34,0.1,1.4584701413333332,8.0,0.0,1.0,0.0
2009,7,UP-VNS,25.3176,82.9739,0,0,0.5,-0.192,0.6150665787096774,5.0,0.5806451612903226,0.2903225806451613,0.03225806451612903
2009,8,UP-VNS,25.3176,82.9739,0,0,0.56,-0.104,1.12875141,1.0,0.3225806451612903,0.5161290322580645,0.0
2009,9,UP-VNS,25.3176,82.9739,0,0,0.66,-0.103,1.6812911126666668,4.0,0.3,0.5333333333333333,0.03333333333333333
2010,6,UP-VNS,25.3176,82.9739,0,0,-0.66,-0.14,1.285590429,2.0,0.0,1.0,0.0
2010,7,UP-VNS,25.3176,82.9739,0,0,-0.98,-0.001,1.663601914516129,1.0,0.5806451612903226,0.3225806451612903,0.0
2010,8,UP-VNS,25.3176,82.9739,0,0,-1.24,-0.061,0.747917844516129,1.0,0.6129032258064516,0.12903225806451613,0.0
2010,9,UP-VNS,25.3176,82.9739,0,0,-1.43,-0.267,0.8091414173333332,1.0,0.26666666666666666,0.3333333333333333,0.0
2011,6,UP-VNS,25.3176,82.9739,0,0,-0.34,0.055,0.6791252076666666,2.0,0.43333333333333335,0.5,0.0
2011,7,UP-VNS,25.3176,82.9739,0,0,-0.37,0.223,1.0109919648387098,1.0,0.5806451612903226,0.16129032258064516,0.0
2011,8,UP-VNS,25.3176,82.9739,0,0,-0.5,0.344,1.011544473516129,2.0,0.6774193548387096,0.06451612903225806,0.0
2011,9,UP-VNS,25.3176,82.9739,0,0,-0.76,0.202,0.9066917783333334,3.0,0.6333333333333333,0.23333333333333334,0.03333333333333333
2014,6,UP-VNS,25.3176,82.9739,0,0,0.22,-0.028,1.108679051,4.0,0.0,1.0,0.0
2014,7,UP-VNS,25.3176,82.9739,0,0,0.07,-0.363,1.1528067432258065,6.0,0.5806451612903226,0.25806451612903225,0.0
2014,8,UP-VNS,25.3176,82.9739,0,0,0.07,-0.372,1.2150309538709676,2.0,0.3225806451612903,0.3225806451612903,0.0
2014,9,UP-VNS,25.3176,82.9739,0,0,0.24,-0.145,0.649377995,4.0,0.0,0.8,0.0
2015,6,UP-VNS,25.3176,82.9739,0,0,1.19,0.296,1.992920383333333,4.0,0.1,0.8,0.0
2015,7,UP-VNS,25.3176,82.9739,0,0,1.44,0.225,1.837990334516129,7.0,0.5161290322580645,0.2903225806451613,0.03225806451612903
2015,8,UP-VNS,25.3176,82.9739,0,0,1.73,0.568,0.8428048241935484,8.0,0.41935483870967744,0.2903225806451613,0.03225806451612903
2015,9,UP-VNS,25.3176,82.9739,0,0,2.02,0.294,0.62977513528,1.0,0.0,1.0,0.0
2016,6,UP-VNS,25.3176,82.9739,0,0,0.09,-0.443,1.5598082686666668,4.0,0.0,0.7666666666666667,0.0
2016,7,UP-VNS,25.3176,82.9739,0,0,-0.19,-0.757,1.0086871877419354,2.0,0.7419354838709677,0.06451612903225806,0.03225806451612903
2016,8,UP-VNS,25.3176,82.9739,0,0,-0.34,-0.443,1.3634238690322582,6.0,0.8387096774193549,0.0,0.0
2016,9,UP-VNS,25.3176,82.9739,0,0,-0.42,-0.437,0.9987363606666668,5.0,0.4666666666666667,0.26666666666666666,0.0
2017,6,UP-VNS,25.3176,82.9739,0,0,0.32,0.424,1.010765505,1.0,0.0,1.0,0.0
2017,7,UP-VNS,25.3176,82.9739,0,0,0.14,0.52,1.0194311058064516,3.0,0.6774193548387096,0.12903225806451613,0.03225806451612903
2017,8,UP-VNS,25.3176,82.9739,0,0,-0.07,0.349,0.560064344016129,2.0,0.22580645161290322,0.4838709677419355,0.0
2017,9,UP-VNS,25.3176,82.9739,0,0,-0.23,0.035,0.5864452456666667,4.0,0.23333333333333334,0.7666666666666667,0.0
2018,6,UP-VNS,25.3176,82.9739,0,0,0.13,0.155,1.099695321,1.0,0.0,0.8666666666666667,0.0
2018,7,UP-VNS,25.3176,82.9739,0,0,0.2,0.053,1.4670566325806451,6.0,0.25806451612903225,0.3548387096774194,0.0
2018,8,UP-VNS,25.3176,82.9739,0,0,0.3,0.121,1.1604823280645162,6.0,0.5483870967741935,0.06451612903225806,0.0
2018,9,UP-VNS,25.3176,82.9739,0,0,0.52,0.604,1.0746740603333331,8.0,0.3,0.7,0.0
2020,6,UP-VNS,25.3176,82.9739,0,0,-0.18,0.455,1.3547168013333333,1.0,0.6333333333333333,0.23333333333333334,0.0
2020,7,UP-VNS,25.3176,82.9739,0,0,-0.29,0.319,1.5012130690322585,2.0,0.2903225806451613,0.0967741935483871,0.0
2020,8,UP-VNS,25.3176,82.9739,0,0,-0.43,-0.183,1.5708076487096774,8.0,0.22580645161290322,0.1935483870967742,0.0
2020,9,UP-VNS,25.3176,82.9739,0,0,-0.77,-0.189,1.1078213236666663,4.0,0.2,0.5,0.0
2021,6,UP-VNS,25.3176,82.9739,0,0,-0.31,-0.002,1.2543668813333333,1.0,0.6,0.26666666666666666,0.0
2021,7,UP-VNS,25.3176,82.9739,0,0,-0.35,-0.229,1.2697446645161292,2.0,0.25806451612903225,0.5161290322580645,0.0
2021,8,UP-VNS,25.3176,82.9739,0,0,-0.46,-0.099,1.3328496390322582,2.0,0.41935483870967744,0.1935483870967742,0.0
2021,9,UP-VNS,25.3176,82.9739,0,0,-0.64,-0.058,1.16716908,3.0,0.23333333333333334,0.43333333333333335,0.0
2022,6,UP-VNS,25.3176,82.9739,0,0,-0.73,-0.335,1.7460144566666669,1.0,0.06666666666666667,0.9333333333333333,0.0
2022,7,UP-VNS,25.3176,82.9739,0,0,-0.7,-0.195,0.9906527754838708,4.0,0.5483870967741935,0.3870967741935484,0.03225806451612903
2022,8,UP-VNS,25.3176,82.9739,0,0,-0.78,-0.246,0.962351660967742,2.0,0.22580645161290322,0.6774193548387096,0.0
2022,9,UP-VNS,25.3176,82.9739,0,0,-0.87,-0.322,0.45954351401,4.0,0.4,0.4666666666666667,0.0
2023,6,UP-VNS,25.3176,82.9739,0,0,0.73,0.665,1.1452140906,2.0,0.0,0.9666666666666667,0.0
2023,7,UP-VNS,25.3176,82.9739,0,0,1.0,0.498,0.7976125261290323,6.0,0.3870967741935484,0.25806451612903225,0.0
2023,8,UP-VNS,25.3176,82.9739,0,0,1.25,0.826,0.9138732870967742,8.0,0.3225806451612903,0.5806451612903226,0.0
2023,9,UP-VNS,25.3176,82.9739,0,0,1.5,0.946,0.8482362092433333,4.0,0.23333333333333334,0.6,0.0
1990,6,UP-AGR,27.1767,78.0081,0,0,0.25,-0.568,0.7040596286666666,6.0,0.0,1.0,0.0
1990,7,UP-AGR,27.1767,78.0081,0,0,0.26,-0.246,0.7642434731967742,1.0,0.3225806451612903,0.2903225806451613,0.0
1990,8,UP-AGR,27.1767,78.0081,0,0,0.32,-0.391,0.8801470647322581,6.0,0.06451612903225806,0.6451612903225806,0.0
1990,9,UP-AGR,27.1767,78.0081,0,0,0.31,-0.183,0.775732242,3.0,0.5333333333333333,0.23333333333333334,0.0
1991,6,UP-AGR,27.1767,78.0081,0,0,0.63,0.263,1.4334286633333333,5.0,0.0,1.0,0.0
1991,7,UP-AGR,27.1767,78.0081,0,0,0.77,0.269,0.6487244419290323,6.0,0.06451612903225806,0.7419354838709677,0.0
1991,8,UP-AGR,27.1767,78.0081,0,0,0.67,0.058,1.2953001661290322,5.0,0.45161290322580644,0.22580645161290322,0.0
1991,9,UP-AGR,27.1767,78.0081,0,0,0.72,0.099,1.3728957676666669,8.0,0.03333333333333333,0.6,0.0
1992,6,UP-AGR,27.1767,78.0081,0,0,0.72,-0.861,1.0309609286666666,3.0,0.0,0.9666666666666667,0.0
1992,7,UP-AGR,27.1767,78.0081,0,0,0.35,-0.479,1.032042581935484,3.0,0.3870967741935484,0.16129032258064516,0.0
1992,8,UP-AGR,27.1767,78.0081,0,0,0.08,-0.768,0.7930089680645162,5.0,0.8064516129032258,0.0,0.0
1992,9,UP-AGR,27.1767,78.0081,0,0,-0.15,-0.833,1.1277177353333334,2.0,0.5666666666666667,0.4,0.0
1993,6,UP-AGR,27.1767,78.0081,0,0,0.56,-0.108,1.5129156700000002,8.0,0.0,1.0,0.0
1993,7,UP-AGR,27.1767,78.0081,0,0,0.28,-0.152,0.8503892948387097,5.0,0.2903225806451613,0.5483870967741935,0.03225806451612903
1993,8,UP-AGR,27.1767,78.0081,0,0,0.22,-0.306,0.9336245306,1.0,0.2903225806451613,0.7096774193548387,0.03225806451612903
1993,9,UP-AGR,27.1767,78.0081,0,0,0.2,-0.17,0.4647173026666666,2.0,0.7,0.3,0.06666666666666667
1995,6,UP-AGR,27.1767,78.0081,0,0,-0.11,-0.078,0.8386585686666667,2.0,0.3333333333333333,0.6666666666666666,0.0
1995,7,UP-AGR,27.1767,78.0081,0,0,-0.3,-0.169,1.3968855583870967,2.0,0.3548387096774194,0.5161290322580645,0.0
1995,8,UP-AGR,27.1767,78.0081,0,0,-0.55,-0.144,1.3320209096774194,2.0,0.7096774193548387,0.22580645161290322,0.0967741935483871
1995,9,UP-AGR,27.1767,78.0081,0,0,-0.81,-0.18,1.0134717556666666,5.0,0.36666666666666664,0.5,0.0
1996,6,UP-AGR,27.1767,78.0081,0,0,-0.24,-0.395,1.5769545686666668,3.0,0.2,0.6,0.06666666666666667
1996,7,UP-AGR,27.1767,78.0081,0,0,-0.22,-0.644,1.590457191935484,6.0,0.3225806451612903,0.5483870967741935,0.0
1996,8,UP-AGR,27.1767,78.0081,0,0,-0.27,-0.681,1.0089208741935485,3.0,0.8064516129032258,0.06451612903225806,0.0
1996,9,UP-AGR,27.1767,78.0081,0,0,-0.3,-0.712,1.0609203293333334,5.0,0.36666666666666664,0.5333333333333333,0.0
1998,6,UP-AGR,27.1767,78.0081,0,0,-0.08,0.147,0.921335034,3.0,0.3,0.6666666666666666,0.0
1998,7,UP-AGR,27.1767,78.0081,0,0,-0.63,-0.385,0.75393639,2.0,0.3548387096774194,0.45161290322580644,0.0
1998,8,UP-AGR,27.1767,78.0081,0,0,-0.83,-0.58,1.00514719,2.0,0.6774193548387096,0.0967741935483871,0.03225806451612903
1998,9,UP-AGR,27.1767,78.0081,0,0,-1.02,-0.496,1.4218518516666667,8.0,0.5333333333333333,0.23333333333333334,0.0
2002,6,UP-AGR,27.1767,78.0081,0,0,0.45,-0.189,1.8803833166666664,2.0,0.0,1.0,0.0
2002,7,UP-AGR,27.1767,78.0081,0,0,0.57,-0.261,1.7221574980645162,8.0,0.0,1.0,0.0
2002,8,UP-AGR,27.1767,78.0081,0,0,0.63,-0.208,1.420236031935484,8.0,0.22580645161290322,0.5161290322580645,0.0
2002,9,UP-AGR,27.1767,78.0081,0,0,0.78,0.286,0.7018471730000001,2.0,0.23333333333333334,0.7666666666666667,0.0
2003,6,UP-AGR,27.1767,78.0081,0,0,-0.13,0.139,1.65106069,1.0,0.36666666666666664,0.4666666666666667,0.0
2003,7,UP-AGR,27.1767,78.0081,0,0,0.09,0.131,0.992855799032258,2.0,0.5806451612903226,0.16129032258064516,0.0
2003,8,UP-AGR,27.1767,78.0081,0,0,0.14,0.108,0.6039936987096773,6.0,0.0967741935483871,0.5806451612903226,0.0
2003,9,UP-AGR,27.1767,78.0081,0,0,0.23,-0.06,0.7902776976666667,4.0,0.5333333333333333,0.4,0.0
2004,6,UP-AGR,27.1767,78.0081,0,0,0.22,-0.384,1.0188708323333333,7.0,0.0,1.0,0.0
2004,7,UP-AGR,27.1767,78.0081,0,0,0.39,-0.301,1.611224959354839,1.0,0.22580645161290322,0.45161290322580644,0.0
2004,8,UP-AGR,27.1767,78.0081,0,0,0.54,-0.133,1.2484562670967745,6.0,0.3548387096774194,0.25806451612903225,0.0
2004,9,UP-AGR,27.1767,78.0081,0,0,0.58,-0.106,1.438454236,2.0,0.0,0.7666666666666667,0.0
2005,6,UP-AGR,27.1767,78.0081,0,0,0.09,-0.176,0.7345759723333334,2.0,0.0,1.0,0.0
2005,7,UP-AGR,27.1767,78.0081,0,0,-0.04,-0.384,1.029081502903226,2.0,0.7096774193548387,0.16129032258064516,0.0
2005,8,UP-AGR,27.1767,78.0081,0,0,-0.14,-0.345,0.939736100967742,1.0,0.06451612903225806,0.6774193548387096,0.0
2005,9,UP-AGR,27.1767,78.0081,0,0,-0.11,-0.534,1.522602815,8.0,0.0,0.6,0.0
2007,6,UP-AGR,27.1767,78.0081,0,0,-0.41,0.031,1.3529915246666666,2.0,0.06666666666666667,0.7,0.0
2007,7,UP-AGR,27.1767,78.0081,0,0,-0.49,0.045,1.3795319935483872,1.0,0.25806451612903225,0.6129032258064516,0.0
2007,8,UP-AGR,27.1767,78.0081,0,0,-0.77,0.237,0.8762567774193548,2.0,0.1935483870967742,0.5483870967741935,0.0
2007,9,UP-AGR,27.1767,78.0081,0,0,-1.05,0.235,1.1761283893333332,5.0,0.0,0.6666666666666666,0.0
2008,6,UP-AGR,27.1767,78.0081,0,0,-0.56,0.215,0.953116955,3.0,0.0,0.7,0.0
2008,7,UP-AGR,27.1767,78.0081,0,0,-0.33,0.246,1.2312710548387096,1.0,0.45161290322580644,0.25806451612903225,0.0
2008,8,UP-AGR,27.1767,78.0081,0,0,-0.2,0.124,1.211697393548387,2.0,0.0967741935483871,0.7419354838709677,0.0
2008,9,UP-AGR,27.1767,78.0081,0,0,-0.25,0.086,1.446583400333333,5.0,0.0,0.7666666666666667,0.0
2009,6,UP-AGR,27.1767,78.0081,0,0,0.34,0.1,1.4584701413333332,8.0,0.0,1.0,0.0
2009,7,UP-AGR,27.1767,78.0081,0,0,0.5,-0.192,0.6150665787096774,5.0,0.0,0.7741935483870968,0.0
2009,8,UP-AGR,27.1767,78.0081,0,0,0.56,-0.104,1.12875141,1.0,0.22580645161290322,0.7741935483870968,0.0
2009,9,UP-AGR,27.1767,78.0081,0,0,0.66,-0.103,1.6812911126666668,4.0,0.0,0.8666666666666667,0.0
2010,6,UP-AGR,27.1767,78.0081,0,0,-0.66,-0.14,1.285590429,2.0,0.0,1.0,0.0
2010,7,UP-AGR,27.1767,78.0081,0,0,-0.98,-0.001,1.663601914516129,1.0,0.41935483870967744,0.45161290322580644,0.0
2010,8,UP-AGR,27.1767,78.0081,0,0,-1.24,-0.061,0.747917844516129,1.0,0.3225806451612903,0.2903225806451613,0.0
2010,9,UP-AGR,27.1767,78.0081,0,0,-1.43,-0.267,0.8091414173333332,1.0,0.3333333333333333,0.2,0.0
2011,6,UP-AGR,27.1767,78.0081,0,0,-0.34,0.055,0.6791252076666666,2.0,0.36666666666666664,0.43333333333333335,0.0
2011,7,UP-AGR,27.1767,78.0081,0,0,-0.37,0.223,1.0109919648387098,1.0,0.6774193548387096,0.0967741935483871,0.0
2011,8,UP-AGR,27.1767,78.0081,0,0,-0.5,0.344,1.011544473516129,2.0,0.2903225806451613,0.1935483870967742,0.0
2011,9,UP-AGR,27.1767,78.0081,0,0,-0.76,0.202,0.9066917783333334,3.0,0.5,0.3333333333333333,0.0
2014,6,UP-AGR,27.1767,78.0081,0,0,0.22,-0.028,1.108679051,4.0,0.0,1.0,0.0
2014,7,UP-AGR,27.1767,78.0081,0,0,0.07,-0.363,1.1528067432258065,6.0,0.2903225806451613,0.5483870967741935,0.0
2014,8,UP-AGR,27.1767,78.0081,0,0,0.07,-0.372,1.2150309538709676,2.0,0.3870967741935484,0.3870967741935484,0.0
2014,9,UP-AGR,27.1767,78.0081,0,0,0.24,-0.145,0.649377995,4.0,0.03333333333333333,0.5,0.0
2015,6,UP-AGR,27.1767,78.0081,0,0,1.19,0.296,1.992920383333333,4.0,0.0,0.8,0.0
2015,7,UP-AGR,27.1767,78.0081,0,0,1.44,0.225,1.837990334516129,7.0,0.22580645161290322,0.3870967741935484,0.0
2015,8,UP-AGR,27.1767,78.0081,0,0,1.73,0.568,0.8428048241935484,8.0,0.3225806451612903,0.3548387096774194,0.0
2015,9,UP-AGR,27.1767,78.0081,0,0,2.02,0.294,0.62977513528,1.0,0.03333333333333333,0.4666666666666667,0.0
2016,6,UP-AGR,27.1767,78.0081,0,0,0.09,-0.443,1.5598082686666668,4.0,0.23333333333333334,0.5666666666666667,0.0
2016,7,UP-AGR,27.1767,78.0081,0,0,-0.19,-0.757,1.0086871877419354,2.0,0.6451612903225806,0.06451612903225806,0.03225806451612903
2016,8,UP-AGR,27.1767,78.0081,0,0,-0.34,-0.443,1.3634238690322582,6.0,0.7096774193548387,0.03225806451612903,0.0
2016,9,UP-AGR,27.1767,78.0081,0,0,-0.42,-0.437,0.9987363606666668,5.0,0.23333333333333334,0.5333333333333333,0.0
2017,6,UP-AGR,27.1767,78.0081,0,0,0.32,0.424,1.010765505,1.0,0.0,0.7,0.0
2017,7,UP-AGR,27.1767,78.0081,0,0,0.14,0.52,1.0194311058064516,3.0,0.2903225806451613,0.45161290322580644,0.0
2017,8,UP-AGR,27.1767,78.0081,0,0,-0.07,0.349,0.560064344016129,2.0,0.1935483870967742,0.3870967741935484,0.0
2017,9,UP-AGR,27.1767,78.0081,0,0,-0.23,0.035,0.5864452456666667,4.0,0.0,0.7,0.0
2018,6,UP-AGR,27.1767,78.0081,0,0,0.13,0.155,1.099695321,1.0,0.06666666666666667,0.9,0.0
2018,7,UP-AGR,27.1767,78.0081,0,0,0.2,0.053,1.4670566325806451,6.0,0.8064516129032258,0.1935483870967742,0.06451612903225806
2018,8,UP-AGR,27.1767,78.0081,0,0,0.3,0.121,1.1604823280645162,6.0,0.6774193548387096,0.25806451612903225,0.03225806451612903
2018,9,UP-AGR,27.1767,78.0081,0,0,0.52,0.604,1.0746740603333331,8.0,0.4,0.36666666666666664,0.0
2020,6,UP-AGR,27.1767,78.0081,0,0,-0.18,0.455,1.3547168013333333,1.0,0.0,0.8333333333333334,0.0
2020,7,UP-AGR,27.1767,78.0081,0,0,-0.29,0.319,1.5012130690322585,2.0,0.16129032258064516,0.6129032258064516,0.0
2020,8,UP-AGR,27.1767,78.0081,0,0,-0.43,-0.183,1.5708076487096774,8.0,0.5806451612903226,0.2903225806451613,0.0
2020,9,UP-AGR,27.1767,78.0081,0,0,-0.77,-0.189,1.1078213236666663,4.0,0.0,0.9666666666666667,0.0
2021,6,UP-AGR,27.1767,78.0081,0,0,-0.31,-0.002,1.2543668813333333,1.0,0.0,0.9333333333333333,0.0
2021,7,UP-AGR,27.1767,78.0081,0,0,-0.35,-0.229,1.2697446645161292,2.0,0.25806451612903225,0.41935483870967744,0.0
2021,8,UP-AGR,27.1767,78.0081,0,0,-0.46,-0.099,1.3328496390322582,2.0,0.2903225806451613,0.41935483870967744,0.0
2021,9,UP-AGR,27.1767,78.0081,0,0,-0.64,-0.058,1.16716908,3.0,0.26666666666666666,0.26666666666666666,0.0
2022,6,UP-AGR,27.1767,78.0081,0,0,-0.73,-0.335,1.7460144566666669,1.0,0.23333333333333334,0.7666666666666667,0.0
2022,7,UP-AGR,27.1767,78.0081,0,0,-0.7,-0.195,0.9906527754838708,4.0,1.0,0.0,0.0
2022,8,UP-AGR,27.1767,78.0081,0,0,-0.78,-0.246,0.962351660967742,2.0,0.3548387096774194,0.12903225806451613,0.0
2022,9,UP-AGR,27.1767,78.0081,0,0,-0.87,-0.322,0.45954351401,4.0,0.4666666666666667,0.2,0.03333333333333333
2023,6,UP-AGR,27.1767,78.0081,0,0,0.73,0.665,1.1452140906,2.0,0.0,0.7666666666666667,0.0
2023,7,UP-AGR,27.1767,78.0081,0,0,1.0,0.498,0.7976125261290323,6.0,0.12903225806451613,0.2903225806451613,0.0
2023,8,UP-AGR,27.1767,78.0081,0,0,1.25,0.826,0.9138732870967742,8.0,0.45161290322580644,0.4838709677419355,0.0
2023,9,UP-AGR,27.1767,78.0081,0,0,1.5,0.946,0.8482362092433333,4.0,0.23333333333333334,0.5333333333333333,0.0
1990,6,UP-GKP,26.7606,83.3732,0,0,0.25,-0.568,0.7040596286666666,6.0,0.3,0.6333333333333333,0.0
1990,7,UP-GKP,26.7606,83.3732,0,0,0.26,-0.246,0.7642434731967742,1.0,0.967741935483871,0.0,0.0
1990,8,UP-GKP,26.7606,83.3732,0,0,0.32,-0.391,0.8801470647322581,6.0,0.45161290322580644,0.3548387096774194,0.06451612903225806
1990,9,UP-GKP,26.7606,83.3732,0,0,0.31,-0.183,0.775732242,3.0,0.7,0.16666666666666666,0.0
1991,6,UP-GKP,26.7606,83.3732,0,0,0.63,0.263,1.4334286633333333,5.0,0.4666666666666667,0.5,0.03333333333333333
1991,7,UP-GKP,26.7606,83.3732,0,0,0.77,0.269,0.6487244419290323,6.0,0.3870967741935484,0.45161290322580644,0.03225806451612903
1991,8,UP-GKP,26.7606,83.3732,0,0,0.67,0.058,1.2953001661290322,5.0,0.967741935483871,0.0,0.0
1991,9,UP-GKP,26.7606,83.3732,0,0,0.72,0.099,1.3728957676666669,8.0,0.7666666666666667,0.16666666666666666,0.03333333333333333
1992,6,UP-GKP,26.7606,83.3732,0,0,0.72,-0.861,1.0309609286666666,3.0,0.2,0.5333333333333333,0.0
1992,7,UP-GKP,26.7606,83.3732,0,0,0.35,-0.479,1.032042581935484,3.0,0.7419354838709677,0.12903225806451613,0.06451612903225806
1992,8,UP-GKP,26.7606,83.3732,0,0,0.08,-0.768,0.7930089680645162,5.0,0.45161290322580644,0.3870967741935484,0.03225806451612903
1992,9,UP-GKP,26.7606,83.3732,0,0,-0.15,-0.833,1.1277177353333334,2.0,0.23333333333333334,0.5333333333333333,0.0
1993,6,UP-GKP,26.7606,83.3732,0,0,0.56,-0.108,1.5129156700000002,8.0,0.4,0.4666666666666667,0.0
1993,7,UP-GKP,26.7606,83.3732,0,0,0.28,-0.152,0.8503892948387097,5.0,0.3225806451612903,0.5161290322580645,0.0
1993,8,UP-GKP,26.7606,83.3732,0,0,0.22,-0.306,0.9336245306,1.0,0.8709677419354839,0.0,0.0
1993,9,UP-GKP,26.7606,83.3732,0,0,0.2,-0.17,0.4647173026666666,2.0,0.8333333333333334,0.03333333333333333,0.0
1995,6,UP-GKP,26.7606,83.3732,0,0,-0.11,-0.078,0.8386585686666667,2.0,0.4,0.6,0.0
1995,7,UP-GKP,26.7606,83.3732,0,0,-0.3,-0.169,1.3968855583870967,2.0,0.7419354838709677,0.22580645161290322,0.0967741935483871
1995,8,UP-GKP,26.7606,83.3732,0,0,-0.55,-0.144,1.3320209096774194,2.0,1.0,0.0,0.03225806451612903
1995,9,UP-GKP,26.7606,83.3732,0,0,-0.81,-0.18,1.0134717556666666,5.0,0.6,0.13333333333333333,0.03333333333333333
1996,6,UP-GKP,26.7606,83.3732,0,0,-0.24,-0.395,1.5769545686666668,3.0,0.4,0.3,0.03333333333333333
1996,7,UP-GKP,26.7606,83.3732,0,0,-0.22,-0.644,1.590457191935484,6.0,0.7096774193548387,0.0,0.03225806451612903
1996,8,UP-GKP,26.7606,83.3732,0,0,-0.27,-0.681,1.0089208741935485,3.0,1.0,0.0,0.12903225806451613
1996,9,UP-GKP,26.7606,83.3732,0,0,-0.3,-0.712,1.0609203293333334,5.0,0.7,0.3,0.0
1998,6,UP-GKP,26.7606,83.3732,0,0,-0.08,0.147,0.921335034,3.0,0.0,0.9,0.0
1998,7,UP-GKP,26.7606,83.3732,0,0,-0.63,-0.385,0.75393639,2.0,0.8064516129032258,0.1935483870967742,0.0967741935483871
1998,8,UP-GKP,26.7606,83.3732,0,0,-0.83,-0.58,1.00514719,2.0,1.0,0.0,0.16129032258064516
1998,9,UP-GKP,26.7606,83.3732,0,0,-1.02,-0.496,1.4218518516666667,8.0,0.3,0.6,0.0
2002,6,UP-GKP,26.7606,83.3732,0,0,0.45,-0.189,1.8803833166666664,2.0,0.6333333333333333,0.0,0.0
2002,7,UP-GKP,26.7606,83.3732,0,0,0.57,-0.261,1.7221574980645162,8.0,0.6451612903225806,0.22580645161290322,0.0
2002,8,UP-GKP,26.7606,83.3732,0,0,0.63,-0.208,1.420236031935484,8.0,0.4838709677419355,0.41935483870967744,0.0
2002,9,UP-GKP,26.7606,83.3732,0,0,0.78,0.286,0.7018471730000001,2.0,0.8,0.16666666666666666,0.0
2003,6,UP-GKP,26.7606,83.3732,0,0,-0.13,0.139,1.65106069,1.0,0.26666666666666666,0.5333333333333333,0.0
2003,7,UP-GKP,26.7606,83.3732,0,0,0.09,0.131,0.992855799032258,2.0,1.0,0.0,0.06451612903225806
2003,8,UP-GKP,26.7606,83.3732,0,0,0.14,0.108,0.6039936987096773,6.0,0.8064516129032258,0.12903225806451613,0.0967741935483871
2003,9,UP-GKP,26.7606,83.3732,0,0,0.23,-0.06,0.7902776976666667,4.0,0.6666666666666666,0.2,0.03333333333333333
2004,6,UP-GKP,26.7606,83.3732,0,0,0.22,-0.384,1.0188708323333333,7.0,0.5333333333333333,0.26666666666666666,0.06666666666666667
2004,7,UP-GKP,26.7606,83.3732,0,0,0.39,-0.301,1.611224959354839,1.0,0.5806451612903226,0.22580645161290322,0.06451612903225806
2004,8,UP-GKP,26.7606,83.3732,0,0,0.54,-0.133,1.2484562670967745,6.0,0.6774193548387096,0.25806451612903225,0.03225806451612903
2004,9,UP-GKP,26.7606,83.3732,0,0,0.58,-0.106,1.438454236,2.0,0.1,0.9,0.0
2005,6,UP-GKP,26.7606,83.3732,0,0,0.09,-0.176,0.7345759723333334,2.0,0.23333333333333334,0.7666666666666667,0.03333333333333333
2005,7,UP-GKP,26.7606,83.3732,0,0,-0.04,-0.384,1.029081502903226,2.0,0.8387096774193549,0.12903225806451613,0.0967741935483871
2005,8,UP-GKP,26.7606,83.3732,0,0,-0.14,-0.345,0.939736100967742,1.0,0.8064516129032258,0.0967741935483871,0.06451612903225806
2005,9,UP-GKP,26.7606,83.3732,0,0,-0.11,-0.534,1.522602815,8.0,0.23333333333333334,0.5,0.0
2007,6,UP-GKP,26.7606,83.3732,0,0,-0.41,0.031,1.3529915246666666,2.0,0.23333333333333334,0.7,0.0
2007,7,UP-GKP,26.7606,83.3732,0,0,-0.49,0.045,1.3795319935483872,1.0,0.7419354838709677,0.06451612903225806,0.06451612903225806
2007,8,UP-GKP,26.7606,83.3732,0,0,-0.77,0.237,0.8762567774193548,2.0,0.7419354838709677,0.03225806451612903,0.06451612903225806
2007,9,UP-GKP,26.7606,83.3732,0,0,-1.05,0.235,1.1761283893333332,5.0,0.6,0.4,0.1
2008,6,UP-GKP,26.7606,83.3732,0,0,-0.56,0.215,0.953116955,3.0,0.8,0.1,0.1
2008,7,UP-GKP,26.7606,83.3732,0,0,-0.33,0.246,1.2312710548387096,1.0,0.967741935483871,0.0,0.06451612903225806
2008,8,UP-GKP,26.7606,83.3732,0,0,-0.2,0.124,1.211697393548387,2.0,0.7419354838709677,0.1935483870967742,0.0
2008,9,UP-GKP,26.7606,83.3732,0,0,-0.25,0.086,1.446583400333333,5.0,0.6,0.26666666666666666,0.03333333333333333
2009,6,UP-GKP,26.7606,83.3732,0,0,0.34,0.1,1.4584701413333332,8.0,0.0,0.6333333333333333,0.0
2009,7,UP-GKP,26.7606,83.3732,0,0,0.5,-0.192,0.6150665787096774,5.0,0.6774193548387096,0.06451612903225806,0.03225806451612903
2009,8,UP-GKP,26.7606,83.3732,0,0,0.56,-0.104,1.12875141,1.0,0.9032258064516129,0.0,0.0
2009,9,UP-GKP,26.7606,83.3732,0,0,0.66,-0.103,1.6812911126666668,4.0,0.5666666666666667,0.4,0.0
2010,6,UP-GKP,26.7606,83.3732,0,0,-0.66,-0.14,1.285590429,2.0,0.43333333333333335,0.43333333333333335,0.0
2010,7,UP-GKP,26.7606,83.3732,0,0,-0.98,-0.001,1.663601914516129,1.0,0.6774193548387096,0.12903225806451613,0.0967741935483871
2010,8,UP-GKP,26.7606,83.3732,0,0,-1.24,-0.061,0.747917844516129,1.0,0.6451612903225806,0.2903225806451613,0.06451612903225806
2010,9,UP-GKP,26.7606,83.3732,0,0,-1.43,-0.267,0.8091414173333332,1.0,0.7333333333333333,0.13333333333333333,0.13333333333333333
2011,6,UP-GKP,26.7606,83.3732,0,0,-0.34,0.055,0.6791252076666666,2.0,0.43333333333333335,0.4666666666666667,0.03333333333333333
2011,7,UP-GKP,26.7606,83.3732,0,0,-0.37,0.223,1.0109919648387098,1.0,0.7096774193548387,0.06451612903225806,0.03225806451612903
2011,8,UP-GKP,26.7606,83.3732,0,0,-0.5,0.344,1.011544473516129,2.0,0.9032258064516129,0.0,0.03225806451612903
2011,9,UP-GKP,26.7606,83.3732,0,0,-0.76,0.202,0.9066917783333334,3.0,0.43333333333333335,0.06666666666666667,0.0
2014,6,UP-GKP,26.7606,83.3732,0,0,0.22,-0.028,1.108679051,4.0,0.3,0.6,0.0
2014,7,UP-GKP,26.7606,83.3732,0,0,0.07,-0.363,1.1528067432258065,6.0,0.4838709677419355,0.12903225806451613,0.0
2014,8,UP-GKP,26.7606,83.3732,0,0,0.07,-0.372,1.2150309538709676,2.0,0.45161290322580644,0.0,0.0
2014,9,UP-GKP,26.7606,83.3732,0,0,0.24,-0.145,0.649377995,4.0,0.5333333333333333,0.1,0.0
2015,6,UP-GKP,26.7606,83.3732,0,0,1.19,0.296,1.992920383333333,4.0,0.1,0.5666666666666667,0.0
2015,7,UP-GKP,26.7606,83.3732,0,0,1.44,0.225,1.837990334516129,7.0,0.5806451612903226,0.25806451612903225,0.0
2015,8,UP-GKP,26.7606,83.3732,0,0,1.73,0.568,0.8428048241935484,8.0,0.7096774193548387,0.16129032258064516,0.03225806451612903
2015,9,UP-GKP,26.7606,83.3732,0,0,2.02,0.294,0.62977513528,1.0,0.0,0.6,0.0
2016,6,UP-GKP,26.7606,83.3732,0,0,0.09,-0.443,1.5598082686666668,4.0,0.2,0.3,0.0
2016,7,UP-GKP,26.7606,83.3732,0,0,-0.19,-0.757,1.0086871877419354,2.0,0.5161290322580645,0.25806451612903225,0.03225806451612903
2016,8,UP-GKP,26.7606,83.3732,0,0,-0.34,-0.443,1.3634238690322582,6.0,0.3548387096774194,0.2903225806451613,0.0
2016,9,UP-GKP,26.7606,83.3732,0,0,-0.42,-0.437,0.9987363606666668,5.0,0.5666666666666667,0.2,0.0
2017,6,UP-GKP,26.7606,83.3732,0,0,0.32,0.424,1.010765505,1.0,0.4,0.16666666666666666,0.0
2017,7,UP-GKP,26.7606,83.3732,0,0,0.14,0.52,1.0194311058064516,3.0,0.5483870967741935,0.16129032258064516,0.06451612903225806
2017,8,UP-GKP,26.7606,83.3732,0,0,-0.07,0.349,0.560064344016129,2.0,0.6451612903225806,0.12903225806451613,0.03225806451612903
2017,9,UP-GKP,26.7606,83.3732,0,0,-0.23,0.035,0.5864452456666667,4.0,0.4666666666666667,0.5333333333333333,0.0
2018,6,UP-GKP,26.7606,83.3732,0,0,0.13,0.155,1.099695321,1.0,0.13333333333333333,0.5333333333333333,0.03333333333333333
2018,7,UP-GKP,26.7606,83.3732,0,0,0.2,0.053,1.4670566325806451,6.0,0.5806451612903226,0.3548387096774194,0.0
2018,8,UP-GKP,26.7606,83.3732,0,0,0.3,0.121,1.1604823280645162,6.0,0.5806451612903226,0.3225806451612903,0.0
2018,9,UP-GKP,26.7606,83.3732,0,0,0.52,0.604,1.0746740603333331,8.0,0.3333333333333333,0.6,0.0
2020,6,UP-GKP,26.7606,83.3732,0,0,-0.18,0.455,1.3547168013333333,1.0,0.5333333333333333,0.1,0.0
2020,7,UP-GKP,26.7606,83.3732,0,0,-0.29,0.319,1.5012130690322585,2.0,1.0,0.0,0.0
2020,8,UP-GKP,26.7606,83.3732,0,0,-0.43,-0.183,1.5708076487096774,8.0,0.6451612903225806,0.0967741935483871,0.0
2020,9,UP-GKP,26.7606,83.3732,0,0,-0.77,-0.189,1.1078213236666663,4.0,0.6333333333333333,0.3,0.03333333333333333
2021,6,UP-GKP,26.7606,83.3732,0,0,-0.31,-0.002,1.2543668813333333,1.0,0.5333333333333333,0.13333333333333333,0.03333333333333333
2021,7,UP-GKP,26.7606,83.3732,0,0,-0.35,-0.229,1.2697446645161292,2.0,0.6129032258064516,0.0967741935483871,0.03225806451612903
2021,8,UP-GKP,26.7606,83.3732,0,0,-0.46,-0.099,1.3328496390322582,2.0,0.967741935483871,0.0,0.03225806451612903
2021,9,UP-GKP,26.7606,83.3732,0,0,-0.64,-0.058,1.16716908,3.0,0.5666666666666667,0.2,0.03333333333333333
2022,6,UP-GKP,26.7606,83.3732,0,0,-0.73,-0.335,1.7460144566666669,1.0,0.06666666666666667,0.8,0.0
2022,7,UP-GKP,26.7606,83.3732,0,0,-0.7,-0.195,0.9906527754838708,4.0,0.45161290322580644,0.3548387096774194,0.0
2022,8,UP-GKP,26.7606,83.3732,0,0,-0.78,-0.246,0.962351660967742,2.0,0.3870967741935484,0.25806451612903225,0.03225806451612903
2022,9,UP-GKP,26.7606,83.3732,0,0,-0.87,-0.322,0.45954351401,4.0,0.6333333333333333,0.0,0.03333333333333333
2023,6,UP-GKP,26.7606,83.3732,0,0,0.73,0.665,1.1452140906,2.0,0.0,0.9666666666666667,0.0
2023,7,UP-GKP,26.7606,83.3732,0,0,1.0,0.498,0.7976125261290323,6.0,0.5806451612903226,0.2903225806451613,0.03225806451612903
2023,8,UP-GKP,26.7606,83.3732,0,0,1.25,0.826,0.9138732870967742,8.0,0.7741935483870968,0.06451612903225806,0.06451612903225806
2023,9,UP-GKP,26.7606,83.3732,0,0,1.5,0.946,0.8482362092433333,4.0,0.36666666666666664,0.5666666666666667,0.0
1990,6,UP-MRT,28.9845,77.7064,0,0,0.25,-0.568,0.7040596286666666,6.0,0.0,0.7666666666666667,0.0
1990,7,UP-MRT,28.9845,77.7064,0,0,0.26,-0.246,0.7642434731967742,1.0,0.4838709677419355,0.3870967741935484,0.03225806451612903
1990,8,UP-MRT,28.9845,77.7064,0,0,0.32,-0.391,0.8801470647322581,6.0,0.6451612903225806,0.2903225806451613,0.0
1990,9,UP-MRT,28.9845,77.7064,0,0,0.31,-0.183,0.775732242,3.0,0.4666666666666667,0.16666666666666666,0.1
1991,6,UP-MRT,28.9845,77.7064,0,0,0.63,0.263,1.4334286633333333,5.0,0.16666666666666666,0.4666666666666667,0.0
1991,7,UP-MRT,28.9845,77.7064,0,0,0.77,0.269,0.6487244419290323,6.0,0.45161290322580644,0.5161290322580645,0.0
1991,8,UP-MRT,28.9845,77.7064,0,0,0.67,0.058,1.2953001661290322,5.0,0.25806451612903225,0.5483870967741935,0.0967741935483871
1991,9,UP-MRT,28.9845,77.7064,0,0,0.72,0.099,1.3728957676666669,8.0,0.5333333333333333,0.4,0.0
1992,6,UP-MRT,28.9845,77.7064,0,0,0.72,-0.861,1.0309609286666666,3.0,0.0,1.0,0.0
1992,7,UP-MRT,28.9845,77.7064,0,0,0.35,-0.479,1.032042581935484,3.0,0.3548387096774194,0.5161290322580645,0.0
1992,8,UP-MRT,28.9845,77.7064,0,0,0.08,-0.768,0.7930089680645162,5.0,0.8064516129032258,0.0,0.03225806451612903
1992,9,UP-MRT,28.9845,77.7064,0,0,-0.15,-0.833,1.1277177353333334,2.0,0.4,0.3,0.0
1993,6,UP-MRT,28.9845,77.7064,0,0,0.56,-0.108,1.5129156700000002,8.0,0.23333333333333334,0.5666666666666667,0.0
1993,7,UP-MRT,28.9845,77.7064,0,0,0.28,-0.152,0.8503892948387097,5.0,0.6451612903225806,0.06451612903225806,0.03225806451612903
1993,8,UP-MRT,28.9845,77.7064,0,0,0.22,-0.306,0.9336245306,1.0,0.3225806451612903,0.6774193548387096,0.0
1993,9,UP-MRT,28.9845,77.7064,0,0,0.2,-0.17,0.4647173026666666,2.0,0.5333333333333333,0.43333333333333335,0.03333333333333333
1995,6,UP-MRT,28.9845,77.7064,0,0,-0.11,-0.078,0.8386585686666667,2.0,0.26666666666666666,0.6666666666666666,0.0
1995,7,UP-MRT,28.9845,77.7064,0,0,-0.3,-0.169,1.3968855583870967,2.0,0.5806451612903226,0.3225806451612903,0.0
1995,8,UP-MRT,28.9845,77.7064,0,0,-0.55,-0.144,1.3320209096774194,2.0,0.967741935483871,0.0,0.06451612903225806
1995,9,UP-MRT,28.9845,77.7064,0,0,-0.81,-0.18,1.0134717556666666,5.0,0.36666666666666664,0.6333333333333333,0.0
1996,6,UP-MRT,28.9845,77.7064,0,0,-0.24,-0.395,1.5769545686666668,3.0,0.0,1.0,0.0
1996,7,UP-MRT,28.9845,77.7064,0,0,-0.22,-0.644,1.590457191935484,6.0,0.5806451612903226,0.3548387096774194,0.0
1996,8,UP-MRT,28.9845,77.7064,0,0,-0.27,-0.681,1.0089208741935485,3.0,0.9032258064516129,0.03225806451612903,0.03225806451612903
1996,9,UP-MRT,28.9845,77.7064,0,0,-0.3,-0.712,1.0609203293333334,5.0,0.6666666666666666,0.16666666666666666,0.03333333333333333
1998,6,UP-MRT,28.9845,77.7064,0,0,-0.08,0.147,0.921335034,3.0,0.23333333333333334,0.7333333333333333,0.0
1998,7,UP-MRT,28.9845,77.7064,0,0,-0.63,-0.385,0.75393639,2.0,0.8387096774193549,0.12903225806451613,0.06451612903225806
1998,8,UP-MRT,28.9845,77.7064,0,0,-0.83,-0.58,1.00514719,2.0,0.8709677419354839,0.0967741935483871,0.06451612903225806
1998,9,UP-MRT,28.9845,77.7064,0,0,-1.02,-0.496,1.4218518516666667,8.0,0.1,0.7,0.0
2002,6,UP-MRT,28.9845,77.7064,0,0,0.45,-0.189,1.8803833166666664,2.0,0.16666666666666666,0.8333333333333334,0.0
2002,7,UP-MRT,28.9845,77.7064,0,0,0.57,-0.261,1.7221574980645162,8.0,0.16129032258064516,0.8387096774193549,0.0
2002,8,UP-MRT,28.9845,77.7064,0,0,0.63,-0.208,1.420236031935484,8.0,0.6129032258064516,0.22580645161290322,0.06451612903225806
2002,9,UP-MRT,28.9845,77.7064,0,0,0.78,0.286,0.7018471730000001,2.0,0.5666666666666667,0.43333333333333335,0.03333333333333333
2003,6,UP-MRT,28.9845,77.7064,0,0,-0.13,0.139,1.65106069,1.0,0.2,0.7,0.0
2003,7,UP-MRT,28.9845,77.7064,0,0,0.09,0.131,0.992855799032258,2.0,0.7096774193548387,0.16129032258064516,0.03225806451612903
2003,8,UP-MRT,28.9845,77.7064,0,0,0.14,0.108,0.6039936987096773,6.0,0.6129032258064516,0.16129032258064516,0.0
2003,9,UP-MRT,28.9845,77.7064,0,0,0.23,-0.06,0.7902776976666667,4.0,0.6,0.4,0.03333333333333333
2004,6,UP-MRT,28.9845,77.7064,0,0,0.22,-0.384,1.0188708323333333,7.0,0.0,0.6666666666666666,0.0
2004,7,UP-MRT,28.9845,77.7064,0,0,0.39,-0.301,1.611224959354839,1.0,0.12903225806451613,0.6774193548387096,0.0
2004,8,UP-MRT,28.9845,77.7064,0,0,0.54,-0.133,1.2484562670967745,6.0,0.6774193548387096,0.06451612903225806,0.03225806451612903
2004,9,UP-MRT,28.9845,77.7064,0,0,0.58,-0.106,1.438454236,2.0,0.26666666666666666,0.5666666666666667,0.0
2005,6,UP-MRT,28.9845,77.7064,0,0,0.09,-0.176,0.7345759723333334,2.0,0.16666666666666666,0.8333333333333334,0.0
2005,7,UP-MRT,28.9845,77.7064,0,0,-0.04,-0.384,1.029081502903226,2.0,0.8387096774193549,0.0,0.0
2005,8,UP-MRT,28.9845,77.7064,0,0,-0.14,-0.345,0.939736100967742,1.0,0.2903225806451613,0.6451612903225806,0.0
2005,9,UP-MRT,28.9845,77.7064,0,0,-0.11,-0.534,1.522602815,8.0,0.6666666666666666,0.3,0.13333333333333333
2007,6,UP-MRT,28.9845,77.7064,0,0,-0.41,0.031,1.3529915246666666,2.0,0.43333333333333335,0.5666666666666667,0.0
2007,7,UP-MRT,28.9845,77.7064,0,0,-0.49,0.045,1.3795319935483872,1.0,0.16129032258064516,0.3870967741935484,0.0
2007,8,UP-MRT,28.9845,77.7064,0,0,-0.77,0.237,0.8762567774193548,2.0,0.3548387096774194,0.2903225806451613,0.0
2007,9,UP-MRT,28.9845,77.7064,0,0,-1.05,0.235,1.1761283893333332,5.0,0.0,0.7333333333333333,0.0
2008,6,UP-MRT,28.9845,77.7064,0,0,-0.56,0.215,0.953116955,3.0,0.23333333333333334,0.6666666666666666,0.0
2008,7,UP-MRT,28.9845,77.7064,0,0,-0.33,0.246,1.2312710548387096,1.0,0.5806451612903226,0.22580645161290322,0.0
2008,8,UP-MRT,28.9845,77.7064,0,0,-0.2,0.124,1.211697393548387,2.0,0.7096774193548387,0.22580645161290322,0.0
2008,9,UP-MRT,28.9845,77.7064,0,0,-0.25,0.086,1.446583400333333,5.0,0.06666666666666667,0.5,0.0
2009,6,UP-MRT,28.9845,77.7064,0,0,0.34,0.1,1.4584701413333332,8.0,0.0,0.9666666666666667,0.0
2009,7,UP-MRT,28.9845,77.7064,0,0,0.5,-0.192,0.6150665787096774,5.0,0.16129032258064516,0.5161290322580645,0.0
2009,8,UP-MRT,28.9845,77.7064,0,0,0.56,-0.104,1.12875141,1.0,0.1935483870967742,0.4838709677419355,0.0
2009,9,UP-MRT,28.9845,77.7064,0,0,0.66,-0.103,1.6812911126666668,4.0,0.2,0.5333333333333333,0.0
2010,6,UP-MRT,28.9845,77.7064,0,0,-0.66,-0.14,1.285590429,2.0,0.0,1.0,0.0
2010,7,UP-MRT,28.9845,77.7064,0,0,-0.98,-0.001,1.663601914516129,1.0,0.8709677419354839,0.0967741935483871,0.03225806451612903
2010,8,UP-MRT,28.9845,77.7064,0,0,-1.24,-0.061,0.747917844516129,1.0,0.6774193548387096,0.22580645161290322,0.0
2010,9,UP-MRT,28.9845,77.7064,0,0,-1.43,-0.267,0.8091414173333332,1.0,0.7333333333333333,0.2,0.0
2011,6,UP-MRT,28.9845,77.7064,0,0,-0.34,0.055,0.6791252076666666,2.0,0.23333333333333334,0.43333333333333335,0.0
2011,7,UP-MRT,28.9845,77.7064,0,0,-0.37,0.223,1.0109919648387098,1.0,0.8064516129032258,0.12903225806451613,0.0
2011,8,UP-MRT,28.9845,77.7064,0,0,-0.5,0.344,1.011544473516129,2.0,0.6129032258064516,0.16129032258064516,0.0
2011,9,UP-MRT,28.9845,77.7064,0,0,-0.76,0.202,0.9066917783333334,3.0,0.03333333333333333,0.6666666666666666,0.0
2014,6,UP-MRT,28.9845,77.7064,0,0,0.22,-0.028,1.108679051,4.0,0.0,0.9666666666666667,0.0
2014,7,UP-MRT,28.9845,77.7064,0,0,0.07,-0.363,1.1528067432258065,6.0,0.41935483870967744,0.4838709677419355,0.03225806451612903
2014,8,UP-MRT,28.9845,77.7064,0,0,0.07,-0.372,1.2150309538709676,2.0,0.03225806451612903,0.6774193548387096,0.0
2014,9,UP-MRT,28.9845,77.7064,0,0,0.24,-0.145,0.649377995,4.0,0.43333333333333335,0.5333333333333333,0.03333333333333333
2015,6,UP-MRT,28.9845,77.7064,0,0,1.19,0.296,1.992920383333333,4.0,0.2,0.8,0.0
2015,7,UP-MRT,28.9845,77.7064,0,0,1.44,0.225,1.837990334516129,7.0,0.5806451612903226,0.3870967741935484,0.0
2015,8,UP-MRT,28.9845,77.7064,0,0,1.73,0.568,0.8428048241935484,8.0,0.22580645161290322,0.3225806451612903,0.0
2015,9,UP-MRT,28.9845,77.7064,0,0,2.02,0.294,0.62977513528,1.0,0.23333333333333334,0.7666666666666667,0.0
2016,6,UP-MRT,28.9845,77.7064,0,0,0.09,-0.443,1.5598082686666668,4.0,0.23333333333333334,0.6666666666666666,0.0
2016,7,UP-MRT,28.9845,77.7064,0,0,-0.19,-0.757,1.0086871877419354,2.0,0.7741935483870968,0.12903225806451613,0.0
2016,8,UP-MRT,28.9845,77.7064,0,0,-0.34,-0.443,1.3634238690322582,6.0,0.2903225806451613,0.25806451612903225,0.0
2016,9,UP-MRT,28.9845,77.7064,0,0,-0.42,-0.437,0.9987363606666668,5.0,0.23333333333333334,0.7666666666666667,0.0
2017,6,UP-MRT,28.9845,77.7064,0,0,0.32,0.424,1.010765505,1.0,0.0,0.6333333333333333,0.0
2017,7,UP-MRT,28.9845,77.7064,0,0,0.14,0.52,1.0194311058064516,3.0,0.5806451612903226,0.0,0.0
2017,8,UP-MRT,28.9845,77.7064,0,0,-0.07,0.349,0.560064344016129,2.0,0.0,0.5483870967741935,0.0
2017,9,UP-MRT,28.9845,77.7064,0,0,-0.23,0.035,0.5864452456666667,4.0,0.6333333333333333,0.3333333333333333,0.1
2018,6,UP-MRT,28.9845,77.7064,0,0,0.13,0.155,1.099695321,1.0,0.0,0.9,0.0
2018,7,UP-MRT,28.9845,77.7064,0,0,0.2,0.053,1.4670566325806451,6.0,0.2903225806451613,0.25806451612903225,0.03225806451612903
2018,8,UP-MRT,28.9845,77.7064,0,0,0.3,0.121,1.1604823280645162,6.0,0.41935483870967744,0.22580645161290322,0.0
2018,9,UP-MRT,28.9845,77.7064,0,0,0.52,0.604,1.0746740603333331,8.0,0.4666666666666667,0.36666666666666664,0.03333333333333333
2020,6,UP-MRT,28.9845,77.7064,0,0,-0.18,0.455,1.3547168013333333,1.0,0.0,0.8666666666666667,0.0
2020,7,UP-MRT,28.9845,77.7064,0,0,-0.29,0.319,1.5012130690322585,2.0,0.6451612903225806,0.12903225806451613,0.0
2020,8,UP-MRT,28.9845,77.7064,0,0,-0.43,-0.183,1.5708076487096774,8.0,0.5483870967741935,0.06451612903225806,0.03225806451612903
2020,9,UP-MRT,28.9845,77.7064,0,0,-0.77,-0.189,1.1078213236666663,4.0,0.0,0.8666666666666667,0.0
2021,6,UP-MRT,28.9845,77.7064,0,0,-0.31,-0.002,1.2543668813333333,1.0,0.0,0.5333333333333333,0.0
2021,7,UP-MRT,28.9845,77.7064,0,0,-0.35,-0.229,1.2697446645161292,2.0,0.41935483870967744,0.45161290322580644,0.03225806451612903
2021,8,UP-MRT,28.9845,77.7064,0,0,-0.46,-0.099,1.3328496390322582,2.0,0.45161290322580644,0.5161290322580645,0.03225806451612903
2021,9,UP-MRT,28.9845,77.7064,0,0,-0.64,-0.058,1.16716908,3.0,0.5,0.2,0.0
2022,6,UP-MRT,28.9845,77.7064,0,0,-0.73,-0.335,1.7460144566666669,1.0,0.03333333333333333,0.7333333333333333,0.0
2022,7,UP-MRT,28.9845,77.7064,0,0,-0.7,-0.195,0.9906527754838708,4.0,0.5161290322580645,0.1935483870967742,0.0
2022,8,UP-MRT,28.9845,77.7064,0,0,-0.78,-0.246,0.962351660967742,2.0,0.1935483870967742,0.5161290322580645,0.0
2022,9,UP-MRT,28.9845,77.7064,0,0,-0.87,-0.322,0.45954351401,4.0,0.5333333333333333,0.13333333333333333,0.0
2023,6,UP-MRT,28.9845,77.7064,0,0,0.73,0.665,1.1452140906,2.0,0.2,0.6666666666666666,0.06666666666666667
2023,7,UP-MRT,28.9845,77.7064,0,0,1.0,0.498,0.7976125261290323,6.0,0.8064516129032258,0.1935483870967742,0.0967741935483871
2023,8,UP-MRT,28.9845,77.7064,0,0,1.25,0.826,0.9138732870967742,8.0,0.6129032258064516,0.3548387096774194,0.0
2023,9,UP-MRT,28.9845,77.7064,0,0,1.5,0.946,0.8482362092433333,4.0,0.26666666666666666,0.6,0.0
1990,6,BR-PAT,25.5941,85.1376,0,0,0.25,-0.568,0.7040596286666666,6.0,0.4,0.43333333333333335,0.0
1990,7,BR-PAT,25.5941,85.1376,0,0,0.26,-0.246,0.7642434731967742,1.0,0.8064516129032258,0.0,0.12903225806451613
1990,8,BR-PAT,25.5941,85.1376,0,0,0.32,-0.391,0.8801470647322581,6.0,0.6129032258064516,0.0967741935483871,0.0
1990,9,BR-PAT,25.5941,85.1376,0,0,0.31,-0.183,0.775732242,3.0,0.4666666666666667,0.26666666666666666,0.0
1991,6,BR-PAT,25.5941,85.1376,0,0,0.63,0.263,1.4334286633333333,5.0,0.03333333333333333,0.5,0.0
1991,7,BR-PAT,25.5941,85.1376,0,0,0.77,0.269,0.6487244419290323,6.0,0.4838709677419355,0.12903225806451613,0.0
1991,8,BR-PAT,25.5941,85.1376,0,0,0.67,0.058,1.2953001661290322,5.0,1.0,0.0,0.03225806451612903
1991,9,BR-PAT,25.5941,85.1376,0,0,0.72,0.099,1.3728957676666669,8.0,0.5666666666666667,0.16666666666666666,0.0
1992,6,BR-PAT,25.5941,85.1376,0,0,0.72,-0.861,1.0309609286666666,3.0,0.16666666666666666,0.5333333333333333,0.0
1992,7,BR-PAT,25.5941,85.1376,0,0,0.35,-0.479,1.032042581935484,3.0,0.7419354838709677,0.16129032258064516,0.0
1992,8,BR-PAT,25.5941,85.1376,0,0,0.08,-0.768,0.7930089680645162,5.0,0.45161290322580644,0.3548387096774194,0.03225806451612903
1992,9,BR-PAT,25.5941,85.1376,0,0,-0.15,-0.833,1.1277177353333334,2.0,0.06666666666666667,0.7666666666666667,0.0
1993,6,BR-PAT,25.5941,85.1376,0,0,0.56,-0.108,1.5129156700000002,8.0,0.16666666666666666,0.8333333333333334,0.03333333333333333
1993,7,BR-PAT,25.5941,85.1376,0,0,0.28,-0.152,0.8503892948387097,5.0,0.5161290322580645,0.0967741935483871,0.0
1993,8,BR-PAT,25.5941,85.1376,0,0,0.22,-0.306,0.9336245306,1.0,0.6774193548387096,0.1935483870967742,0.06451612903225806
1993,9,BR-PAT,25.5941,85.1376,0,0,0.2,-0.17,0.4647173026666666,2.0,0.8666666666666667,0.06666666666666667,0.03333333333333333
1995,6,BR-PAT,25.5941,85.1376,0,0,-0.11,-0.078,0.8386585686666667,2.0,0.26666666666666666,0.6333333333333333,0.0
1995,7,BR-PAT,25.5941,85.1376,0,0,-0.3,-0.169,1.3968855583870967,2.0,0.3225806451612903,0.2903225806451613,0.0
1995,8,BR-PAT,25.5941,85.1376,0,0,-0.55,-0.144,1.3320209096774194,2.0,0.8387096774193549,0.12903225806451613,0.03225806451612903
1995,9,BR-PAT,25.5941,85.1376,0,0,-0.81,-0.18,1.0134717556666666,5.0,0.6333333333333333,0.16666666666666666,0.0
1996,6,BR-PAT,25.5941,85.1376,0,0,-0.24,-0.395,1.5769545686666668,3.0,0.43333333333333335,0.36666666666666664,0.03333333333333333
1996,7,BR-PAT,25.5941,85.1376,0,0,-0.22,-0.644,1.590457191935484,6.0,0.8064516129032258,0.12903225806451613,0.0
1996,8,BR-PAT,25.5941,85.1376,0,0,-0.27,-0.681,1.0089208741935485,3.0,0.5806451612903226,0.06451612903225806,0.0
1996,9,BR-PAT,25.5941,85.1376,0,0,-0.3,-0.712,1.0609203293333334,5.0,0.3,0.16666666666666666,0.0
1998,6,BR-PAT,25.5941,85.1376,0,0,-0.08,0.147,0.921335034,3.0,0.2,0.6333333333333333,0.0
1998,7,BR-PAT,25.5941,85.1376,0,0,-0.63,-0.385,0.75393639,2.0,0.6451612903225806,0.16129032258064516,0.0
1998,8,BR-PAT,25.5941,85.1376,0,0,-0.83,-0.58,1.00514719,2.0,0.7741935483870968,0.0,0.03225806451612903
1998,9,BR-PAT,25.5941,85.1376,0,0,-1.02,-0.496,1.4218518516666667,8.0,0.5333333333333333,0.4,0.03333333333333333
2002,6,BR-PAT,25.5941,85.1376,0,0,0.45,-0.189,1.8803833166666664,2.0,0.4,0.4666666666666667,0.0
2002,7,BR-PAT,25.5941,85.1376,0,0,0.57,-0.261,1.7221574980645162,8.0,0.7096774193548387,0.16129032258064516,0.12903225806451613
2002,8,BR-PAT,25.5941,85.1376,0,0,0.63,-0.208,1.420236031935484,8.0,0.4838709677419355,0.2903225806451613,0.06451612903225806
2002,9,BR-PAT,25.5941,85.1376,0,0,0.78,0.286,0.7018471730000001,2.0,0.1,0.2,0.0
2003,6,BR-PAT,25.5941,85.1376,0,0,-0.13,0.139,1.65106069,1.0,0.6666666666666666,0.06666666666666667,0.03333333333333333
2003,7,BR-PAT,25.5941,85.1376,0,0,0.09,0.131,0.992855799032258,2.0,0.5161290322580645,0.1935483870967742,0.03225806451612903
2003,8,BR-PAT,25.5941,85.1376,0,0,0.14,0.108,0.6039936987096773,6.0,0.7096774193548387,0.1935483870967742,0.0
2003,9,BR-PAT,25.5941,85.1376,0,0,0.23,-0.06,0.7902776976666667,4.0,0.23333333333333334,0.0,0.0
2004,6,BR-PAT,25.5941,85.1376,0,0,0.22,-0.384,1.0188708323333333,7.0,0.3,0.6,0.0
2004,7,BR-PAT,25.5941,85.1376,0,0,0.39,-0.301,1.611224959354839,1.0,0.6129032258064516,0.1935483870967742,0.03225806451612903
2004,8,BR-PAT,25.5941,85.1376,0,0,0.54,-0.133,1.2484562670967745,6.0,0.41935483870967744,0.3225806451612903,0.0
2004,9,BR-PAT,25.5941,85.1376,0,0,0.58,-0.106,1.438454236,2.0,0.16666666666666666,0.8,0.0
2005,6,BR-PAT,25.5941,85.1376,0,0,0.09,-0.176,0.7345759723333334,2.0,0.0,0.6,0.0
2005,7,BR-PAT,25.5941,85.1376,0,0,-0.04,-0.384,1.029081502903226,2.0,0.7096774193548387,0.0967741935483871,0.0
2005,8,BR-PAT,25.5941,85.1376,0,0,-0.14,-0.345,0.939736100967742,1.0,0.5483870967741935,0.16129032258064516,0.0
2005,9,BR-PAT,25.5941,85.1376,0,0,-0.11,-0.534,1.522602815,8.0,0.3,0.5,0.0
2007,6,BR-PAT,25.5941,85.1376,0,0,-0.41,0.031,1.3529915246666666,2.0,0.3,0.6666666666666666,0.0
2007,7,BR-PAT,25.5941,85.1376,0,0,-0.49,0.045,1.3795319935483872,1.0,0.8387096774193549,0.0967741935483871,0.06451612903225806
2007,8,BR-PAT,25.5941,85.1376,0,0,-0.77,0.237,0.8762567774193548,2.0,0.5806451612903226,0.25806451612903225,0.06451612903225806
2007,9,BR-PAT,25.5941,85.1376,0,0,-1.05,0.235,1.1761283893333332,5.0,0.5333333333333333,0.3333333333333333,0.03333333333333333
2008,6,BR-PAT,25.5941,85.1376,0,0,-0.56,0.215,0.953116955,3.0,0.7333333333333333,0.16666666666666666,0.0
2008,7,BR-PAT,25.5941,85.1376,0,0,-0.33,0.246,1.2312710548387096,1.0,0.8709677419354839,0.06451612903225806,0.0
2008,8,BR-PAT,25.5941,85.1376,0,0,-0.2,0.124,1.211697393548387,2.0,0.6451612903225806,0.1935483870967742,0.0
2008,9,BR-PAT,25.5941,85.1376,0,0,-0.25,0.086,1.446583400333333,5.0,0.3,0.36666666666666664,0.0
2009,6,BR-PAT,25.5941,85.1376,0,0,0.34,0.1,1.4584701413333332,8.0,0.03333333333333333,0.8,0.03333333333333333
2009,7,BR-PAT,25.5941,85.1376,0,0,0.5,-0.192,0.6150665787096774,5.0,0.7419354838709677,0.22580645161290322,0.0
2009,8,BR-PAT,25.5941,85.1376,0,0,0.56,-0.104,1.12875141,1.0,0.45161290322580644,0.16129032258064516,0.0
2009,9,BR-PAT,25.5941,85.1376,0,0,0.66,-0.103,1.6812911126666668,4.0,0.4,0.2,0.0
2010,6,BR-PAT,25.5941,85.1376,0,0,-0.66,-0.14,1.285590429,2.0,0.03333333333333333,0.6333333333333333,0.0
2010,7,BR-PAT,25.5941,85.1376,0,0,-0.98,-0.001,1.663601914516129,1.0,0.3548387096774194,0.12903225806451613,0.0
2010,8,BR-PAT,25.5941,85.1376,0,0,-1.24,-0.061,0.747917844516129,1.0,0.3548387096774194,0.2903225806451613,0.0
2010,9,BR-PAT,25.5941,85.1376,0,0,-1.43,-0.267,0.8091414173333332,1.0,0.16666666666666666,0.43333333333333335,0.0
2011,6,BR-PAT,25.5941,85.1376,0,0,-0.34,0.055,0.6791252076666666,2.0,0.6,0.3,0.0
2011,7,BR-PAT,25.5941,85.1376,0,0,-0.37,0.223,1.0109919648387098,1.0,0.7741935483870968,0.0967741935483871,0.0
2011,8,BR-PAT,25.5941,85.1376,0,0,-0.5,0.344,1.011544473516129,2.0,0.6451612903225806,0.03225806451612903,0.0
2011,9,BR-PAT,25.5941,85.1376,0,0,-0.76,0.202,0.9066917783333334,3.0,0.5,0.4,0.03333333333333333
2014,6,BR-PAT,25.5941,85.1376,0,0,0.22,-0.028,1.108679051,4.0,0.1,0.6666666666666666,0.0
2014,7,BR-PAT,25.5941,85.1376,0,0,0.07,-0.363,1.1528067432258065,6.0,0.6129032258064516,0.1935483870967742,0.0
2014,8,BR-PAT,25.5941,85.1376,0,0,0.07,-0.372,1.2150309538709676,2.0,0.6774193548387096,0.0967741935483871,0.06451612903225806
2014,9,BR-PAT,25.5941,85.1376,0,0,0.24,-0.145,0.649377995,4.0,0.4666666666666667,0.3,0.0
2015,6,BR-PAT,25.5941,85.1376,0,0,1.19,0.296,1.992920383333333,4.0,0.13333333333333333,0.8666666666666667,0.0
2015,7,BR-PAT,25.5941,85.1376,0,0,1.44,0.225,1.837990334516129,7.0,0.6774193548387096,0.1935483870967742,0.0
2015,8,BR-PAT,25.5941,85.1376,0,0,1.73,0.568,0.8428048241935484,8.0,0.5806451612903226,0.03225806451612903,0.0967741935483871
2015,9,BR-PAT,25.5941,85.1376,0,0,2.02,0.294,0.62977513528,1.0,0.5666666666666667,0.4,0.03333333333333333
2016,6,BR-PAT,25.5941,85.1376,0,0,0.09,-0.443,1.5598082686666668,4.0,0.8,0.03333333333333333,0.0
2016,7,BR-PAT,25.5941,85.1376,0,0,-0.19,-0.757,1.0086871877419354,2.0,0.8387096774193549,0.0,0.03225806451612903
2016,8,BR-PAT,25.5941,85.1376,0,0,-0.34,-0.443,1.3634238690322582,6.0,0.16129032258064516,0.22580645161290322,0.0
2016,9,BR-PAT,25.5941,85.1376,0,0,-0.42,-0.437,0.9987363606666668,5.0,0.9666666666666667,0.0,0.03333333333333333
2017,6,BR-PAT,25.5941,85.1376,0,0,0.32,0.424,1.010765505,1.0,0.36666666666666664,0.1,0.0
2017,7,BR-PAT,25.5941,85.1376,0,0,0.14,0.52,1.0194311058064516,3.0,0.8709677419354839,0.06451612903225806,0.06451612903225806
2017,8,BR-PAT,25.5941,85.1376,0,0,-0.07,0.349,0.560064344016129,2.0,0.9032258064516129,0.0,0.0967741935483871
2017,9,BR-PAT,25.5941,85.1376,0,0,-0.23,0.035,0.5864452456666667,4.0,0.6333333333333333,0.0,0.0
2018,6,BR-PAT,25.5941,85.1376,0,0,0.13,0.155,1.099695321,1.0,0.6333333333333333,0.0,0.0
2018,7,BR-PAT,25.5941,85.1376,0,0,0.2,0.053,1.4670566325806451,6.0,0.6451612903225806,0.12903225806451613,0.03225806451612903
2018,8,BR-PAT,25.5941,85.1376,0,0,0.3,0.121,1.1604823280645162,6.0,0.8064516129032258,0.03225806451612903,0.0
2018,9,BR-PAT,25.5941,85.1376,0,0,0.52,0.604,1.0746740603333331,8.0,0.5666666666666667,0.1,0.0
2020,6,BR-PAT,25.5941,85.1376,0,0,-0.18,0.455,1.3547168013333333,1.0,0.9,0.0,0.0
2020,7,BR-PAT,25.5941,85.1376,0,0,-0.29,0.319,1.5012130690322585,2.0,1.0,0.0,0.0
2020,8,BR-PAT,25.5941,85.1376,0,0,-0.43,-0.183,1.5708076487096774,8.0,0.6129032258064516,0.16129032258064516,0.0
2020,9,BR-PAT,25.5941,85.1376,0,0,-0.77,-0.189,1.1078213236666663,4.0,0.8,0.03333333333333333,0.06666666666666667
2021,6,BR-PAT,25.5941,85.1376,0,0,-0.31,-0.002,1.2543668813333333,1.0,0.7333333333333333,0.0,0.0
2021,7,BR-PAT,25.5941,85.1376,0,0,-0.35,-0.229,1.2697446645161292,2.0,0.9354838709677419,0.0,0.0
2021,8,BR-PAT,25.5941,85.1376,0,0,-0.46,-0.099,1.3328496390322582,2.0,0.967741935483871,0.0,0.0
2021,9,BR-PAT,25.5941,85.1376,0,0,-0.64,-0.058,1.16716908,3.0,0.3,0.16666666666666666,0.0
2022,6,BR-PAT,25.5941,85.1376,0,0,-0.73,-0.335,1.7460144566666669,1.0,0.6,0.26666666666666666,0.03333333333333333
2022,7,BR-PAT,25.5941,85.1376,0,0,-0.7,-0.195,0.9906527754838708,4.0,0.6129032258064516,0.3870967741935484,0.0
2022,8,BR-PAT,25.5941,85.1376,0,0,-0.78,-0.246,0.962351660967742,2.0,0.3548387096774194,0.3870967741935484,0.0
2022,9,BR-PAT,25.5941,85.1376,0,0,-0.87,-0.322,0.45954351401,4.0,0.7666666666666667,0.06666666666666667,0.0
2023,6,BR-PAT,25.5941,85.1376,0,0,0.73,0.665,1.1452140906,2.0,0.03333333333333333,0.9333333333333333,0.0
2023,7,BR-PAT,25.5941,85.1376,0,0,1.0,0.498,0.7976125261290323,6.0,0.22580645161290322,0.5806451612903226,0.0
2023,8,BR-PAT,25.5941,85.1376,0,0,1.25,0.826,0.9138732870967742,8.0,0.8387096774193549,0.03225806451612903,0.0
2023,9,BR-PAT,25.5941,85.1376,0,0,1.5,0.946,0.8482362092433333,4.0,0.4,0.36666666666666664,0.03333333333333333
1990,6,BR-GAY,24.7955,84.9994,0,0,0.25,-0.568,0.7040596286666666,6.0,0.3,0.6666666666666666,0.0
1990,7,BR-GAY,24.7955,84.9994,0,0,0.26,-0.246,0.7642434731967742,1.0,0.9354838709677419,0.0,0.03225806451612903
1990,8,BR-GAY,24.7955,84.9994,0,0,0.32,-0.391,0.8801470647322581,6.0,0.3225806451612903,0.3225806451612903,0.0
1990,9,BR-GAY,24.7955,84.9994,0,0,0.31,-0.183,0.775732242,3.0,0.3,0.36666666666666664,0.03333333333333333
1991,6,BR-GAY,24.7955,84.9994,0,0,0.63,0.263,1.4334286633333333,5.0,0.16666666666666666,0.4,0.0
1991,7,BR-GAY,24.7955,84.9994,0,0,0.77,0.269,0.6487244419290323,6.0,0.22580645161290322,0.45161290322580644,0.0
1991,8,BR-GAY,24.7955,84.9994,0,0,0.67,0.058,1.2953001661290322,5.0,0.9032258064516129,0.06451612903225806,0.0
1991,9,BR-GAY,24.7955,84.9994,0,0,0.72,0.099,1.3728957676666669,8.0,0.6666666666666666,0.3,0.03333333333333333
1992,6,BR-GAY,24.7955,84.9994,0,0,0.72,-0.861,1.0309609286666666,3.0,0.0,1.0,0.0
1992,7,BR-GAY,24.7955,84.9994,0,0,0.35,-0.479,1.032042581935484,3.0,0.5806451612903226,0.22580645161290322,0.0
1992,8,BR-GAY,24.7955,84.9994,0,0,0.08,-0.768,0.7930089680645162,5.0,0.5161290322580645,0.06451612903225806,0.0
1992,9,BR-GAY,24.7955,84.9994,0,0,-0.15,-0.833,1.1277177353333334,2.0,0.03333333333333333,0.8,0.0
1993,6,BR-GAY,24.7955,84.9994,0,0,0.56,-0.108,1.5129156700000002,8.0,0.13333333333333333,0.8333333333333334,0.0
1993,7,BR-GAY,24.7955,84.9994,0,0,0.28,-0.152,0.8503892948387097,5.0,0.4838709677419355,0.3548387096774194,0.0
1993,8,BR-GAY,24.7955,84.9994,0,0,0.22,-0.306,0.9336245306,1.0,0.25806451612903225,0.5161290322580645,0.0
1993,9,BR-GAY,24.7955,84.9994,0,0,0.2,-0.17,0.4647173026666666,2.0,0.8333333333333334,0.06666666666666667,0.03333333333333333
1995,6,BR-GAY,24.7955,84.9994,0,0,-0.11,-0.078,0.8386585686666667,2.0,0.23333333333333334,0.6333333333333333,0.03333333333333333
1995,7,BR-GAY,24.7955,84.9994,0,0,-0.3,-0.169,1.3968855583870967,2.0,0.22580645161290322,0.3870967741935484,0.0
1995,8,BR-GAY,24.7955,84.9994,0,0,-0.55,-0.144,1.3320209096774194,2.0,0.7741935483870968,0.0,0.0
1995,9,BR-GAY,24.7955,84.9994,0,0,-0.81,-0.18,1.0134717556666666,5.0,0.5666666666666667,0.16666666666666666,0.0
1996,6,BR-GAY,24.7955,84.9994,0,0,-0.24,-0.395,1.5769545686666668,3.0,0.23333333333333334,0.7333333333333333,0.03333333333333333
1996,7,BR-GAY,24.7955,84.9994,0,0,-0.22,-0.644,1.590457191935484,6.0,0.3870967741935484,0.4838709677419355,0.0
1996,8,BR-GAY,24.7955,84.9994,0,0,-0.27,-0.681,1.0089208741935485,3.0,0.7419354838709677,0.06451612903225806,0.03225806451612903
1996,9,BR-GAY,24.7955,84.9994,0,0,-0.3,-0.712,1.0609203293333334,5.0,0.3,0.5,0.0
1998,6,BR-GAY,24.7955,84.9994,0,0,-0.08,0.147,0.921335034,3.0,0.13333333333333333,0.6333333333333333,0.0
1998,7,BR-GAY,24.7955,84.9994,0,0,-0.63,-0.385,0.75393639,2.0,0.6774193548387096,0.22580645161290322,0.03225806451612903
1998,8,BR-GAY,24.7955,84.9994,0,0,-0.83,-0.58,1.00514719,2.0,0.5483870967741935,0.3870967741935484,0.0
1998,9,BR-GAY,24.7955,84.9994,0,0,-1.02,-0.496,1.4218518516666667,8.0,0.5,0.3333333333333333,0.0
2002,6,BR-GAY,24.7955,84.9994,0,0,0.45,-0.189,1.8803833166666664,2.0,0.13333333333333333,0.5333333333333333,0.0
2002,7,BR-GAY,24.7955,84.9994,0,0,0.57,-0.261,1.7221574980645162,8.0,0.6129032258064516,0.22580645161290322,0.06451612903225806
2002,8,BR-GAY,24.7955,84.9994,0,0,0.63,-0.208,1.420236031935484,8.0,0.7419354838709677,0.06451612903225806,0.03225806451612903
2002,9,BR-GAY,24.7955,84.9994,0,0,0.78,0.286,0.7018471730000001,2.0,0.7,0.2,0.0
2003,6,BR-GAY,24.7955,84.9994,0,0,-0.13,0.139,1.65106069,1.0,0.3333333333333333,0.5333333333333333,0.0
2003,7,BR-GAY,24.7955,84.9994,0,0,0.09,0.131,0.992855799032258,2.0,0.7096774193548387,0.0967741935483871,0.03225806451612903
2003,8,BR-GAY,24.7955,84.9994,0,0,0.14,0.108,0.6039936987096773,6.0,0.7419354838709677,0.1935483870967742,0.0
2003,9,BR-GAY,24.7955,84.9994,0,0,0.23,-0.06,0.7902776976666667,4.0,0.6,0.2,0.0
2004,6,BR-GAY,24.7955,84.9994,0,0,0.22,-0.384,1.0188708323333333,7.0,0.3,0.5666666666666667,0.03333333333333333
2004,7,BR-GAY,24.7955,84.9994,0,0,0.39,-0.301,1.611224959354839,1.0,0.5483870967741935,0.3548387096774194,0.0
2004,8,BR-GAY,24.7955,84.9994,0,0,0.54,-0.133,1.2484562670967745,6.0,0.4838709677419355,0.0967741935483871,0.0
2004,9,BR-GAY,24.7955,84.9994,0,0,0.58,-0.106,1.438454236,2.0,0.3,0.3,0.0
2005,6,BR-GAY,24.7955,84.9994,0,0,0.09,-0.176,0.7345759723333334,2.0,0.06666666666666667,0.8,0.0
2005,7,BR-GAY,24.7955,84.9994,0,0,-0.04,-0.384,1.029081502903226,2.0,0.6129032258064516,0.0,0.0
2005,8,BR-GAY,24.7955,84.9994,0,0,-0.14,-0.345,0.939736100967742,1.0,0.2903225806451613,0.3548387096774194,0.0
2005,9,BR-GAY,24.7955,84.9994,0,0,-0.11,-0.534,1.522602815,8.0,0.4666666666666667,0.43333333333333335,0.0
2007,6,BR-GAY,24.7955,84.9994,0,0,-0.41,0.031,1.3529915246666666,2.0,0.23333333333333334,0.6666666666666666,0.0
2007,7,BR-GAY,24.7955,84.9994,0,0,-0.49,0.045,1.3795319935483872,1.0,0.7741935483870968,0.0967741935483871,0.03225806451612903
2007,8,BR-GAY,24.7955,84.9994,0,0,-0.77,0.237,0.8762567774193548,2.0,0.6451612903225806,0.12903225806451613,0.0
2007,9,BR-GAY,24.7955,84.9994,0,0,-1.05,0.235,1.1761283893333332,5.0,0.43333333333333335,0.36666666666666664,0.0
2008,6,BR-GAY,24.7955,84.9994,0,0,-0.56,0.215,0.953116955,3.0,0.4,0.3333333333333333,0.0
2008,7,BR-GAY,24.7955,84.9994,0,0,-0.33,0.246,1.2312710548387096,1.0,0.967741935483871,0.0,0.03225806451612903
2008,8,BR-GAY,24.7955,84.9994,0,0,-0.2,0.124,1.211697393548387,2.0,0.5483870967741935,0.25806451612903225,0.0
2008,9,BR-GAY,24.7955,84.9994,0,0,-0.25,0.086,1.446583400333333,5.0,0.23333333333333334,0.7,0.0
2009,6,BR-GAY,24.7955,84.9994,0,0,0.34,0.1,1.4584701413333332,8.0,0.03333333333333333,0.7666666666666667,0.0
2009,7,BR-GAY,24.7955,84.9994,0,0,0.5,-0.192,0.6150665787096774,5.0,0.0,0.5161290322580645,0.0
2009,8,BR-GAY,24.7955,84.9994,0,0,0.56,-0.104,1.12875141,1.0,0.22580645161290322,0.3870967741935484,0.0
2009,9,BR-GAY,24.7955,84.9994,0,0,0.66,-0.103,1.6812911126666668,4.0,0.43333333333333335,0.4666666666666667,0.03333333333333333
2010,6,BR-GAY,24.7955,84.9994,0,0,-0.66,-0.14,1.285590429,2.0,0.1,0.6666666666666666,0.0
2010,7,BR-GAY,24.7955,84.9994,0,0,-0.98,-0.001,1.663601914516129,1.0,0.6451612903225806,0.12903225806451613,0.0
2010,8,BR-GAY,24.7955,84.9994,0,0,-1.24,-0.061,0.747917844516129,1.0,0.5483870967741935,0.1935483870967742,0.0
2010,9,BR-GAY,24.7955,84.9994,0,0,-1.43,-0.267,0.8091414173333332,1.0,0.5666666666666667,0.4,0.0
2011,6,BR-GAY,24.7955,84.9994,0,0,-0.34,0.055,0.6791252076666666,2.0,0.4,0.3333333333333333,0.0
2011,7,BR-GAY,24.7955,84.9994,0,0,-0.37,0.223,1.0109919648387098,1.0,0.12903225806451613,0.4838709677419355,0.0
2011,8,BR-GAY,24.7955,84.9994,0,0,-0.5,0.344,1.011544473516129,2.0,0.5483870967741935,0.2903225806451613,0.0
2011,9,BR-GAY,24.7955,84.9994,0,0,-0.76,0.202,0.9066917783333334,3.0,0.43333333333333335,0.3,0.0
2014,6,BR-GAY,24.7955,84.9994,0,0,0.22,-0.028,1.108679051,4.0,0.3333333333333333,0.6,0.0
2014,7,BR-GAY,24.7955,84.9994,0,0,0.07,-0.363,1.1528067432258065,6.0,0.5483870967741935,0.22580645161290322,0.0967741935483871
2014,8,BR-GAY,24.7955,84.9994,0,0,0.07,-0.372,1.2150309538709676,2.0,0.6451612903225806,0.1935483870967742,0.0
2014,9,BR-GAY,24.7955,84.9994,0,0,0.24,-0.145,0.649377995,4.0,0.4666666666666667,0.2,0.0
2015,6,BR-GAY,24.7955,84.9994,0,0,1.19,0.296,1.992920383333333,4.0,0.23333333333333334,0.5,0.03333333333333333
2015,7,BR-GAY,24.7955,84.9994,0,0,1.44,0.225,1.837990334516129,7.0,0.8709677419354839,0.03225806451612903,0.0
2015,8,BR-GAY,24.7955,84.9994,0,0,1.73,0.568,0.8428048241935484,8.0,0.8064516129032258,0.06451612903225806,0.0
2015,9,BR-GAY,24.7955,84.9994,0,0,2.02,0.294,0.62977513528,1.0,0.23333333333333334,0.5666666666666667,0.0
2016,6,BR-GAY,24.7955,84.9994,0,0,0.09,-0.443,1.5598082686666668,4.0,0.13333333333333333,0.3,0.0
2016,7,BR-GAY,24.7955,84.9994,0,0,-0.19,-0.757,1.0086871877419354,2.0,0.6129032258064516,0.12903225806451613,0.0
2016,8,BR-GAY,24.7955,84.9994,0,0,-0.34,-0.443,1.3634238690322582,6.0,0.7741935483870968,0.0967741935483871,0.0
2016,9,BR-GAY,24.7955,84.9994,0,0,-0.42,-0.437,0.9987363606666668,5.0,0.9,0.03333333333333333,0.0
2017,6,BR-GAY,24.7955,84.9994,0,0,0.32,0.424,1.010765505,1.0,0.0,0.7,0.0
2017,7,BR-GAY,24.7955,84.9994,0,0,0.14,0.52,1.0194311058064516,3.0,0.7096774193548387,0.0967741935483871,0.0
2017,8,BR-GAY,24.7955,84.9994,0,0,-0.07,0.349,0.560064344016129,2.0,0.7419354838709677,0.0,0.0
2017,9,BR-GAY,24.7955,84.9994,0,0,-0.23,0.035,0.5864452456666667,4.0,0.16666666666666666,0.43333333333333335,0.0
2018,6,BR-GAY,24.7955,84.9994,0,0,0.13,0.155,1.099695321,1.0,0.16666666666666666,0.4,0.0
2018,7,BR-GAY,24.7955,84.9994,0,0,0.2,0.053,1.4670566325806451,6.0,0.45161290322580644,0.3225806451612903,0.03225806451612903
2018,8,BR-GAY,24.7955,84.9994,0,0,0.3,0.121,1.1604823280645162,6.0,1.0,0.0,0.0
2018,9,BR-GAY,24.7955,84.9994,0,0,0.52,0.604,1.0746740603333331,8.0,0.36666666666666664,0.5666666666666667,0.0
2020,6,BR-GAY,24.7955,84.9994,0,0,-0.18,0.455,1.3547168013333333,1.0,0.5,0.3333333333333333,0.0
2020,7,BR-GAY,24.7955,84.9994,0,0,-0.29,0.319,1.5012130690322585,2.0,0.8064516129032258,0.0,0.0
2020,8,BR-GAY,24.7955,84.9994,0,0,-0.43,-0.183,1.5708076487096774,8.0,0.8709677419354839,0.03225806451612903,0.0
2020,9,BR-GAY,24.7955,84.9994,0,0,-0.77,-0.189,1.1078213236666663,4.0,0.4666666666666667,0.1,0.0
2021,6,BR-GAY,24.7955,84.9994,0,0,-0.31,-0.002,1.2543668813333333,1.0,0.7,0.13333333333333333,0.03333333333333333
2021,7,BR-GAY,24.7955,84.9994,0,0,-0.35,-0.229,1.2697446645161292,2.0,0.7096774193548387,0.06451612903225806,0.0
2021,8,BR-GAY,24.7955,84.9994,0,0,-0.46,-0.099,1.3328496390322582,2.0,0.4838709677419355,0.1935483870967742,0.0
2021,9,BR-GAY,24.7955,84.9994,0,0,-0.64,-0.058,1.16716908,3.0,0.3333333333333333,0.1,0.0
2022,6,BR-GAY,24.7955,84.9994,0,0,-0.73,-0.335,1.7460144566666669,1.0,0.0,0.7333333333333333,0.0
2022,7,BR-GAY,24.7955,84.9994,0,0,-0.7,-0.195,0.9906527754838708,4.0,0.45161290322580644,0.3870967741935484,0.0
2022,8,BR-GAY,24.7955,84.9994,0,0,-0.78,-0.246,0.962351660967742,2.0,0.6774193548387096,0.0,0.03225806451612903
2022,9,BR-GAY,24.7955,84.9994,0,0,-0.87,-0.322,0.45954351401,4.0,1.0,0.0,0.0
2023,6,BR-GAY,24.7955,84.9994,0,0,0.73,0.665,1.1452140906,2.0,0.0,0.7333333333333333,0.0
2023,7,BR-GAY,24.7955,84.9994,0,0,1.0,0.498,0.7976125261290323,6.0,0.2903225806451613,0.3225806451612903,0.0
2023,8,BR-GAY,24.7955,84.9994,0,0,1.25,0.826,0.9138732870967742,8.0,0.7096774193548387,0.1935483870967742,0.0
2023,9,BR-GAY,24.7955,84.9994,0,0,1.5,0.946,0.8482362092433333,4.0,0.3333333333333333,0.36666666666666664,0.0
1990,6,BR-MUZ,26.1225,85.3906,0,0,0.25,-0.568,0.7040596286666666,6.0,0.23333333333333334,0.43333333333333335,0.0
1990,7,BR-MUZ,26.1225,85.3906,0,0,0.26,-0.246,0.7642434731967742,1.0,0.8387096774193549,0.0,0.0
1990,8,BR-MUZ,26.1225,85.3906,0,0,0.32,-0.391,0.8801470647322581,6.0,0.3548387096774194,0.22580645161290322,0.0
1990,9,BR-MUZ,26.1225,85.3906,0,0,0.31,-0.183,0.775732242,3.0,0.7,0.1,0.0
1991,6,BR-MUZ,26.1225,85.3906,0,0,0.63,0.263,1.4334286633333333,5.0,0.3,0.36666666666666664,0.0
1991,7,BR-MUZ,26.1225,85.3906,0,0,0.77,0.269,0.6487244419290323,6.0,0.5483870967741935,0.3225806451612903,0.0
1991,8,BR-MUZ,26.1225,85.3906,0,0,0.67,0.058,1.2953001661290322,5.0,0.7096774193548387,0.16129032258064516,0.03225806451612903
1991,9,BR-MUZ,26.1225,85.3906,0,0,0.72,0.099,1.3728957676666669,8.0,0.6,0.13333333333333333,0.0
1992,6,BR-MUZ,26.1225,85.3906,0,0,0.72,-0.861,1.0309609286666666,3.0,0.16666666666666666,0.5333333333333333,0.0
1992,7,BR-MUZ,26.1225,85.3906,0,0,0.35,-0.479,1.032042581935484,3.0,0.5161290322580645,0.06451612903225806,0.03225806451612903
1992,8,BR-MUZ,26.1225,85.3906,0,0,0.08,-0.768,0.7930089680645162,5.0,0.22580645161290322,0.3870967741935484,0.0
1992,9,BR-MUZ,26.1225,85.3906,0,0,-0.15,-0.833,1.1277177353333334,2.0,0.03333333333333333,0.7,0.0
1993,6,BR-MUZ,26.1225,85.3906,0,0,0.56,-0.108,1.5129156700000002,8.0,0.13333333333333333,0.5,0.03333333333333333
1993,7,BR-MUZ,26.1225,85.3906,0,0,0.28,-0.152,0.8503892948387097,5.0,0.5483870967741935,0.06451612903225806,0.0
1993,8,BR-MUZ,26.1225,85.3906,0,0,0.22,-0.306,0.9336245306,1.0,0.7419354838709677,0.06451612903225806,0.03225806451612903
1993,9,BR-MUZ,26.1225,85.3906,0,0,0.2,-0.17,0.4647173026666666,2.0,0.7666666666666667,0.13333333333333333,0.0
1995,6,BR-MUZ,26.1225,85.3906,0,0,-0.11,-0.078,0.8386585686666667,2.0,0.36666666666666664,0.5666666666666667,0.0
1995,7,BR-MUZ,26.1225,85.3906,0,0,-0.3,-0.169,1.3968855583870967,2.0,0.41935483870967744,0.0967741935483871,0.03225806451612903
1995,8,BR-MUZ,26.1225,85.3906,0,0,-0.55,-0.144,1.3320209096774194,2.0,0.8387096774193549,0.0967741935483871,0.06451612903225806
1995,9,BR-MUZ,26.1225,85.3906,0,0,-0.81,-0.18,1.0134717556666666,5.0,0.4666666666666667,0.13333333333333333,0.0
1996,6,BR-MUZ,26.1225,85.3906,0,0,-0.24,-0.395,1.5769545686666668,3.0,0.3,0.4666666666666667,0.03333333333333333
1996,7,BR-MUZ,26.1225,85.3906,0,0,-0.22,-0.644,1.590457191935484,6.0,0.7096774193548387,0.12903225806451613,0.03225806451612903
1996,8,BR-MUZ,26.1225,85.3906,0,0,-0.27,-0.681,1.0089208741935485,3.0,0.41935483870967744,0.3225806451612903,0.03225806451612903
1996,9,BR-MUZ,26.1225,85.3906,0,0,-0.3,-0.712,1.0609203293333334,5.0,0.23333333333333334,0.6333333333333333,0.0
1998,6,BR-MUZ,26.1225,85.3906,0,0,-0.08,0.147,0.921335034,3.0,0.3,0.6666666666666666,0.0
1998,7,BR-MUZ,26.1225,85.3906,0,0,-0.63,-0.385,0.75393639,2.0,0.8387096774193549,0.03225806451612903,0.06451612903225806
1998,8,BR-MUZ,26.1225,85.3906,0,0,-0.83,-0.58,1.00514719,2.0,0.7419354838709677,0.06451612903225806,0.03225806451612903
1998,9,BR-MUZ,26.1225,85.3906,0,0,-1.02,-0.496,1.4218518516666667,8.0,0.4,0.03333333333333333,0.0
2002,6,BR-MUZ,26.1225,85.3906,0,0,0.45,-0.189,1.8803833166666664,2.0,0.3333333333333333,0.4,0.0
2002,7,BR-MUZ,26.1225,85.3906,0,0,0.57,-0.261,1.7221574980645162,8.0,0.6129032258064516,0.06451612903225806,0.03225806451612903
2002,8,BR-MUZ,26.1225,85.3906,0,0,0.63,-0.208,1.420236031935484,8.0,0.5161290322580645,0.22580645161290322,0.03225806451612903
2002,9,BR-MUZ,26.1225,85.3906,0,0,0.78,0.286,0.7018471730000001,2.0,0.06666666666666667,0.23333333333333334,0.0
2003,6,BR-MUZ,26.1225,85.3906,0,0,-0.13,0.139,1.65106069,1.0,0.26666666666666666,0.3333333333333333,0.06666666666666667
2003,7,BR-MUZ,26.1225,85.3906,0,0,0.09,0.131,0.992855799032258,2.0,0.5483870967741935,0.2903225806451613,0.0
2003,8,BR-MUZ,26.1225,85.3906,0,0,0.14,0.108,0.6039936987096773,6.0,0.6774193548387096,0.16129032258064516,0.0
2003,9,BR-MUZ,26.1225,85.3906,0,0,0.23,-0.06,0.7902776976666667,4.0,0.23333333333333334,0.5333333333333333,0.0
2004,6,BR-MUZ,26.1225,85.3906,0,0,0.22,-0.384,1.0188708323333333,7.0,0.6,0.23333333333333334,0.03333333333333333
2004,7,BR-MUZ,26.1225,85.3906,0,0,0.39,-0.301,1.611224959354839,1.0,0.7741935483870968,0.06451612903225806,0.0
2004,8,BR-MUZ,26.1225,85.3906,0,0,0.54,-0.133,1.2484562670967745,6.0,0.06451612903225806,0.6774193548387096,0.0
2004,9,BR-MUZ,26.1225,85.3906,0,0,0.58,-0.106,1.438454236,2.0,0.16666666666666666,0.6,0.0
2005,6,BR-MUZ,26.1225,85.3906,0,0,0.09,-0.176,0.7345759723333334,2.0,0.0,0.5333333333333333,0.0
2005,7,BR-MUZ,26.1225,85.3906,0,0,-0.04,-0.384,1.029081502903226,2.0,0.5806451612903226,0.1935483870967742,0.0
2005,8,BR-MUZ,26.1225,85.3906,0,0,-0.14,-0.345,0.939736100967742,1.0,0.5161290322580645,0.25806451612903225,0.0
2005,9,BR-MUZ,26.1225,85.3906,0,0,-0.11,-0.534,1.522602815,8.0,0.03333333333333333,0.5,0.0
2007,6,BR-MUZ,26.1225,85.3906,0,0,-0.41,0.031,1.3529915246666666,2.0,0.4666666666666667,0.3,0.0
2007,7,BR-MUZ,26.1225,85.3906,0,0,-0.49,0.045,1.3795319935483872,1.0,0.8709677419354839,0.0,0.06451612903225806
2007,8,BR-MUZ,26.1225,85.3906,0,0,-0.77,0.237,0.8762567774193548,2.0,0.7419354838709677,0.0967741935483871,0.03225806451612903
2007,9,BR-MUZ,26.1225,85.3906,0,0,-1.05,0.235,1.1761283893333332,5.0,0.6666666666666666,0.26666666666666666,0.06666666666666667
2008,6,BR-MUZ,26.1225,85.3906,0,0,-0.56,0.215,0.953116955,3.0,0.8,0.16666666666666666,0.0
2008,7,BR-MUZ,26.1225,85.3906,0,0,-0.33,0.246,1.2312710548387096,1.0,1.0,0.0,0.0
2008,8,BR-MUZ,26.1225,85.3906,0,0,-0.2,0.124,1.211697393548387,2.0,0.12903225806451613,0.45161290322580644,0.0
2008,9,BR-MUZ,26.1225,85.3906,0,0,-0.25,0.086,1.446583400333333,5.0,0.23333333333333334,0.5333333333333333,0.0
2009,6,BR-MUZ,26.1225,85.3906,0,0,0.34,0.1,1.4584701413333332,8.0,0.06666666666666667,0.8333333333333334,0.0
2009,7,BR-MUZ,26.1225,85.3906,0,0,0.5,-0.192,0.6150665787096774,5.0,0.3870967741935484,0.45161290322580644,0.06451612903225806
2009,8,BR-MUZ,26.1225,85.3906,0,0,0.56,-0.104,1.12875141,1.0,0.8709677419354839,0.0,0.03225806451612903
2009,9,BR-MUZ,26.1225,85.3906,0,0,0.66,-0.103,1.6812911126666668,4.0,0.4,0.23333333333333334,0.0
2010,6,BR-MUZ,26.1225,85.3906,0,0,-0.66,-0.14,1.285590429,2.0,0.23333333333333334,0.5666666666666667,0.0
2010,7,BR-MUZ,26.1225,85.3906,0,0,-0.98,-0.001,1.663601914516129,1.0,0.4838709677419355,0.12903225806451613,0.0
2010,8,BR-MUZ,26.1225,85.3906,0,0,-1.24,-0.061,0.747917844516129,1.0,0.41935483870967744,0.3870967741935484,0.0
2010,9,BR-MUZ,26.1225,85.3906,0,0,-1.43,-0.267,0.8091414173333332,1.0,0.2,0.6333333333333333,0.0
2011,6,BR-MUZ,26.1225,85.3906,0,0,-0.34,0.055,0.6791252076666666,2.0,0.1,0.16666666666666666,0.0
2011,7,BR-MUZ,26.1225,85.3906,0,0,-0.37,0.223,1.0109919648387098,1.0,0.6451612903225806,0.22580645161290322,0.0
2011,8,BR-MUZ,26.1225,85.3906,0,0,-0.5,0.344,1.011544473516129,2.0,0.6451612903225806,0.25806451612903225,0.0
2011,9,BR-MUZ,26.1225,85.3906,0,0,-0.76,0.202,0.9066917783333334,3.0,0.4,0.5333333333333333,0.03333333333333333
2014,6,BR-MUZ,26.1225,85.3906,0,0,0.22,-0.028,1.108679051,4.0,0.3,0.6,0.0
2014,7,BR-MUZ,26.1225,85.3906,0,0,0.07,-0.363,1.1528067432258065,6.0,0.41935483870967744,0.22580645161290322,0.0
2014,8,BR-MUZ,26.1225,85.3906,0,0,0.07,-0.372,1.2150309538709676,2.0,0.6774193548387096,0.0967741935483871,0.06451612903225806
2014,9,BR-MUZ,26.1225,85.3906,0,0,0.24,-0.145,0.649377995,4.0,0.43333333333333335,0.3333333333333333,0.0
2015,6,BR-MUZ,26.1225,85.3906,0,0,1.19,0.296,1.992920383333333,4.0,0.1,0.6666666666666666,0.0
2015,7,BR-MUZ,26.1225,85.3906,0,0,1.44,0.225,1.837990334516129,7.0,0.6129032258064516,0.3548387096774194,0.0
2015,8,BR-MUZ,26.1225,85.3906,0,0,1.73,0.568,0.8428048241935484,8.0,0.6451612903225806,0.12903225806451613,0.03225806451612903
2015,9,BR-MUZ,26.1225,85.3906,0,0,2.02,0.294,0.62977513528,1.0,0.4,0.5,0.0
2016,6,BR-MUZ,26.1225,85.3906,0,0,0.09,-0.443,1.5598082686666668,4.0,0.36666666666666664,0.36666666666666664,0.0
2016,7,BR-MUZ,26.1225,85.3906,0,0,-0.19,-0.757,1.0086871877419354,2.0,0.7419354838709677,0.0967741935483871,0.0
2016,8,BR-MUZ,26.1225,85.3906,0,0,-0.34,-0.443,1.3634238690322582,6.0,0.06451612903225806,0.2903225806451613,0.0
2016,9,BR-MUZ,26.1225,85.3906,0,0,-0.42,-0.437,0.9987363606666668,5.0,0.7,0.06666666666666667,0.0
2017,6,BR-MUZ,26.1225,85.3906,0,0,0.32,0.424,1.010765505,1.0,0.36666666666666664,0.2,0.0
2017,7,BR-MUZ,26.1225,85.3906,0,0,0.14,0.52,1.0194311058064516,3.0,0.4838709677419355,0.12903225806451613,0.06451612903225806
2017,8,BR-MUZ,26.1225,85.3906,0,0,-0.07,0.349,0.560064344016129,2.0,0.6451612903225806,0.0,0.03225806451612903
2017,9,BR-MUZ,26.1225,85.3906,0,0,-0.23,0.035,0.5864452456666667,4.0,0.23333333333333334,0.6,0.0
2018,6,BR-MUZ,26.1225,85.3906,0,0,0.13,0.155,1.099695321,1.0,0.23333333333333334,0.5666666666666667,0.0
2018,7,BR-MUZ,26.1225,85.3906,0,0,0.2,0.053,1.4670566325806451,6.0,0.45161290322580644,0.3870967741935484,0.0
2018,8,BR-MUZ,26.1225,85.3906,0,0,0.3,0.121,1.1604823280645162,6.0,0.8709677419354839,0.03225806451612903,0.0
2018,9,BR-MUZ,26.1225,85.3906,0,0,0.52,0.604,1.0746740603333331,8.0,0.26666666666666666,0.4,0.0
2020,6,BR-MUZ,26.1225,85.3906,0,0,-0.18,0.455,1.3547168013333333,1.0,0.6333333333333333,0.23333333333333334,0.0
2020,7,BR-MUZ,26.1225,85.3906,0,0,-0.29,0.319,1.5012130690322585,2.0,0.967741935483871,0.0,0.0967741935483871
2020,8,BR-MUZ,26.1225,85.3906,0,0,-0.43,-0.183,1.5708076487096774,8.0,0.5806451612903226,0.0967741935483871,0.0
2020,9,BR-MUZ,26.1225,85.3906,0,0,-0.77,-0.189,1.1078213236666663,4.0,0.7666666666666667,0.0,0.03333333333333333
2021,6,BR-MUZ,26.1225,85.3906,0,0,-0.31,-0.002,1.2543668813333333,1.0,0.7666666666666667,0.13333333333333333,0.0
2021,7,BR-MUZ,26.1225,85.3906,0,0,-0.35,-0.229,1.2697446645161292,2.0,0.9354838709677419,0.0,0.0
2021,8,BR-MUZ,26.1225,85.3906,0,0,-0.46,-0.099,1.3328496390322582,2.0,0.967741935483871,0.0,0.0
2021,9,BR-MUZ,26.1225,85.3906,0,0,-0.64,-0.058,1.16716908,3.0,0.26666666666666666,0.3333333333333333,0.0
2022,6,BR-MUZ,26.1225,85.3906,0,0,-0.73,-0.335,1.7460144566666669,1.0,0.06666666666666667,0.6333333333333333,0.0
2022,7,BR-MUZ,26.1225,85.3906,0,0,-0.7,-0.195,0.9906527754838708,4.0,0.5161290322580645,0.45161290322580644,0.0
2022,8,BR-MUZ,26.1225,85.3906,0,0,-0.78,-0.246,0.962351660967742,2.0,0.3870967741935484,0.3870967741935484,0.0
2022,9,BR-MUZ,26.1225,85.3906,0,0,-0.87,-0.322,0.45954351401,4.0,0.7,0.0,0.0
2023,6,BR-MUZ,26.1225,85.3906,0,0,0.73,0.665,1.1452140906,2.0,0.03333333333333333,0.9666666666666667,0.0
2023,7,BR-MUZ,26.1225,85.3906,0,0,1.0,0.498,0.7976125261290323,6.0,0.3548387096774194,0.3870967741935484,0.0
2023,8,BR-MUZ,26.1225,85.3906,0,0,1.25,0.826,0.9138732870967742,8.0,0.967741935483871,0.0,0.03225806451612903
2023,9,BR-MUZ,26.1225,85.3906,0,0,1.5,0.946,0.8482362092433333,4.0,0.5666666666666667,0.23333333333333334,0.03333333333333333
1990,6,BR-PUR,25.7771,87.4753,0,0,0.25,-0.568,0.7040596286666666,6.0,0.7,0.16666666666666666,0.0
1990,7,BR-PUR,25.7771,87.4753,0,0,0.26,-0.246,0.7642434731967742,1.0,1.0,0.0,0.03225806451612903
1990,8,BR-PUR,25.7771,87.4753,0,0,0.32,-0.391,0.8801470647322581,6.0,0.45161290322580644,0.3870967741935484,0.0
1990,9,BR-PUR,25.7771,87.4753,0,0,0.31,-0.183,0.775732242,3.0,0.3,0.3333333333333333,0.0
1991,6,BR-PUR,25.7771,87.4753,0,0,0.63,0.263,1.4334286633333333,5.0,0.9,0.0,0.03333333333333333
1991,7,BR-PUR,25.7771,87.4753,0,0,0.77,0.269,0.6487244419290323,6.0,0.6129032258064516,0.12903225806451613,0.0
1991,8,BR-PUR,25.7771,87.4753,0,0,0.67,0.058,1.2953001661290322,5.0,0.4838709677419355,0.1935483870967742,0.0
1991,9,BR-PUR,25.7771,87.4753,0,0,0.72,0.099,1.3728957676666669,8.0,0.9333333333333333,0.0,0.1
1992,6,BR-PUR,25.7771,87.4753,0,0,0.72,-0.861,1.0309609286666666,3.0,0.06666666666666667,0.3,0.0
1992,7,BR-PUR,25.7771,87.4753,0,0,0.35,-0.479,1.032042581935484,3.0,0.7096774193548387,0.1935483870967742,0.03225806451612903
1992,8,BR-PUR,25.7771,87.4753,0,0,0.08,-0.768,0.7930089680645162,5.0,0.41935483870967744,0.03225806451612903,0.0
1992,9,BR-PUR,25.7771,87.4753,0,0,-0.15,-0.833,1.1277177353333334,2.0,0.4,0.5666666666666667,0.0
1993,6,BR-PUR,25.7771,87.4753,0,0,0.56,-0.108,1.5129156700000002,8.0,0.43333333333333335,0.1,0.0
1993,7,BR-PUR,25.7771,87.4753,0,0,0.28,-0.152,0.8503892948387097,5.0,0.6129032258064516,0.0,0.0
1993,8,BR-PUR,25.7771,87.4753,0,0,0.22,-0.306,0.9336245306,1.0,0.8064516129032258,0.0967741935483871,0.03225806451612903
1993,9,BR-PUR,25.7771,87.4753,0,0,0.2,-0.17,0.4647173026666666,2.0,0.6666666666666666,0.06666666666666667,0.03333333333333333
1995,6,BR-PUR,25.7771,87.4753,0,0,-0.11,-0.078,0.8386585686666667,2.0,0.6666666666666666,0.13333333333333333,0.0
1995,7,BR-PUR,25.7771,87.4753,0,0,-0.3,-0.169,1.3968855583870967,2.0,0.6451612903225806,0.1935483870967742,0.0
1995,8,BR-PUR,25.7771,87.4753,0,0,-0.55,-0.144,1.3320209096774194,2.0,0.6451612903225806,0.12903225806451613,0.0
1995,9,BR-PUR,25.7771,87.4753,0,0,-0.81,-0.18,1.0134717556666666,5.0,0.7,0.03333333333333333,0.06666666666666667
1996,6,BR-PUR,25.7771,87.4753,0,0,-0.24,-0.395,1.5769545686666668,3.0,0.6333333333333333,0.26666666666666666,0.0
1996,7,BR-PUR,25.7771,87.4753,0,0,-0.22,-0.644,1.590457191935484,6.0,0.8064516129032258,0.0967741935483871,0.06451612903225806
1996,8,BR-PUR,25.7771,87.4753,0,0,-0.27,-0.681,1.0089208741935485,3.0,0.7096774193548387,0.0,0.0
1996,9,BR-PUR,25.7771,87.4753,0,0,-0.3,-0.712,1.0609203293333334,5.0,0.5,0.13333333333333333,0.03333333333333333
1998,6,BR-PUR,25.7771,87.4753,0,0,-0.08,0.147,0.921335034,3.0,0.1,0.5666666666666667,0.0
1998,7,BR-PUR,25.7771,87.4753,0,0,-0.63,-0.385,0.75393639,2.0,0.967741935483871,0.0,0.0967741935483871
1998,8,BR-PUR,25.7771,87.4753,0,0,-0.83,-0.58,1.00514719,2.0,0.967741935483871,0.0,0.06451612903225806
1998,9,BR-PUR,25.7771,87.4753,0,0,-1.02,-0.496,1.4218518516666667,8.0,0.5,0.23333333333333334,0.06666666666666667
2002,6,BR-PUR,25.7771,87.4753,0,0,0.45,-0.189,1.8803833166666664,2.0,0.5,0.06666666666666667,0.06666666666666667
2002,7,BR-PUR,25.7771,87.4753,0,0,0.57,-0.261,1.7221574980645162,8.0,0.8064516129032258,0.0,0.03225806451612903
2002,8,BR-PUR,25.7771,87.4753,0,0,0.63,-0.208,1.420236031935484,8.0,0.8387096774193549,0.06451612903225806,0.0
2002,9,BR-PUR,25.7771,87.4753,0,0,0.78,0.286,0.7018471730000001,2.0,0.36666666666666664,0.5666666666666667,0.06666666666666667
2003,6,BR-PUR,25.7771,87.4753,0,0,-0.13,0.139,1.65106069,1.0,0.5333333333333333,0.3333333333333333,0.0
2003,7,BR-PUR,25.7771,87.4753,0,0,0.09,0.131,0.992855799032258,2.0,0.7419354838709677,0.0967741935483871,0.03225806451612903
2003,8,BR-PUR,25.7771,87.4753,0,0,0.14,0.108,0.6039936987096773,6.0,0.1935483870967742,0.2903225806451613,0.0
2003,9,BR-PUR,25.7771,87.4753,0,0,0.23,-0.06,0.7902776976666667,4.0,0.7666666666666667,0.06666666666666667,0.0
2004,6,BR-PUR,25.7771,87.4753,0,0,0.22,-0.384,1.0188708323333333,7.0,0.9333333333333333,0.0,0.06666666666666667
2004,7,BR-PUR,25.7771,87.4753,0,0,0.39,-0.301,1.611224959354839,1.0,0.7741935483870968,0.16129032258064516,0.06451612903225806
2004,8,BR-PUR,25.7771,87.4753,0,0,0.54,-0.133,1.2484562670967745,6.0,0.0967741935483871,0.3225806451612903,0.0
2004,9,BR-PUR,25.7771,87.4753,0,0,0.58,-0.106,1.438454236,2.0,0.3333333333333333,0.06666666666666667,0.0
2005,6,BR-PUR,25.7771,87.4753,0,0,0.09,-0.176,0.7345759723333334,2.0,0.3,0.5,0.03333333333333333
2005,7,BR-PUR,25.7771,87.4753,0,0,-0.04,-0.384,1.029081502903226,2.0,0.8064516129032258,0.03225806451612903,0.03225806451612903
2005,8,BR-PUR,25.7771,87.4753,0,0,-0.14,-0.345,0.939736100967742,1.0,1.0,0.0,0.0
2005,9,BR-PUR,25.7771,87.4753,0,0,-0.11,-0.534,1.522602815,8.0,0.5666666666666667,0.36666666666666664,0.06666666666666667
2007,6,BR-PUR,25.7771,87.4753,0,0,-0.41,0.031,1.3529915246666666,2.0,0.6666666666666666,0.13333333333333333,0.0
2007,7,BR-PUR,25.7771,87.4753,0,0,-0.49,0.045,1.3795319935483872,1.0,0.6774193548387096,0.3225806451612903,0.03225806451612903
2007,8,BR-PUR,25.7771,87.4753,0,0,-0.77,0.237,0.8762567774193548,2.0,0.5483870967741935,0.16129032258064516,0.0
2007,9,BR-PUR,25.7771,87.4753,0,0,-1.05,0.235,1.1761283893333332,5.0,0.5333333333333333,0.06666666666666667,0.0
2008,6,BR-PUR,25.7771,87.4753,0,0,-0.56,0.215,0.953116955,3.0,0.6333333333333333,0.06666666666666667,0.0
2008,7,BR-PUR,25.7771,87.4753,0,0,-0.33,0.246,1.2312710548387096,1.0,0.8064516129032258,0.06451612903225806,0.0
2008,8,BR-PUR,25.7771,87.4753,0,0,-0.2,0.124,1.211697393548387,2.0,0.6451612903225806,0.16129032258064516,0.06451612903225806
2008,9,BR-PUR,25.7771,87.4753,0,0,-0.25,0.086,1.446583400333333,5.0,0.1,0.5666666666666667,0.03333333333333333
2009,6,BR-PUR,25.7771,87.4753,0,0,0.34,0.1,1.4584701413333332,8.0,0.16666666666666666,0.7333333333333333,0.0
2009,7,BR-PUR,25.7771,87.4753,0,0,0.5,-0.192,0.6150665787096774,5.0,0.45161290322580644,0.3870967741935484,0.0
2009,8,BR-PUR,25.7771,87.4753,0,0,0.56,-0.104,1.12875141,1.0,0.9354838709677419,0.0,0.12903225806451613
2009,9,BR-PUR,25.7771,87.4753,0,0,0.66,-0.103,1.6812911126666668,4.0,0.0,0.9,0.0
2010,6,BR-PUR,25.7771,87.4753,0,0,-0.66,-0.14,1.285590429,2.0,0.3333333333333333,0.23333333333333334,0.0
2010,7,BR-PUR,25.7771,87.4753,0,0,-0.98,-0.001,1.663601914516129,1.0,0.8064516129032258,0.03225806451612903,0.0
2010,8,BR-PUR,25.7771,87.4753,0,0,-1.24,-0.061,0.747917844516129,1.0,0.5806451612903226,0.16129032258064516,0.0
2010,9,BR-PUR,25.7771,87.4753,0,0,-1.43,-0.267,0.8091414173333332,1.0,0.4666666666666667,0.06666666666666667,0.0
2011,6,BR-PUR,25.7771,87.4753,0,0,-0.34,0.055,0.6791252076666666,2.0,0.6666666666666666,0.03333333333333333,0.03333333333333333
2011,7,BR-PUR,25.7771,87.4753,0,0,-0.37,0.223,1.0109919648387098,1.0,0.7741935483870968,0.16129032258064516,0.0
2011,8,BR-PUR,25.7771,87.4753,0,0,-0.5,0.344,1.011544473516129,2.0,0.7419354838709677,0.25806451612903225,0.0
2011,9,BR-PUR,25.7771,87.4753,0,0,-0.76,0.202,0.9066917783333334,3.0,0.43333333333333335,0.3,0.03333333333333333
2014,6,BR-PUR,25.7771,87.4753,0,0,0.22,-0.028,1.108679051,4.0,0.8,0.1,0.0
2014,7,BR-PUR,25.7771,87.4753,0,0,0.07,-0.363,1.1528067432258065,6.0,0.7419354838709677,0.0,0.0
2014,8,BR-PUR,25.7771,87.4753,0,0,0.07,-0.372,1.2150309538709676,2.0,0.6774193548387096,0.16129032258064516,0.0
2014,9,BR-PUR,25.7771,87.4753,0,0,0.24,-0.145,0.649377995,4.0,0.6666666666666666,0.13333333333333333,0.0
2015,6,BR-PUR,25.7771,87.4753,0,0,1.19,0.296,1.992920383333333,4.0,0.5333333333333333,0.26666666666666666,0.0
2015,7,BR-PUR,25.7771,87.4753,0,0,1.44,0.225,1.837990334516129,7.0,0.7096774193548387,0.06451612903225806,0.0
2015,8,BR-PUR,25.7771,87.4753,0,0,1.73,0.568,0.8428048241935484,8.0,0.6774193548387096,0.1935483870967742,0.03225806451612903
2015,9,BR-PUR,25.7771,87.4753,0,0,2.02,0.294,0.62977513528,1.0,0.4,0.36666666666666664,0.0
2016,6,BR-PUR,25.7771,87.4753,0,0,0.09,-0.443,1.5598082686666668,4.0,0.6333333333333333,0.23333333333333334,0.03333333333333333
2016,7,BR-PUR,25.7771,87.4753,0,0,-0.19,-0.757,1.0086871877419354,2.0,0.8064516129032258,0.0,0.0
2016,8,BR-PUR,25.7771,87.4753,0,0,-0.34,-0.443,1.3634238690322582,6.0,0.41935483870967744,0.12903225806451613,0.03225806451612903
2016,9,BR-PUR,25.7771,87.4753,0,0,-0.42,-0.437,0.9987363606666668,5.0,0.9,0.0,0.0
2017,6,BR-PUR,25.7771,87.4753,0,0,0.32,0.424,1.010765505,1.0,0.5333333333333333,0.23333333333333334,0.0
2017,7,BR-PUR,25.7771,87.4753,0,0,0.14,0.52,1.0194311058064516,3.0,0.5806451612903226,0.22580645161290322,0.0967741935483871
2017,8,BR-PUR,25.7771,87.4753,0,0,-0.07,0.349,0.560064344016129,2.0,0.7096774193548387,0.12903225806451613,0.06451612903225806
2017,9,BR-PUR,25.7771,87.4753,0,0,-0.23,0.035,0.5864452456666667,4.0,0.1,0.3333333333333333,0.0
2018,6,BR-PUR,25.7771,87.4753,0,0,0.13,0.155,1.099695321,1.0,0.36666666666666664,0.2,0.03333333333333333
2018,7,BR-PUR,25.7771,87.4753,0,0,0.2,0.053,1.4670566325806451,6.0,0.5806451612903226,0.1935483870967742,0.0
2018,8,BR-PUR,25.7771,87.4753,0,0,0.3,0.121,1.1604823280645162,6.0,0.967741935483871,0.0,0.0
2018,9,BR-PUR,25.7771,87.4753,0,0,0.52,0.604,1.0746740603333331,8.0,0.5333333333333333,0.4,0.03333333333333333
2020,6,BR-PUR,25.7771,87.4753,0,0,-0.18,0.455,1.3547168013333333,1.0,0.9333333333333333,0.0,0.06666666666666667
2020,7,BR-PUR,25.7771,87.4753,0,0,-0.29,0.319,1.5012130690322585,2.0,1.0,0.0,0.0967741935483871
2020,8,BR-PUR,25.7771,87.4753,0,0,-0.43,-0.183,1.5708076487096774,8.0,0.9032258064516129,0.0,0.0
2020,9,BR-PUR,25.7771,87.4753,0,0,-0.77,-0.189,1.1078213236666663,4.0,0.7666666666666667,0.0,0.16666666666666666
2021,6,BR-PUR,25.7771,87.4753,0,0,-0.31,-0.002,1.2543668813333333,1.0,0.7666666666666667,0.13333333333333333,0.03333333333333333
2021,7,BR-PUR,25.7771,87.4753,0,0,-0.35,-0.229,1.2697446645161292,2.0,0.7419354838709677,0.06451612903225806,0.0
2021,8,BR-PUR,25.7771,87.4753,0,0,-0.46,-0.099,1.3328496390322582,2.0,0.9354838709677419,0.0,0.0
2021,9,BR-PUR,25.7771,87.4753,0,0,-0.64,-0.058,1.16716908,3.0,0.3333333333333333,0.3333333333333333,0.0
2022,6,BR-PUR,25.7771,87.4753,0,0,-0.73,-0.335,1.7460144566666669,1.0,0.7,0.16666666666666666,0.03333333333333333
2022,7,BR-PUR,25.7771,87.4753,0,0,-0.7,-0.195,0.9906527754838708,4.0,0.4838709677419355,0.4838709677419355,0.0
2022,8,BR-PUR,25.7771,87.4753,0,0,-0.78,-0.246,0.962351660967742,2.0,0.3548387096774194,0.22580645161290322,0.0
2022,9,BR-PUR,25.7771,87.4753,0,0,-0.87,-0.322,0.45954351401,4.0,0.8,0.0,0.0
2023,6,BR-PUR,25.7771,87.4753,0,0,0.73,0.665,1.1452140906,2.0,0.3333333333333333,0.5,0.0
2023,7,BR-PUR,25.7771,87.4753,0,0,1.0,0.498,0.7976125261290323,6.0,0.6129032258064516,0.3225806451612903,0.0
2023,8,BR-PUR,25.7771,87.4753,0,0,1.25,0.826,0.9138732870967742,8.0,0.6451612903225806,0.1935483870967742,0.06451612903225806
2023,9,BR-PUR,25.7771,87.4753,0,0,1.5,0.946,0.8482362092433333,4.0,0.3333333333333333,0.4,0.03333333333333333
1990,6,WB-KOL,22.5726,88.3639,1,0,0.25,-0.568,0.7040596286666666,6.0,0.8333333333333334,0.03333333333333333,0.0
1990,7,WB-KOL,22.5726,88.3639,1,0,0.26,-0.246,0.7642434731967742,1.0,1.0,0.0,0.0967741935483871
1990,8,WB-KOL,22.5726,88.3639,1,0,0.32,-0.391,0.8801470647322581,6.0,0.7096774193548387,0.0,0.0
1990,9,WB-KOL,22.5726,88.3639,1,0,0.31,-0.183,0.775732242,3.0,0.9,0.0,0.03333333333333333
1991,6,WB-KOL,22.5726,88.3639,1,0,0.63,0.263,1.4334286633333333,5.0,0.6333333333333333,0.2,0.03333333333333333
1991,7,WB-KOL,22.5726,88.3639,1,0,0.77,0.269,0.6487244419290323,6.0,0.7419354838709677,0.0967741935483871,0.03225806451612903
1991,8,WB-KOL,22.5726,88.3639,1,0,0.67,0.058,1.2953001661290322,5.0,0.8709677419354839,0.0,0.0
1991,9,WB-KOL,22.5726,88.3639,1,0,0.72,0.099,1.3728957676666669,8.0,0.9333333333333333,0.0,0.0
1992,6,WB-KOL,22.5726,88.3639,1,0,0.72,-0.861,1.0309609286666666,3.0,0.5666666666666667,0.23333333333333334,0.0
1992,7,WB-KOL,22.5726,88.3639,1,0,0.35,-0.479,1.032042581935484,3.0,1.0,0.0,0.03225806451612903
1992,8,WB-KOL,22.5726,88.3639,1,0,0.08,-0.768,0.7930089680645162,5.0,0.6774193548387096,0.06451612903225806,0.03225806451612903
1992,9,WB-KOL,22.5726,88.3639,1,0,-0.15,-0.833,1.1277177353333334,2.0,0.5666666666666667,0.26666666666666666,0.0
1993,6,WB-KOL,22.5726,88.3639,1,0,0.56,-0.108,1.5129156700000002,8.0,0.9333333333333333,0.0,0.0
1993,7,WB-KOL,22.5726,88.3639,1,0,0.28,-0.152,0.8503892948387097,5.0,0.8064516129032258,0.0,0.03225806451612903
1993,8,WB-KOL,22.5726,88.3639,1,0,0.22,-0.306,0.9336245306,1.0,1.0,0.0,0.03225806451612903
1993,9,WB-KOL,22.5726,88.3639,1,0,0.2,-0.17,0.4647173026666666,2.0,1.0,0.0,0.03333333333333333
1995,6,WB-KOL,22.5726,88.3639,1,0,-0.11,-0.078,0.8386585686666667,2.0,0.6,0.16666666666666666,0.0
1995,7,WB-KOL,22.5726,88.3639,1,0,-0.3,-0.169,1.3968855583870967,2.0,0.8387096774193549,0.06451612903225806,0.06451612903225806
1995,8,WB-KOL,22.5726,88.3639,1,0,-0.55,-0.144,1.3320209096774194,2.0,0.6774193548387096,0.0967741935483871,0.03225806451612903
1995,9,WB-KOL,22.5726,88.3639,1,0,-0.81,-0.18,1.0134717556666666,5.0,0.8666666666666667,0.0,0.06666666666666667
1996,6,WB-KOL,22.5726,88.3639,1,0,-0.24,-0.395,1.5769545686666668,3.0,0.8666666666666667,0.0,0.03333333333333333
1996,7,WB-KOL,22.5726,88.3639,1,0,-0.22,-0.644,1.590457191935484,6.0,0.6451612903225806,0.16129032258064516,0.0
1996,8,WB-KOL,22.5726,88.3639,1,0,-0.27,-0.681,1.0089208741935485,3.0,1.0,0.0,0.03225806451612903
1996,9,WB-KOL,22.5726,88.3639,1,0,-0.3,-0.712,1.0609203293333334,5.0,0.43333333333333335,0.13333333333333333,0.03333333333333333
1998,6,WB-KOL,22.5726,88.3639,1,0,-0.08,0.147,0.921335034,3.0,0.4,0.43333333333333335,0.0
1998,7,WB-KOL,22.5726,88.3639,1,0,-0.63,-0.385,0.75393639,2.0,0.8064516129032258,0.0,0.0
1998,8,WB-KOL,22.5726,88.3639,1,0,-0.83,-0.58,1.00514719,2.0,0.7419354838709677,0.12903225806451613,0.0
1998,9,WB-KOL,22.5726,88.3639,1,0,-1.02,-0.496,1.4218518516666667,8.0,0.6333333333333333,0.06666666666666667,0.0
2002,6,WB-KOL,22.5726,88.3639,1,0,0.45,-0.189,1.8803833166666664,2.0,0.8333333333333334,0.1,0.03333333333333333
2002,7,WB-KOL,22.5726,88.3639,1,0,0.57,-0.261,1.7221574980645162,8.0,0.6451612903225806,0.22580645161290322,0.03225806451612903
2002,8,WB-KOL,22.5726,88.3639,1,0,0.63,-0.208,1.420236031935484,8.0,0.9354838709677419,0.0,0.03225806451612903
2002,9,WB-KOL,22.5726,88.3639,1,0,0.78,0.286,0.7018471730000001,2.0,0.9,0.0,0.0
2003,6,WB-KOL,22.5726,88.3639,1,0,-0.13,0.139,1.65106069,1.0,0.4,0.3333333333333333,0.03333333333333333
2003,7,WB-KOL,22.5726,88.3639,1,0,0.09,0.131,0.992855799032258,2.0,1.0,0.0,0.0
2003,8,WB-KOL,22.5726,88.3639,1,0,0.14,0.108,0.6039936987096773,6.0,0.8387096774193549,0.0,0.0
2003,9,WB-KOL,22.5726,88.3639,1,0,0.23,-0.06,0.7902776976666667,4.0,0.6333333333333333,0.0,0.0
2004,6,WB-KOL,22.5726,88.3639,1,0,0.22,-0.384,1.0188708323333333,7.0,0.8333333333333334,0.1,0.0
2004,7,WB-KOL,22.5726,88.3639,1,0,0.39,-0.301,1.611224959354839,1.0,0.4838709677419355,0.16129032258064516,0.0
2004,8,WB-KOL,22.5726,88.3639,1,0,0.54,-0.133,1.2484562670967745,6.0,0.9354838709677419,0.0,0.0
2004,9,WB-KOL,22.5726,88.3639,1,0,0.58,-0.106,1.438454236,2.0,0.6,0.2,0.0
2005,6,WB-KOL,22.5726,88.3639,1,0,0.09,-0.176,0.7345759723333334,2.0,0.3333333333333333,0.4,0.03333333333333333
2005,7,WB-KOL,22.5726,88.3639,1,0,-0.04,-0.384,1.029081502903226,2.0,0.8387096774193549,0.0,0.03225806451612903
2005,8,WB-KOL,22.5726,88.3639,1,0,-0.14,-0.345,0.939736100967742,1.0,0.967741935483871,0.0,0.0
2005,9,WB-KOL,22.5726,88.3639,1,0,-0.11,-0.534,1.522602815,8.0,0.6666666666666666,0.03333333333333333,0.0
2007,6,WB-KOL,22.5726,88.3639,1,0,-0.41,0.031,1.3529915246666666,2.0,0.26666666666666666,0.16666666666666666,0.0
2007,7,WB-KOL,22.5726,88.3639,1,0,-0.49,0.045,1.3795319935483872,1.0,0.7096774193548387,0.0967741935483871,0.06451612903225806
2007,8,WB-KOL,22.5726,88.3639,1,0,-0.77,0.237,0.8762567774193548,2.0,0.3225806451612903,0.45161290322580644,0.03225806451612903
2007,9,WB-KOL,22.5726,88.3639,1,0,-1.05,0.235,1.1761283893333332,5.0,0.6666666666666666,0.16666666666666666,0.1
2008,6,WB-KOL,22.5726,88.3639,1,0,-0.56,0.215,0.953116955,3.0,0.8,0.06666666666666667,0.06666666666666667
2008,7,WB-KOL,22.5726,88.3639,1,0,-0.33,0.246,1.2312710548387096,1.0,0.6451612903225806,0.1935483870967742,0.0
2008,8,WB-KOL,22.5726,88.3639,1,0,-0.2,0.124,1.211697393548387,2.0,0.9032258064516129,0.0967741935483871,0.0
2008,9,WB-KOL,22.5726,88.3639,1,0,-0.25,0.086,1.446583400333333,5.0,0.5,0.3333333333333333,0.03333333333333333
2009,6,WB-KOL,22.5726,88.3639,1,0,0.34,0.1,1.4584701413333332,8.0,0.03333333333333333,0.6333333333333333,0.0
2009,7,WB-KOL,22.5726,88.3639,1,0,0.5,-0.192,0.6150665787096774,5.0,0.3225806451612903,0.45161290322580644,0.0
2009,8,WB-KOL,22.5726,88.3639,1,0,0.56,-0.104,1.12875141,1.0,0.25806451612903225,0.25806451612903225,0.0
2009,9,WB-KOL,22.5726,88.3639,1,0,0.66,-0.103,1.6812911126666668,4.0,0.3333333333333333,0.26666666666666666,0.03333333333333333
2010,6,WB-KOL,22.5726,88.3639,1,0,-0.66,-0.14,1.285590429,2.0,0.6666666666666666,0.2,0.0
2010,7,WB-KOL,22.5726,88.3639,1,0,-0.98,-0.001,1.663601914516129,1.0,0.45161290322580644,0.22580645161290322,0.03225806451612903
2010,8,WB-KOL,22.5726,88.3639,1,0,-1.24,-0.061,0.747917844516129,1.0,0.45161290322580644,0.3548387096774194,0.0
2010,9,WB-KOL,22.5726,88.3639,1,0,-1.43,-0.267,0.8091414173333332,1.0,0.3333333333333333,0.06666666666666667,0.0
2011,6,WB-KOL,22.5726,88.3639,1,0,-0.34,0.055,0.6791252076666666,2.0,0.7666666666666667,0.16666666666666666,0.0
2011,7,WB-KOL,22.5726,88.3639,1,0,-0.37,0.223,1.0109919648387098,1.0,0.6451612903225806,0.12903225806451613,0.0
2011,8,WB-KOL,22.5726,88.3639,1,0,-0.5,0.344,1.011544473516129,2.0,0.5806451612903226,0.0967741935483871,0.03225806451612903
2011,9,WB-KOL,22.5726,88.3639,1,0,-0.76,0.202,0.9066917783333334,3.0,0.26666666666666666,0.06666666666666667,0.0
2014,6,WB-KOL,22.5726,88.3639,1,0,0.22,-0.028,1.108679051,4.0,0.43333333333333335,0.43333333333333335,0.03333333333333333
2014,7,WB-KOL,22.5726,88.3639,1,0,0.07,-0.363,1.1528067432258065,6.0,0.7419354838709677,0.0,0.03225806451612903
2014,8,WB-KOL,22.5726,88.3639,1,0,0.07,-0.372,1.2150309538709676,2.0,0.6129032258064516,0.0,0.03225806451612903
2014,9,WB-KOL,22.5726,88.3639,1,0,0.24,-0.145,0.649377995,4.0,0.26666666666666666,0.4,0.03333333333333333
2015,6,WB-KOL,22.5726,88.3639,1,0,1.19,0.296,1.992920383333333,4.0,0.6333333333333333,0.2,0.03333333333333333
2015,7,WB-KOL,22.5726,88.3639,1,0,1.44,0.225,1.837990334516129,7.0,1.0,0.0,0.12903225806451613
2015,8,WB-KOL,22.5726,88.3639,1,0,1.73,0.568,0.8428048241935484,8.0,0.7096774193548387,0.0,0.03225806451612903
2015,9,WB-KOL,22.5726,88.3639,1,0,2.02,0.294,0.62977513528,1.0,0.6,0.13333333333333333,0.0
2016,6,WB-KOL,22.5726,88.3639,1,0,0.09,-0.443,1.5598082686666668,4.0,0.26666666666666666,0.36666666666666664,0.03333333333333333
2016,7,WB-KOL,22.5726,88.3639,1,0,-0.19,-0.757,1.0086871877419354,2.0,0.6451612903225806,0.12903225806451613,0.0
2016,8,WB-KOL,22.5726,88.3639,1,0,-0.34,-0.443,1.3634238690322582,6.0,0.4838709677419355,0.25806451612903225,0.03225806451612903
2016,9,WB-KOL,22.5726,88.3639,1,0,-0.42,-0.437,0.9987363606666668,5.0,0.5,0.16666666666666666,0.0
2017,6,WB-KOL,22.5726,88.3639,1,0,0.32,0.424,1.010765505,1.0,0.23333333333333334,0.6333333333333333,0.03333333333333333
2017,7,WB-KOL,22.5726,88.3639,1,0,0.14,0.52,1.0194311058064516,3.0,0.8709677419354839,0.03225806451612903,0.0967741935483871
2017,8,WB-KOL,22.5726,88.3639,1,0,-0.07,0.349,0.560064344016129,2.0,0.9354838709677419,0.03225806451612903,0.03225806451612903
2017,9,WB-KOL,22.5726,88.3639,1,0,-0.23,0.035,0.5864452456666667,4.0,0.6333333333333333,0.03333333333333333,0.0
2018,6,WB-KOL,22.5726,88.3639,1,0,0.13,0.155,1.099695321,1.0,0.26666666666666666,0.36666666666666664,0.0
2018,7,WB-KOL,22.5726,88.3639,1,0,0.2,0.053,1.4670566325806451,6.0,0.8064516129032258,0.0,0.06451612903225806
2018,8,WB-KOL,22.5726,88.3639,1,0,0.3,0.121,1.1604823280645162,6.0,0.45161290322580644,0.22580645161290322,0.0
2018,9,WB-KOL,22.5726,88.3639,1,0,0.52,0.604,1.0746740603333331,8.0,0.4666666666666667,0.1,0.0
2020,6,WB-KOL,22.5726,88.3639,1,0,-0.18,0.455,1.3547168013333333,1.0,0.8,0.03333333333333333,0.03333333333333333
2020,7,WB-KOL,22.5726,88.3639,1,0,-0.29,0.319,1.5012130690322585,2.0,0.9032258064516129,0.0,0.06451612903225806
2020,8,WB-KOL,22.5726,88.3639,1,0,-0.43,-0.183,1.5708076487096774,8.0,0.9354838709677419,0.03225806451612903,0.06451612903225806
2020,9,WB-KOL,22.5726,88.3639,1,0,-0.77,-0.189,1.1078213236666663,4.0,0.6333333333333333,0.13333333333333333,0.06666666666666667
2021,6,WB-KOL,22.5726,88.3639,1,0,-0.31,-0.002,1.2543668813333333,1.0,0.6666666666666666,0.1,0.0
2021,7,WB-KOL,22.5726,88.3639,1,0,-0.35,-0.229,1.2697446645161292,2.0,0.7419354838709677,0.12903225806451613,0.0
2021,8,WB-KOL,22.5726,88.3639,1,0,-0.46,-0.099,1.3328496390322582,2.0,0.9354838709677419,0.0,0.0
2021,9,WB-KOL,22.5726,88.3639,1,0,-0.64,-0.058,1.16716908,3.0,0.43333333333333335,0.26666666666666666,0.0
2022,6,WB-KOL,22.5726,88.3639,1,0,-0.73,-0.335,1.7460144566666669,1.0,0.13333333333333333,0.4666666666666667,0.0
2022,7,WB-KOL,22.5726,88.3639,1,0,-0.7,-0.195,0.9906527754838708,4.0,0.1935483870967742,0.6129032258064516,0.0
2022,8,WB-KOL,22.5726,88.3639,1,0,-0.78,-0.246,0.962351660967742,2.0,0.45161290322580644,0.3548387096774194,0.0
2022,9,WB-KOL,22.5726,88.3639,1,0,-0.87,-0.322,0.45954351401,4.0,0.8,0.03333333333333333,0.0
2023,6,WB-KOL,22.5726,88.3639,1,0,0.73,0.665,1.1452140906,2.0,0.4,0.5333333333333333,0.0
2023,7,WB-KOL,22.5726,88.3639,1,0,1.0,0.498,0.7976125261290323,6.0,0.7096774193548387,0.0,0.0
2023,8,WB-KOL,22.5726,88.3639,1,0,1.25,0.826,0.9138732870967742,8.0,0.7096774193548387,0.0,0.0
2023,9,WB-KOL,22.5726,88.3639,1,0,1.5,0.946,0.8482362092433333,4.0,0.7,0.23333333333333334,0.03333333333333333
1990,6,WB-HOO,22.9012,88.3967,1,0,0.25,-0.568,0.7040596286666666,6.0,0.6333333333333333,0.1,0.0
1990,7,WB-HOO,22.9012,88.3967,1,0,0.26,-0.246,0.7642434731967742,1.0,1.0,0.0,0.0
1990,8,WB-HOO,22.9012,88.3967,1,0,0.32,-0.391,0.8801470647322581,6.0,0.5161290322580645,0.0,0.0
1990,9,WB-HOO,22.9012,88.3967,1,0,0.31,-0.183,0.775732242,3.0,0.5,0.0,0.0
1991,6,WB-HOO,22.9012,88.3967,1,0,0.63,0.263,1.4334286633333333,5.0,0.6333333333333333,0.2,0.0
1991,7,WB-HOO,22.9012,88.3967,1,0,0.77,0.269,0.6487244419290323,6.0,0.6451612903225806,0.1935483870967742,0.0
1991,8,WB-HOO,22.9012,88.3967,1,0,0.67,0.058,1.2953001661290322,5.0,0.45161290322580644,0.06451612903225806,0.0
1991,9,WB-HOO,22.9012,88.3967,1,0,0.72,0.099,1.3728957676666669,8.0,0.3333333333333333,0.26666666666666666,0.0
1992,6,WB-HOO,22.9012,88.3967,1,0,0.72,-0.861,1.0309609286666666,3.0,0.5333333333333333,0.3333333333333333,0.0
1992,7,WB-HOO,22.9012,88.3967,1,0,0.35,-0.479,1.032042581935484,3.0,0.7741935483870968,0.0,0.0
1992,8,WB-HOO,22.9012,88.3967,1,0,0.08,-0.768,0.7930089680645162,5.0,0.3870967741935484,0.06451612903225806,0.0
1992,9,WB-HOO,22.9012,88.3967,1,0,-0.15,-0.833,1.1277177353333334,2.0,0.36666666666666664,0.3333333333333333,0.0
1993,6,WB-HOO,22.9012,88.3967,1,0,0.56,-0.108,1.5129156700000002,8.0,0.6333333333333333,0.06666666666666667,0.03333333333333333
1993,7,WB-HOO,22.9012,88.3967,1,0,0.28,-0.152,0.8503892948387097,5.0,0.9032258064516129,0.03225806451612903,0.0
1993,8,WB-HOO,22.9012,88.3967,1,0,0.22,-0.306,0.9336245306,1.0,0.6451612903225806,0.0967741935483871,0.0
1993,9,WB-HOO,22.9012,88.3967,1,0,0.2,-0.17,0.4647173026666666,2.0,0.8,0.0,0.0
1995,6,WB-HOO,22.9012,88.3967,1,0,-0.11,-0.078,0.8386585686666667,2.0,0.6,0.26666666666666666,0.0
1995,7,WB-HOO,22.9012,88.3967,1,0,-0.3,-0.169,1.3968855583870967,2.0,0.8064516129032258,0.03225806451612903,0.03225806451612903
1995,8,WB-HOO,22.9012,88.3967,1,0,-0.55,-0.144,1.3320209096774194,2.0,0.6774193548387096,0.0967741935483871,0.03225806451612903
1995,9,WB-HOO,22.9012,88.3967,1,0,-0.81,-0.18,1.0134717556666666,5.0,0.8333333333333334,0.0,0.06666666666666667
1996,6,WB-HOO,22.9012,88.3967,1,0,-0.24,-0.395,1.5769545686666668,3.0,0.6333333333333333,0.06666666666666667,0.03333333333333333
1996,7,WB-HOO,22.9012,88.3967,1,0,-0.22,-0.644,1.590457191935484,6.0,0.8064516129032258,0.0,0.0
1996,8,WB-HOO,22.9012,88.3967,1,0,-0.27,-0.681,1.0089208741935485,3.0,1.0,0.0,0.03225806451612903
1996,9,WB-HOO,22.9012,88.3967,1,0,-0.3,-0.712,1.0609203293333334,5.0,0.5,0.16666666666666666,0.03333333333333333
1998,6,WB-HOO,22.9012,88.3967,1,0,-0.08,0.147,0.921335034,3.0,0.43333333333333335,0.3333333333333333,0.0
1998,7,WB-HOO,22.9012,88.3967,1,0,-0.63,-0.385,0.75393639,2.0,0.8064516129032258,0.0,0.0
1998,8,WB-HOO,22.9012,88.3967,1,0,-0.83,-0.58,1.00514719,2.0,0.6451612903225806,0.12903225806451613,0.0
1998,9,WB-HOO,22.9012,88.3967,1,0,-1.02,-0.496,1.4218518516666667,8.0,0.6666666666666666,0.13333333333333333,0.0
2002,6,WB-HOO,22.9012,88.3967,1,0,0.45,-0.189,1.8803833166666664,2.0,0.8,0.1,0.03333333333333333
2002,7,WB-HOO,22.9012,88.3967,1,0,0.57,-0.261,1.7221574980645162,8.0,0.7096774193548387,0.16129032258064516,0.03225806451612903
2002,8,WB-HOO,22.9012,88.3967,1,0,0.63,-0.208,1.420236031935484,8.0,0.9032258064516129,0.0,0.0
2002,9,WB-HOO,22.9012,88.3967,1,0,0.78,0.286,0.7018471730000001,2.0,0.6666666666666666,0.1,0.0
2003,6,WB-HOO,22.9012,88.3967,1,0,-0.13,0.139,1.65106069,1.0,0.4,0.36666666666666664,0.03333333333333333
2003,7,WB-HOO,22.9012,88.3967,1,0,0.09,0.131,0.992855799032258,2.0,0.8387096774193549,0.0,0.0
2003,8,WB-HOO,22.9012,88.3967,1,0,0.14,0.108,0.6039936987096773,6.0,0.6129032258064516,0.1935483870967742,0.0
2003,9,WB-HOO,22.9012,88.3967,1,0,0.23,-0.06,0.7902776976666667,4.0,0.23333333333333334,0.16666666666666666,0.0
2004,6,WB-HOO,22.9012,88.3967,1,0,0.22,-0.384,1.0188708323333333,7.0,0.7666666666666667,0.06666666666666667,0.0
2004,7,WB-HOO,22.9012,88.3967,1,0,0.39,-0.301,1.611224959354839,1.0,0.3548387096774194,0.16129032258064516,0.0
2004,8,WB-HOO,22.9012,88.3967,1,0,0.54,-0.133,1.2484562670967745,6.0,0.6774193548387096,0.0,0.0
2004,9,WB-HOO,22.9012,88.3967,1,0,0.58,-0.106,1.438454236,2.0,0.5666666666666667,0.3,0.06666666666666667
2005,6,WB-HOO,22.9012,88.3967,1,0,0.09,-0.176,0.7345759723333334,2.0,0.16666666666666666,0.4,0.0
2005,7,WB-HOO,22.9012,88.3967,1,0,-0.04,-0.384,1.029081502903226,2.0,0.6774193548387096,0.03225806451612903,0.03225806451612903
2005,8,WB-HOO,22.9012,88.3967,1,0,-0.14,-0.345,0.939736100967742,1.0,0.22580645161290322,0.3225806451612903,0.0
2005,9,WB-HOO,22.9012,88.3967,1,0,-0.11,-0.534,1.522602815,8.0,0.1,0.7666666666666667,0.0
2007,6,WB-HOO,22.9012,88.3967,1,0,-0.41,0.031,1.3529915246666666,2.0,0.3,0.16666666666666666,0.0
2007,7,WB-HOO,22.9012,88.3967,1,0,-0.49,0.045,1.3795319935483872,1.0,0.7096774193548387,0.0967741935483871,0.06451612903225806
2007,8,WB-HOO,22.9012,88.3967,1,0,-0.77,0.237,0.8762567774193548,2.0,0.3225806451612903,0.45161290322580644,0.03225806451612903
2007,9,WB-HOO,22.9012,88.3967,1,0,-1.05,0.235,1.1761283893333332,5.0,0.6666666666666666,0.16666666666666666,0.1
2008,6,WB-HOO,22.9012,88.3967,1,0,-0.56,0.215,0.953116955,3.0,0.8,0.06666666666666667,0.06666666666666667
2008,7,WB-HOO,22.9012,88.3967,1,0,-0.33,0.246,1.2312710548387096,1.0,0.6774193548387096,0.1935483870967742,0.0
2008,8,WB-HOO,22.9012,88.3967,1,0,-0.2,0.124,1.211697393548387,2.0,0.9032258064516129,0.0967741935483871,0.0
2008,9,WB-HOO,22.9012,88.3967,1,0,-0.25,0.086,1.446583400333333,5.0,0.5333333333333333,0.3333333333333333,0.03333333333333333
2009,6,WB-HOO,22.9012,88.3967,1,0,0.34,0.1,1.4584701413333332,8.0,0.03333333333333333,0.6333333333333333,0.0
2009,7,WB-HOO,22.9012,88.3967,1,0,0.5,-0.192,0.6150665787096774,5.0,0.3225806451612903,0.45161290322580644,0.0
2009,8,WB-HOO,22.9012,88.3967,1,0,0.56,-0.104,1.12875141,1.0,0.25806451612903225,0.3548387096774194,0.0
2009,9,WB-HOO,22.9012,88.3967,1,0,0.66,-0.103,1.6812911126666668,4.0,0.3333333333333333,0.26666666666666666,0.03333333333333333
2010,6,WB-HOO,22.9012,88.3967,1,0,-0.66,-0.14,1.285590429,2.0,0.2,0.5333333333333333,0.0
2010,7,WB-HOO,22.9012,88.3967,1,0,-0.98,-0.001,1.663601914516129,1.0,0.41935483870967744,0.41935483870967744,0.0
2010,8,WB-HOO,22.9012,88.3967,1,0,-1.24,-0.061,0.747917844516129,1.0,0.16129032258064516,0.45161290322580644,0.0
2010,9,WB-HOO,22.9012,88.3967,1,0,-1.43,-0.267,0.8091414173333332,1.0,0.7,0.26666666666666666,0.0
2011,6,WB-HOO,22.9012,88.3967,1,0,-0.34,0.055,0.6791252076666666,2.0,0.7666666666666667,0.13333333333333333,0.0
2011,7,WB-HOO,22.9012,88.3967,1,0,-0.37,0.223,1.0109919648387098,1.0,0.6451612903225806,0.12903225806451613,0.0
2011,8,WB-HOO,22.9012,88.3967,1,0,-0.5,0.344,1.011544473516129,2.0,0.5806451612903226,0.0967741935483871,0.0
2011,9,WB-HOO,22.9012,88.3967,1,0,-0.76,0.202,0.9066917783333334,3.0,0.26666666666666666,0.06666666666666667,0.0
2014,6,WB-HOO,22.9012,88.3967,1,0,0.22,-0.028,1.108679051,4.0,0.4,0.4,0.03333333333333333
2014,7,WB-HOO,22.9012,88.3967,1,0,0.07,-0.363,1.1528067432258065,6.0,0.7741935483870968,0.0,0.0
2014,8,WB-HOO,22.9012,88.3967,1,0,0.07,-0.372,1.2150309538709676,2.0,0.8709677419354839,0.0,0.0
2014,9,WB-HOO,22.9012,88.3967,1,0,0.24,-0.145,0.649377995,4.0,0.43333333333333335,0.3,0.03333333333333333
2015,6,WB-HOO,22.9012,88.3967,1,0,1.19,0.296,1.992920383333333,4.0,0.5,0.43333333333333335,0.0
2015,7,WB-HOO,22.9012,88.3967,1,0,1.44,0.225,1.837990334516129,7.0,0.9354838709677419,0.0,0.06451612903225806
2015,8,WB-HOO,22.9012,88.3967,1,0,1.73,0.568,0.8428048241935484,8.0,0.4838709677419355,0.1935483870967742,0.03225806451612903
2015,9,WB-HOO,22.9012,88.3967,1,0,2.02,0.294,0.62977513528,1.0,0.5333333333333333,0.36666666666666664,0.0
2016,6,WB-HOO,22.9012,88.3967,1,0,0.09,-0.443,1.5598082686666668,4.0,0.6333333333333333,0.13333333333333333,0.0
2016,7,WB-HOO,22.9012,88.3967,1,0,-0.19,-0.757,1.0086871877419354,2.0,0.9032258064516129,0.06451612903225806,0.03225806451612903
2016,8,WB-HOO,22.9012,88.3967,1,0,-0.34,-0.443,1.3634238690322582,6.0,0.8064516129032258,0.0967741935483871,0.06451612903225806
2016,9,WB-HOO,22.9012,88.3967,1,0,-0.42,-0.437,0.9987363606666668,5.0,0.23333333333333334,0.36666666666666664,0.0
2017,6,WB-HOO,22.9012,88.3967,1,0,0.32,0.424,1.010765505,1.0,0.6333333333333333,0.0,0.03333333333333333
2017,7,WB-HOO,22.9012,88.3967,1,0,0.14,0.52,1.0194311058064516,3.0,0.8709677419354839,0.03225806451612903,0.06451612903225806
2017,8,WB-HOO,22.9012,88.3967,1,0,-0.07,0.349,0.560064344016129,2.0,0.3225806451612903,0.0967741935483871,0.0
2017,9,WB-HOO,22.9012,88.3967,1,0,-0.23,0.035,0.5864452456666667,4.0,0.4666666666666667,0.16666666666666666,0.03333333333333333
2018,6,WB-HOO,22.9012,88.3967,1,0,0.13,0.155,1.099695321,1.0,0.4,0.3,0.03333333333333333
2018,7,WB-HOO,22.9012,88.3967,1,0,0.2,0.053,1.4670566325806451,6.0,0.7096774193548387,0.06451612903225806,0.03225806451612903
2018,8,WB-HOO,22.9012,88.3967,1,0,0.3,0.121,1.1604823280645162,6.0,0.3225806451612903,0.0,0.03225806451612903
2018,9,WB-HOO,22.9012,88.3967,1,0,0.52,0.604,1.0746740603333331,8.0,0.4666666666666667,0.36666666666666664,0.0
2020,6,WB-HOO,22.9012,88.3967,1,0,-0.18,0.455,1.3547168013333333,1.0,0.8333333333333334,0.0,0.0
2020,7,WB-HOO,22.9012,88.3967,1,0,-0.29,0.319,1.5012130690322585,2.0,0.9354838709677419,0.0,0.03225806451612903
2020,8,WB-HOO,22.9012,88.3967,1,0,-0.43,-0.183,1.5708076487096774,8.0,0.9032258064516129,0.0,0.0
2020,9,WB-HOO,22.9012,88.3967,1,0,-0.77,-0.189,1.1078213236666663,4.0,0.36666666666666664,0.3,0.0
2021,6,WB-HOO,22.9012,88.3967,1,0,-0.31,-0.002,1.2543668813333333,1.0,0.8,0.1,0.0
2021,7,WB-HOO,22.9012,88.3967,1,0,-0.35,-0.229,1.2697446645161292,2.0,0.8387096774193549,0.0,0.03225806451612903
2021,8,WB-HOO,22.9012,88.3967,1,0,-0.46,-0.099,1.3328496390322582,2.0,0.967741935483871,0.0,0.03225806451612903
2021,9,WB-HOO,22.9012,88.3967,1,0,-0.64,-0.058,1.16716908,3.0,0.9666666666666667,0.0,0.03333333333333333
2022,6,WB-HOO,22.9012,88.3967,1,0,-0.73,-0.335,1.7460144566666669,1.0,0.3333333333333333,0.3,0.0
2022,7,WB-HOO,22.9012,88.3967,1,0,-0.7,-0.195,0.9906527754838708,4.0,0.41935483870967744,0.06451612903225806,0.0
2022,8,WB-HOO,22.9012,88.3967,1,0,-0.78,-0.246,0.962351660967742,2.0,0.8064516129032258,0.0,0.0
2022,9,WB-HOO,22.9012,88.3967,1,0,-0.87,-0.322,0.45954351401,4.0,0.5333333333333333,0.26666666666666666,0.0
2023,6,WB-HOO,22.9012,88.3967,1,0,0.73,0.665,1.1452140906,2.0,0.26666666666666666,0.3333333333333333,0.0
2023,7,WB-HOO,22.9012,88.3967,1,0,1.0,0.498,0.7976125261290323,6.0,0.5161290322580645,0.0967741935483871,0.0
2023,8,WB-HOO,22.9012,88.3967,1,0,1.25,0.826,0.9138732870967742,8.0,0.5806451612903226,0.0,0.0
2023,9,WB-HOO,22.9012,88.3967,1,0,1.5,0.946,0.8482362092433333,4.0,0.6,0.06666666666666667,0.0
1990,6,WB-BAR,23.2324,87.8615,1,0,0.25,-0.568,0.7040596286666666,6.0,0.6666666666666666,0.03333333333333333,0.0
1990,7,WB-BAR,23.2324,87.8615,1,0,0.26,-0.246,0.7642434731967742,1.0,0.967741935483871,0.0,0.0
1990,8,WB-BAR,23.2324,87.8615,1,0,0.32,-0.391,0.8801470647322581,6.0,0.6129032258064516,0.12903225806451613,0.0
1990,9,WB-BAR,23.2324,87.8615,1,0,0.31,-0.183,0.775732242,3.0,0.6,0.0,0.0
1991,6,WB-BAR,23.2324,87.8615,1,0,0.63,0.263,1.4334286633333333,5.0,0.5,0.3,0.0
1991,7,WB-BAR,23.2324,87.8615,1,0,0.77,0.269,0.6487244419290323,6.0,0.5806451612903226,0.06451612903225806,0.03225806451612903
1991,8,WB-BAR,23.2324,87.8615,1,0,0.67,0.058,1.2953001661290322,5.0,0.6774193548387096,0.0,0.0
1991,9,WB-BAR,23.2324,87.8615,1,0,0.72,0.099,1.3728957676666669,8.0,0.8,0.0,0.0
1992,6,WB-BAR,23.2324,87.8615,1,0,0.72,-0.861,1.0309609286666666,3.0,0.4,0.4,0.0
1992,7,WB-BAR,23.2324,87.8615,1,0,0.35,-0.479,1.032042581935484,3.0,0.8709677419354839,0.0,0.0
1992,8,WB-BAR,23.2324,87.8615,1,0,0.08,-0.768,0.7930089680645162,5.0,0.45161290322580644,0.06451612903225806,0.0
1992,9,WB-BAR,23.2324,87.8615,1,0,-0.15,-0.833,1.1277177353333334,2.0,0.4,0.26666666666666666,0.0
1993,6,WB-BAR,23.2324,87.8615,1,0,0.56,-0.108,1.5129156700000002,8.0,0.5666666666666667,0.0,0.03333333333333333
1993,7,WB-BAR,23.2324,87.8615,1,0,0.28,-0.152,0.8503892948387097,5.0,0.7741935483870968,0.0,0.0
1993,8,WB-BAR,23.2324,87.8615,1,0,0.22,-0.306,0.9336245306,1.0,0.6451612903225806,0.25806451612903225,0.06451612903225806
1993,9,WB-BAR,23.2324,87.8615,1,0,0.2,-0.17,0.4647173026666666,2.0,0.9333333333333333,0.0,0.03333333333333333
1995,6,WB-BAR,23.2324,87.8615,1,0,-0.11,-0.078,0.8386585686666667,2.0,0.36666666666666664,0.5666666666666667,0.03333333333333333
1995,7,WB-BAR,23.2324,87.8615,1,0,-0.3,-0.169,1.3968855583870967,2.0,0.967741935483871,0.0,0.06451612903225806
1995,8,WB-BAR,23.2324,87.8615,1,0,-0.55,-0.144,1.3320209096774194,2.0,0.7096774193548387,0.0967741935483871,0.0
1995,9,WB-BAR,23.2324,87.8615,1,0,-0.81,-0.18,1.0134717556666666,5.0,0.6666666666666666,0.2,0.03333333333333333
1996,6,WB-BAR,23.2324,87.8615,1,0,-0.24,-0.395,1.5769545686666668,3.0,0.7,0.13333333333333333,0.03333333333333333
1996,7,WB-BAR,23.2324,87.8615,1,0,-0.22,-0.644,1.590457191935484,6.0,0.8709677419354839,0.0,0.0
1996,8,WB-BAR,23.2324,87.8615,1,0,-0.27,-0.681,1.0089208741935485,3.0,0.8709677419354839,0.0,0.0
1996,9,WB-BAR,23.2324,87.8615,1,0,-0.3,-0.712,1.0609203293333334,5.0,0.3,0.26666666666666666,0.0
1998,6,WB-BAR,23.2324,87.8615,1,0,-0.08,0.147,0.921335034,3.0,0.3,0.4,0.0
1998,7,WB-BAR,23.2324,87.8615,1,0,-0.63,-0.385,0.75393639,2.0,0.9032258064516129,0.0,0.0
1998,8,WB-BAR,23.2324,87.8615,1,0,-0.83,-0.58,1.00514719,2.0,0.5806451612903226,0.22580645161290322,0.0
1998,9,WB-BAR,23.2324,87.8615,1,0,-1.02,-0.496,1.4218518516666667,8.0,0.5333333333333333,0.13333333333333333,0.03333333333333333
2002,6,WB-BAR,23.2324,87.8615,1,0,0.45,-0.189,1.8803833166666664,2.0,0.8,0.03333333333333333,0.03333333333333333
2002,7,WB-BAR,23.2324,87.8615,1,0,0.57,-0.261,1.7221574980645162,8.0,0.6774193548387096,0.16129032258064516,0.0
2002,8,WB-BAR,23.2324,87.8615,1,0,0.63,-0.208,1.420236031935484,8.0,0.7419354838709677,0.03225806451612903,0.0
2002,9,WB-BAR,23.2324,87.8615,1,0,0.78,0.286,0.7018471730000001,2.0,0.6,0.13333333333333333,0.0
2003,6,WB-BAR,23.2324,87.8615,1,0,-0.13,0.139,1.65106069,1.0,0.4,0.43333333333333335,0.0
2003,7,WB-BAR,23.2324,87.8615,1,0,0.09,0.131,0.992855799032258,2.0,0.7096774193548387,0.03225806451612903,0.0
2003,8,WB-BAR,23.2324,87.8615,1,0,0.14,0.108,0.6039936987096773,6.0,0.25806451612903225,0.1935483870967742,0.0
2003,9,WB-BAR,23.2324,87.8615,1,0,0.23,-0.06,0.7902776976666667,4.0,0.16666666666666666,0.13333333333333333,0.0
2004,6,WB-BAR,23.2324,87.8615,1,0,0.22,-0.384,1.0188708323333333,7.0,0.7666666666666667,0.06666666666666667,0.0
2004,7,WB-BAR,23.2324,87.8615,1,0,0.39,-0.301,1.611224959354839,1.0,0.25806451612903225,0.0967741935483871,0.0
2004,8,WB-BAR,23.2324,87.8615,1,0,0.54,-0.133,1.2484562670967745,6.0,0.7096774193548387,0.0,0.0
2004,9,WB-BAR,23.2324,87.8615,1,0,0.58,-0.106,1.438454236,2.0,0.6666666666666666,0.13333333333333333,0.06666666666666667
2005,6,WB-BAR,23.2324,87.8615,1,0,0.09,-0.176,0.7345759723333334,2.0,0.26666666666666666,0.36666666666666664,0.0
2005,7,WB-BAR,23.2324,87.8615,1,0,-0.04,-0.384,1.029081502903226,2.0,0.8709677419354839,0.0,0.0
2005,8,WB-BAR,23.2324,87.8615,1,0,-0.14,-0.345,0.939736100967742,1.0,0.7419354838709677,0.0,0.0
2005,9,WB-BAR,23.2324,87.8615,1,0,-0.11,-0.534,1.522602815,8.0,0.3333333333333333,0.23333333333333334,0.0
2007,6,WB-BAR,23.2324,87.8615,1,0,-0.41,0.031,1.3529915246666666,2.0,0.43333333333333335,0.2,0.0
2007,7,WB-BAR,23.2324,87.8615,1,0,-0.49,0.045,1.3795319935483872,1.0,0.8387096774193549,0.0,0.03225806451612903
2007,8,WB-BAR,23.2324,87.8615,1,0,-0.77,0.237,0.8762567774193548,2.0,0.5806451612903226,0.3225806451612903,0.0
2007,9,WB-BAR,23.2324,87.8615,1,0,-1.05,0.235,1.1761283893333332,5.0,0.7333333333333333,0.16666666666666666,0.1
2008,6,WB-BAR,23.2324,87.8615,1,0,-0.56,0.215,0.953116955,3.0,0.8,0.03333333333333333,0.03333333333333333
2008,7,WB-BAR,23.2324,87.8615,1,0,-0.33,0.246,1.2312710548387096,1.0,0.7741935483870968,0.0,0.0
2008,8,WB-BAR,23.2324,87.8615,1,0,-0.2,0.124,1.211697393548387,2.0,0.9032258064516129,0.0967741935483871,0.0
2008,9,WB-BAR,23.2324,87.8615,1,0,-0.25,0.086,1.446583400333333,5.0,0.6,0.26666666666666666,0.0
2009,6,WB-BAR,23.2324,87.8615,1,0,0.34,0.1,1.4584701413333332,8.0,0.03333333333333333,0.6666666666666666,0.0
2009,7,WB-BAR,23.2324,87.8615,1,0,0.5,-0.192,0.6150665787096774,5.0,0.45161290322580644,0.0967741935483871,0.0
2009,8,WB-BAR,23.2324,87.8615,1,0,0.56,-0.104,1.12875141,1.0,0.5483870967741935,0.0967741935483871,0.0
2009,9,WB-BAR,23.2324,87.8615,1,0,0.66,-0.103,1.6812911126666668,4.0,0.4666666666666667,0.1,0.03333333333333333
2010,6,WB-BAR,23.2324,87.8615,1,0,-0.66,-0.14,1.285590429,2.0,0.7,0.13333333333333333,0.0
2010,7,WB-BAR,23.2324,87.8615,1,0,-0.98,-0.001,1.663601914516129,1.0,0.5806451612903226,0.25806451612903225,0.0
2010,8,WB-BAR,23.2324,87.8615,1,0,-1.24,-0.061,0.747917844516129,1.0,0.22580645161290322,0.5806451612903226,0.0
2010,9,WB-BAR,23.2324,87.8615,1,0,-1.43,-0.267,0.8091414173333332,1.0,0.6333333333333333,0.0,0.0
2011,6,WB-BAR,23.2324,87.8615,1,0,-0.34,0.055,0.6791252076666666,2.0,0.8333333333333334,0.0,0.0
2011,7,WB-BAR,23.2324,87.8615,1,0,-0.37,0.223,1.0109919648387098,1.0,0.5483870967741935,0.0967741935483871,0.0
2011,8,WB-BAR,23.2324,87.8615,1,0,-0.5,0.344,1.011544473516129,2.0,0.5161290322580645,0.06451612903225806,0.0
2011,9,WB-BAR,23.2324,87.8615,1,0,-0.76,0.202,0.9066917783333334,3.0,0.23333333333333334,0.2,0.0
2014,6,WB-BAR,23.2324,87.8615,1,0,0.22,-0.028,1.108679051,4.0,0.5,0.36666666666666664,0.0
2014,7,WB-BAR,23.2324,87.8615,1,0,0.07,-0.363,1.1528067432258065,6.0,0.7419354838709677,0.06451612903225806,0.0
2014,8,WB-BAR,23.2324,87.8615,1,0,0.07,-0.372,1.2150309538709676,2.0,0.7741935483870968,0.03225806451612903,0.0
2014,9,WB-BAR,23.2324,87.8615,1,0,0.24,-0.145,0.649377995,4.0,0.3333333333333333,0.3,0.0
2015,6,WB-BAR,23.2324,87.8615,1,0,1.19,0.296,1.992920383333333,4.0,0.6333333333333333,0.36666666666666664,0.03333333333333333
2015,7,WB-BAR,23.2324,87.8615,1,0,1.44,0.225,1.837990334516129,7.0,0.8709677419354839,0.0,0.0967741935483871
2015,8,WB-BAR,23.2324,87.8615,1,0,1.73,0.568,0.8428048241935484,8.0,0.5483870967741935,0.0967741935483871,0.06451612903225806
2015,9,WB-BAR,23.2324,87.8615,1,0,2.02,0.294,0.62977513528,1.0,0.5333333333333333,0.3,0.0
2016,6,WB-BAR,23.2324,87.8615,1,0,0.09,-0.443,1.5598082686666668,4.0,0.4666666666666667,0.3,0.0
2016,7,WB-BAR,23.2324,87.8615,1,0,-0.19,-0.757,1.0086871877419354,2.0,0.6129032258064516,0.12903225806451613,0.0
2016,8,WB-BAR,23.2324,87.8615,1,0,-0.34,-0.443,1.3634238690322582,6.0,0.6451612903225806,0.12903225806451613,0.06451612903225806
2016,9,WB-BAR,23.2324,87.8615,1,0,-0.42,-0.437,0.9987363606666668,5.0,0.4666666666666667,0.26666666666666666,0.03333333333333333
2017,6,WB-BAR,23.2324,87.8615,1,0,0.32,0.424,1.010765505,1.0,0.5666666666666667,0.0,0.0
2017,7,WB-BAR,23.2324,87.8615,1,0,0.14,0.52,1.0194311058064516,3.0,0.7741935483870968,0.0,0.03225806451612903
2017,8,WB-BAR,23.2324,87.8615,1,0,-0.07,0.349,0.560064344016129,2.0,0.6451612903225806,0.06451612903225806,0.0
2017,9,WB-BAR,23.2324,87.8615,1,0,-0.23,0.035,0.5864452456666667,4.0,0.36666666666666664,0.3,0.0
2018,6,WB-BAR,23.2324,87.8615,1,0,0.13,0.155,1.099695321,1.0,0.23333333333333334,0.4666666666666667,0.0
2018,7,WB-BAR,23.2324,87.8615,1,0,0.2,0.053,1.4670566325806451,6.0,0.6451612903225806,0.03225806451612903,0.0
2018,8,WB-BAR,23.2324,87.8615,1,0,0.3,0.121,1.1604823280645162,6.0,0.22580645161290322,0.1935483870967742,0.0
2018,9,WB-BAR,23.2324,87.8615,1,0,0.52,0.604,1.0746740603333331,8.0,0.0,0.26666666666666666,0.0
2020,6,WB-BAR,23.2324,87.8615,1,0,-0.18,0.455,1.3547168013333333,1.0,0.9333333333333333,0.0,0.03333333333333333
2020,7,WB-BAR,23.2324,87.8615,1,0,-0.29,0.319,1.5012130690322585,2.0,0.8387096774193549,0.03225806451612903,0.0
2020,8,WB-BAR,23.2324,87.8615,1,0,-0.43,-0.183,1.5708076487096774,8.0,0.6451612903225806,0.06451612903225806,0.0
2020,9,WB-BAR,23.2324,87.8615,1,0,-0.77,-0.189,1.1078213236666663,4.0,0.1,0.7,0.0
2021,6,WB-BAR,23.2324,87.8615,1,0,-0.31,-0.002,1.2543668813333333,1.0,0.6,0.0,0.03333333333333333
2021,7,WB-BAR,23.2324,87.8615,1,0,-0.35,-0.229,1.2697446645161292,2.0,0.5806451612903226,0.03225806451612903,0.06451612903225806
2021,8,WB-BAR,23.2324,87.8615,1,0,-0.46,-0.099,1.3328496390322582,2.0,0.6774193548387096,0.03225806451612903,0.03225806451612903
2021,9,WB-BAR,23.2324,87.8615,1,0,-0.64,-0.058,1.16716908,3.0,0.6666666666666666,0.16666666666666666,0.03333333333333333
2022,6,WB-BAR,23.2324,87.8615,1,0,-0.73,-0.335,1.7460144566666669,1.0,0.23333333333333334,0.2,0.0
2022,7,WB-BAR,23.2324,87.8615,1,0,-0.7,-0.195,0.9906527754838708,4.0,0.0967741935483871,0.1935483870967742,0.0
2022,8,WB-BAR,23.2324,87.8615,1,0,-0.78,-0.246,0.962351660967742,2.0,0.7419354838709677,0.03225806451612903,0.0
2022,9,WB-BAR,23.2324,87.8615,1,0,-0.87,-0.322,0.45954351401,4.0,0.6666666666666666,0.1,0.0
2023,6,WB-BAR,23.2324,87.8615,1,0,0.73,0.665,1.1452140906,2.0,0.5,0.23333333333333334,0.0
2023,7,WB-BAR,23.2324,87.8615,1,0,1.0,0.498,0.7976125261290323,6.0,0.6774193548387096,0.03225806451612903,0.0
2023,8,WB-BAR,23.2324,87.8615,1,0,1.25,0.826,0.9138732870967742,8.0,0.8064516129032258,0.0,0.0
2023,9,WB-BAR,23.2324,87.8615,1,0,1.5,0.946,0.8482362092433333,4.0,0.43333333333333335,0.1,0.0
1990,6,WB-MAL,25.0108,88.1411,1,0,0.25,-0.568,0.7040596286666666,6.0,0.6333333333333333,0.1,0.0
1990,7,WB-MAL,25.0108,88.1411,1,0,0.26,-0.246,0.7642434731967742,1.0,1.0,0.0,0.0
1990,8,WB-MAL,25.0108,88.1411,1,0,0.32,-0.391,0.8801470647322581,6.0,0.4838709677419355,0.1935483870967742,0.0
1990,9,WB-MAL,25.0108,88.1411,1,0,0.31,-0.183,0.775732242,3.0,0.43333333333333335,0.3,0.03333333333333333
1991,6,WB-MAL,25.0108,88.1411,1,0,0.63,0.263,1.4334286633333333,5.0,0.8,0.0,0.03333333333333333
1991,7,WB-MAL,25.0108,88.1411,1,0,0.77,0.269,0.6487244419290323,6.0,0.8709677419354839,0.0,0.03225806451612903
1991,8,WB-MAL,25.0108,88.1411,1,0,0.67,0.058,1.2953001661290322,5.0,0.6774193548387096,0.0,0.0
1991,9,WB-MAL,25.0108,88.1411,1,0,0.72,0.099,1.3728957676666669,8.0,0.8333333333333334,0.0,0.03333333333333333
1992,6,WB-MAL,25.0108,88.1411,1,0,0.72,-0.861,1.0309609286666666,3.0,0.3,0.36666666666666664,0.0
1992,7,WB-MAL,25.0108,88.1411,1,0,0.35,-0.479,1.032042581935484,3.0,0.7419354838709677,0.0967741935483871,0.03225806451612903
1992,8,WB-MAL,25.0108,88.1411,1,0,0.08,-0.768,0.7930089680645162,5.0,0.5483870967741935,0.22580645161290322,0.03225806451612903
1992,9,WB-MAL,25.0108,88.1411,1,0,-0.15,-0.833,1.1277177353333334,2.0,0.4666666666666667,0.43333333333333335,0.03333333333333333
1993,6,WB-MAL,25.0108,88.1411,1,0,0.56,-0.108,1.5129156700000002,8.0,0.8333333333333334,0.0,0.0
1993,7,WB-MAL,25.0108,88.1411,1,0,0.28,-0.152,0.8503892948387097,5.0,0.6451612903225806,0.16129032258064516,0.03225806451612903
1993,8,WB-MAL,25.0108,88.1411,1,0,0.22,-0.306,0.9336245306,1.0,0.7419354838709677,0.1935483870967742,0.03225806451612903
1993,9,WB-MAL,25.0108,88.1411,1,0,0.2,-0.17,0.4647173026666666,2.0,0.8,0.0,0.03333333333333333
1995,6,WB-MAL,25.0108,88.1411,1,0,-0.11,-0.078,0.8386585686666667,2.0,0.8333333333333334,0.06666666666666667,0.0
1995,7,WB-MAL,25.0108,88.1411,1,0,-0.3,-0.169,1.3968855583870967,2.0,0.7741935483870968,0.03225806451612903,0.0
1995,8,WB-MAL,25.0108,88.1411,1,0,-0.55,-0.144,1.3320209096774194,2.0,0.6774193548387096,0.16129032258064516,0.03225806451612903
1995,9,WB-MAL,25.0108,88.1411,1,0,-0.81,-0.18,1.0134717556666666,5.0,0.7666666666666667,0.13333333333333333,0.1
1996,6,WB-MAL,25.0108,88.1411,1,0,-0.24,-0.395,1.5769545686666668,3.0,0.6666666666666666,0.23333333333333334,0.0
1996,7,WB-MAL,25.0108,88.1411,1,0,-0.22,-0.644,1.590457191935484,6.0,0.7419354838709677,0.06451612903225806,0.03225806451612903
1996,8,WB-MAL,25.0108,88.1411,1,0,-0.27,-0.681,1.0089208741935485,3.0,0.967741935483871,0.0,0.06451612903225806
1996,9,WB-MAL,25.0108,88.1411,1,0,-0.3,-0.712,1.0609203293333334,5.0,0.5666666666666667,0.23333333333333334,0.06666666666666667
1998,6,WB-MAL,25.0108,88.1411,1,0,-0.08,0.147,0.921335034,3.0,0.4666666666666667,0.3,0.0
1998,7,WB-MAL,25.0108,88.1411,1,0,-0.63,-0.385,0.75393639,2.0,1.0,0.0,0.16129032258064516
1998,8,WB-MAL,25.0108,88.1411,1,0,-0.83,-0.58,1.00514719,2.0,0.967741935483871,0.0,0.03225806451612903
1998,9,WB-MAL,25.0108,88.1411,1,0,-1.02,-0.496,1.4218518516666667,8.0,0.6333333333333333,0.13333333333333333,0.03333333333333333
2002,6,WB-MAL,25.0108,88.1411,1,0,0.45,-0.189,1.8803833166666664,2.0,0.3333333333333333,0.13333333333333333,0.0
2002,7,WB-MAL,25.0108,88.1411,1,0,0.57,-0.261,1.7221574980645162,8.0,0.6129032258064516,0.0,0.03225806451612903
2002,8,WB-MAL,25.0108,88.1411,1,0,0.63,-0.208,1.420236031935484,8.0,0.7096774193548387,0.0967741935483871,0.03225806451612903
2002,9,WB-MAL,25.0108,88.1411,1,0,0.78,0.286,0.7018471730000001,2.0,0.7666666666666667,0.1,0.03333333333333333
2003,6,WB-MAL,25.0108,88.1411,1,0,-0.13,0.139,1.65106069,1.0,0.3,0.36666666666666664,0.03333333333333333
2003,7,WB-MAL,25.0108,88.1411,1,0,0.09,0.131,0.992855799032258,2.0,0.5483870967741935,0.22580645161290322,0.0
2003,8,WB-MAL,25.0108,88.1411,1,0,0.14,0.108,0.6039936987096773,6.0,0.5806451612903226,0.0,0.0
2003,9,WB-MAL,25.0108,88.1411,1,0,0.23,-0.06,0.7902776976666667,4.0,0.6,0.03333333333333333,0.0
2004,6,WB-MAL,25.0108,88.1411,1,0,0.22,-0.384,1.0188708323333333,7.0,0.9333333333333333,0.06666666666666667,0.03333333333333333
2004,7,WB-MAL,25.0108,88.1411,1,0,0.39,-0.301,1.611224959354839,1.0,0.8709677419354839,0.0,0.03225806451612903
2004,8,WB-MAL,25.0108,88.1411,1,0,0.54,-0.133,1.2484562670967745,6.0,0.6451612903225806,0.0,0.0
2004,9,WB-MAL,25.0108,88.1411,1,0,0.58,-0.106,1.438454236,2.0,0.36666666666666664,0.23333333333333334,0.0
2005,6,WB-MAL,25.0108,88.1411,1,0,0.09,-0.176,0.7345759723333334,2.0,0.0,0.43333333333333335,0.0
2005,7,WB-MAL,25.0108,88.1411,1,0,-0.04,-0.384,1.029081502903226,2.0,0.8387096774193549,0.06451612903225806,0.03225806451612903
2005,8,WB-MAL,25.0108,88.1411,1,0,-0.14,-0.345,0.939736100967742,1.0,0.6451612903225806,0.1935483870967742,0.0
2005,9,WB-MAL,25.0108,88.1411,1,0,-0.11,-0.534,1.522602815,8.0,0.4666666666666667,0.3,0.0
2007,6,WB-MAL,25.0108,88.1411,1,0,-0.41,0.031,1.3529915246666666,2.0,0.7,0.2,0.0
2007,7,WB-MAL,25.0108,88.1411,1,0,-0.49,0.045,1.3795319935483872,1.0,0.5483870967741935,0.0967741935483871,0.03225806451612903
2007,8,WB-MAL,25.0108,88.1411,1,0,-0.77,0.237,0.8762567774193548,2.0,0.6129032258064516,0.16129032258064516,0.0
2007,9,WB-MAL,25.0108,88.1411,1,0,-1.05,0.235,1.1761283893333332,5.0,0.43333333333333335,0.16666666666666666,0.0
2008,6,WB-MAL,25.0108,88.1411,1,0,-0.56,0.215,0.953116955,3.0,0.5333333333333333,0.23333333333333334,0.0
2008,7,WB-MAL,25.0108,88.1411,1,0,-0.33,0.246,1.2312710548387096,1.0,0.9032258064516129,0.0,0.06451612903225806
2008,8,WB-MAL,25.0108,88.1411,1,0,-0.2,0.124,1.211697393548387,2.0,0.7419354838709677,0.06451612903225806,0.03225806451612903
2008,9,WB-MAL,25.0108,88.1411,1,0,-0.25,0.086,1.446583400333333,5.0,0.4,0.36666666666666664,0.03333333333333333
2009,6,WB-MAL,25.0108,88.1411,1,0,0.34,0.1,1.4584701413333332,8.0,0.36666666666666664,0.16666666666666666,0.0
2009,7,WB-MAL,25.0108,88.1411,1,0,0.5,-0.192,0.6150665787096774,5.0,0.5483870967741935,0.16129032258064516,0.03225806451612903
2009,8,WB-MAL,25.0108,88.1411,1,0,0.56,-0.104,1.12875141,1.0,1.0,0.0,0.06451612903225806
2009,9,WB-MAL,25.0108,88.1411,1,0,0.66,-0.103,1.6812911126666668,4.0,0.3,0.3,0.0
2010,6,WB-MAL,25.0108,88.1411,1,0,-0.66,-0.14,1.285590429,2.0,0.43333333333333335,0.3,0.03333333333333333
2010,7,WB-MAL,25.0108,88.1411,1,0,-0.98,-0.001,1.663601914516129,1.0,0.3225806451612903,0.3225806451612903,0.0
2010,8,WB-MAL,25.0108,88.1411,1,0,-1.24,-0.061,0.747917844516129,1.0,0.5483870967741935,0.16129032258064516,0.0
2010,9,WB-MAL,25.0108,88.1411,1,0,-1.43,-0.267,0.8091414173333332,1.0,0.43333333333333335,0.26666666666666666,0.0
2011,6,WB-MAL,25.0108,88.1411,1,0,-0.34,0.055,0.6791252076666666,2.0,0.0,0.9666666666666667,0.0
2011,7,WB-MAL,25.0108,88.1411,1,0,-0.37,0.223,1.0109919648387098,1.0,0.8064516129032258,0.0,0.0967741935483871
2011,8,WB-MAL,25.0108,88.1411,1,0,-0.5,0.344,1.011544473516129,2.0,0.6774193548387096,0.03225806451612903,0.03225806451612903
2011,9,WB-MAL,25.0108,88.1411,1,0,-0.76,0.202,0.9066917783333334,3.0,0.5333333333333333,0.23333333333333334,0.03333333333333333
2014,6,WB-MAL,25.0108,88.1411,1,0,0.22,-0.028,1.108679051,4.0,0.8,0.03333333333333333,0.0
2014,7,WB-MAL,25.0108,88.1411,1,0,0.07,-0.363,1.1528067432258065,6.0,0.7419354838709677,0.0,0.0
2014,8,WB-MAL,25.0108,88.1411,1,0,0.07,-0.372,1.2150309538709676,2.0,0.5483870967741935,0.12903225806451613,0.0
2014,9,WB-MAL,25.0108,88.1411,1,0,0.24,-0.145,0.649377995,4.0,0.6666666666666666,0.1,0.0
2015,6,WB-MAL,25.0108,88.1411,1,0,1.19,0.296,1.992920383333333,4.0,0.5,0.26666666666666666,0.0
2015,7,WB-MAL,25.0108,88.1411,1,0,1.44,0.225,1.837990334516129,7.0,0.9032258064516129,0.0,0.0
2015,8,WB-MAL,25.0108,88.1411,1,0,1.73,0.568,0.8428048241935484,8.0,0.5483870967741935,0.25806451612903225,0.0
2015,9,WB-MAL,25.0108,88.1411,1,0,2.02,0.294,0.62977513528,1.0,0.6,0.2,0.0
2016,6,WB-MAL,25.0108,88.1411,1,0,0.09,-0.443,1.5598082686666668,4.0,0.16666666666666666,0.36666666666666664,0.0
2016,7,WB-MAL,25.0108,88.1411,1,0,-0.19,-0.757,1.0086871877419354,2.0,0.7096774193548387,0.12903225806451613,0.0
2016,8,WB-MAL,25.0108,88.1411,1,0,-0.34,-0.443,1.3634238690322582,6.0,0.0,0.4838709677419355,0.0
2016,9,WB-MAL,25.0108,88.1411,1,0,-0.42,-0.437,0.9987363606666668,5.0,0.5333333333333333,0.06666666666666667,0.0
2017,6,WB-MAL,25.0108,88.1411,1,0,0.32,0.424,1.010765505,1.0,0.23333333333333334,0.43333333333333335,0.0
2017,7,WB-MAL,25.0108,88.1411,1,0,0.14,0.52,1.0194311058064516,3.0,0.5806451612903226,0.12903225806451613,0.0
2017,8,WB-MAL,25.0108,88.1411,1,0,-0.07,0.349,0.560064344016129,2.0,0.5161290322580645,0.06451612903225806,0.06451612903225806
2017,9,WB-MAL,25.0108,88.1411,1,0,-0.23,0.035,0.5864452456666667,4.0,0.23333333333333334,0.23333333333333334,0.0
2018,6,WB-MAL,25.0108,88.1411,1,0,0.13,0.155,1.099695321,1.0,0.43333333333333335,0.2,0.0
2018,7,WB-MAL,25.0108,88.1411,1,0,0.2,0.053,1.4670566325806451,6.0,0.5483870967741935,0.3548387096774194,0.0
2018,8,WB-MAL,25.0108,88.1411,1,0,0.3,0.121,1.1604823280645162,6.0,0.3548387096774194,0.45161290322580644,0.0
2018,9,WB-MAL,25.0108,88.1411,1,0,0.52,0.604,1.0746740603333331,8.0,0.23333333333333334,0.43333333333333335,0.0
2020,6,WB-MAL,25.0108,88.1411,1,0,-0.18,0.455,1.3547168013333333,1.0,0.8,0.1,0.0
2020,7,WB-MAL,25.0108,88.1411,1,0,-0.29,0.319,1.5012130690322585,2.0,0.6774193548387096,0.0,0.0
2020,8,WB-MAL,25.0108,88.1411,1,0,-0.43,-0.183,1.5708076487096774,8.0,0.2903225806451613,0.0967741935483871,0.0
2020,9,WB-MAL,25.0108,88.1411,1,0,-0.77,-0.189,1.1078213236666663,4.0,0.4,0.03333333333333333,0.0
2021,6,WB-MAL,25.0108,88.1411,1,0,-0.31,-0.002,1.2543668813333333,1.0,0.6,0.1,0.0
2021,7,WB-MAL,25.0108,88.1411,1,0,-0.35,-0.229,1.2697446645161292,2.0,0.3870967741935484,0.1935483870967742,0.0
2021,8,WB-MAL,25.0108,88.1411,1,0,-0.46,-0.099,1.3328496390322582,2.0,0.8064516129032258,0.0,0.0
2021,9,WB-MAL,25.0108,88.1411,1,0,-0.64,-0.058,1.16716908,3.0,0.06666666666666667,0.8,0.0
2022,6,WB-MAL,25.0108,88.1411,1,0,-0.73,-0.335,1.7460144566666669,1.0,0.03333333333333333,0.36666666666666664,0.0
2022,7,WB-MAL,25.0108,88.1411,1,0,-0.7,-0.195,0.9906527754838708,4.0,0.22580645161290322,0.5806451612903226,0.0
2022,8,WB-MAL,25.0108,88.1411,1,0,-0.78,-0.246,0.962351660967742,2.0,0.2903225806451613,0.3870967741935484,0.0
2022,9,WB-MAL,25.0108,88.1411,1,0,-0.87,-0.322,0.45954351401,4.0,0.5,0.3333333333333333,0.0
2023,6,WB-MAL,25.0108,88.1411,1,0,0.73,0.665,1.1452140906,2.0,0.26666666666666666,0.4666666666666667,0.0
2023,7,WB-MAL,25.0108,88.1411,1,0,1.0,0.498,0.7976125261290323,6.0,0.41935483870967744,0.41935483870967744,0.0
2023,8,WB-MAL,25.0108,88.1411,1,0,1.25,0.826,0.9138732870967742,8.0,0.7096774193548387,0.0,0.03225806451612903
2023,9,WB-MAL,25.0108,88.1411,1,0,1.5,0.946,0.8482362092433333,4.0,0.5333333333333333,0.2,0.03333333333333333
1990,6,OR-BBS,20.2961,85.8245,1,0,0.25,-0.568,0.7040596286666666,6.0,0.5,0.13333333333333333,0.0
1990,7,OR-BBS,20.2961,85.8245,1,0,0.26,-0.246,0.7642434731967742,1.0,0.6774193548387096,0.06451612903225806,0.0
1990,8,OR-BBS,20.2961,85.8245,1,0,0.32,-0.391,0.8801470647322581,6.0,0.6774193548387096,0.03225806451612903,0.0
1990,9,OR-BBS,20.2961,85.8245,1,0,0.31,-0.183,0.775732242,3.0,0.7333333333333333,0.16666666666666666,0.0
1991,6,OR-BBS,20.2961,85.8245,1,0,0.63,0.263,1.4334286633333333,5.0,0.23333333333333334,0.5333333333333333,0.0
1991,7,OR-BBS,20.2961,85.8245,1,0,0.77,0.269,0.6487244419290323,6.0,0.9032258064516129,0.0,0.0967741935483871
1991,8,OR-BBS,20.2961,85.8245,1,0,0.67,0.058,1.2953001661290322,5.0,0.7419354838709677,0.06451612903225806,0.03225806451612903
1991,9,OR-BBS,20.2961,85.8245,1,0,0.72,0.099,1.3728957676666669,8.0,0.6666666666666666,0.06666666666666667,0.0
1992,6,OR-BBS,20.2961,85.8245,1,0,0.72,-0.861,1.0309609286666666,3.0,0.3333333333333333,0.26666666666666666,0.0
1992,7,OR-BBS,20.2961,85.8245,1,0,0.35,-0.479,1.032042581935484,3.0,0.5806451612903226,0.25806451612903225,0.0
1992,8,OR-BBS,20.2961,85.8245,1,0,0.08,-0.768,0.7930089680645162,5.0,0.7741935483870968,0.1935483870967742,0.0
1992,9,OR-BBS,20.2961,85.8245,1,0,-0.15,-0.833,1.1277177353333334,2.0,0.4,0.4,0.0
1993,6,OR-BBS,20.2961,85.8245,1,0,0.56,-0.108,1.5129156700000002,8.0,0.5,0.36666666666666664,0.06666666666666667
1993,7,OR-BBS,20.2961,85.8245,1,0,0.28,-0.152,0.8503892948387097,5.0,0.8709677419354839,0.0,0.0
1993,8,OR-BBS,20.2961,85.8245,1,0,0.22,-0.306,0.9336245306,1.0,0.8709677419354839,0.03225806451612903,0.0967741935483871
1993,9,OR-BBS,20.2961,85.8245,1,0,0.2,-0.17,0.4647173026666666,2.0,0.8666666666666667,0.0,0.0
1995,6,OR-BBS,20.2961,85.8245,1,0,-0.11,-0.078,0.8386585686666667,2.0,0.1,0.7333333333333333,0.0
1995,7,OR-BBS,20.2961,85.8245,1,0,-0.3,-0.169,1.3968855583870967,2.0,0.8709677419354839,0.0,0.0
1995,8,OR-BBS,20.2961,85.8245,1,0,-0.55,-0.144,1.3320209096774194,2.0,0.8064516129032258,0.03225806451612903,0.0
1995,9,OR-BBS,20.2961,85.8245,1,0,-0.81,-0.18,1.0134717556666666,5.0,0.9,0.0,0.03333333333333333
1996,6,OR-BBS,20.2961,85.8245,1,0,-0.24,-0.395,1.5769545686666668,3.0,0.36666666666666664,0.36666666666666664,0.0
1996,7,OR-BBS,20.2961,85.8245,1,0,-0.22,-0.644,1.590457191935484,6.0,0.4838709677419355,0.16129032258064516,0.03225806451612903
1996,8,OR-BBS,20.2961,85.8245,1,0,-0.27,-0.681,1.0089208741935485,3.0,0.6129032258064516,0.16129032258064516,0.0
1996,9,OR-BBS,20.2961,85.8245,1,0,-0.3,-0.712,1.0609203293333334,5.0,0.1,0.3333333333333333,0.0
1998,6,OR-BBS,20.2961,85.8245,1,0,-0.08,0.147,0.921335034,3.0,0.4666666666666667,0.43333333333333335,0.0
1998,7,OR-BBS,20.2961,85.8245,1,0,-0.63,-0.385,0.75393639,2.0,0.7096774193548387,0.16129032258064516,0.0
1998,8,OR-BBS,20.2961,85.8245,1,0,-0.83,-0.58,1.00514719,2.0,0.7741935483870968,0.06451612903225806,0.0
1998,9,OR-BBS,20.2961,85.8245,1,0,-1.02,-0.496,1.4218518516666667,8.0,0.9,0.1,0.03333333333333333
2002,6,OR-BBS,20.2961,85.8245,1,0,0.45,-0.189,1.8803833166666664,2.0,0.5333333333333333,0.2,0.03333333333333333
2002,7,OR-BBS,20.2961,85.8245,1,0,0.57,-0.261,1.7221574980645162,8.0,0.6451612903225806,0.2903225806451613,0.12903225806451613
2002,8,OR-BBS,20.2961,85.8245,1,0,0.63,-0.208,1.420236031935484,8.0,0.9354838709677419,0.0,0.16129032258064516
2002,9,OR-BBS,20.2961,85.8245,1,0,0.78,0.286,0.7018471730000001,2.0,0.8666666666666667,0.03333333333333333,0.0
2003,6,OR-BBS,20.2961,85.8245,1,0,-0.13,0.139,1.65106069,1.0,0.3333333333333333,0.5666666666666667,0.0
2003,7,OR-BBS,20.2961,85.8245,1,0,0.09,0.131,0.992855799032258,2.0,0.7741935483870968,0.0,0.06451612903225806
2003,8,OR-BBS,20.2961,85.8245,1,0,0.14,0.108,0.6039936987096773,6.0,1.0,0.0,0.03225806451612903
2003,9,OR-BBS,20.2961,85.8245,1,0,0.23,-0.06,0.7902776976666667,4.0,0.7666666666666667,0.0,0.0
2004,6,OR-BBS,20.2961,85.8245,1,0,0.22,-0.384,1.0188708323333333,7.0,0.16666666666666666,0.7666666666666667,0.0
2004,7,OR-BBS,20.2961,85.8245,1,0,0.39,-0.301,1.611224959354839,1.0,0.7741935483870968,0.03225806451612903,0.0
2004,8,OR-BBS,20.2961,85.8245,1,0,0.54,-0.133,1.2484562670967745,6.0,0.8064516129032258,0.0967741935483871,0.03225806451612903
2004,9,OR-BBS,20.2961,85.8245,1,0,0.58,-0.106,1.438454236,2.0,0.6666666666666666,0.1,0.0
2005,6,OR-BBS,20.2961,85.8245,1,0,0.09,-0.176,0.7345759723333334,2.0,0.2,0.8,0.03333333333333333
2005,7,OR-BBS,20.2961,85.8245,1,0,-0.04,-0.384,1.029081502903226,2.0,1.0,0.0,0.06451612903225806
2005,8,OR-BBS,20.2961,85.8245,1,0,-0.14,-0.345,0.939736100967742,1.0,0.7419354838709677,0.12903225806451613,0.03225806451612903
2005,9,OR-BBS,20.2961,85.8245,1,0,-0.11,-0.534,1.522602815,8.0,0.7,0.13333333333333333,0.06666666666666667
2007,6,OR-BBS,20.2961,85.8245,1,0,-0.41,0.031,1.3529915246666666,2.0,0.4666666666666667,0.23333333333333334,0.0
2007,7,OR-BBS,20.2961,85.8245,1,0,-0.49,0.045,1.3795319935483872,1.0,0.6774193548387096,0.06451612903225806,0.0
2007,8,OR-BBS,20.2961,85.8245,1,0,-0.77,0.237,0.8762567774193548,2.0,0.6774193548387096,0.0967741935483871,0.06451612903225806
2007,9,OR-BBS,20.2961,85.8245,1,0,-1.05,0.235,1.1761283893333332,5.0,0.9333333333333333,0.0,0.03333333333333333
2008,6,OR-BBS,20.2961,85.8245,1,0,-0.56,0.215,0.953116955,3.0,0.7666666666666667,0.06666666666666667,0.0
2008,7,OR-BBS,20.2961,85.8245,1,0,-0.33,0.246,1.2312710548387096,1.0,0.967741935483871,0.0,0.0
2008,8,OR-BBS,20.2961,85.8245,1,0,-0.2,0.124,1.211697393548387,2.0,0.9032258064516129,0.03225806451612903,0.0
2008,9,OR-BBS,20.2961,85.8245,1,0,-0.25,0.086,1.446583400333333,5.0,0.9666666666666667,0.0,0.03333333333333333
2009,6,OR-BBS,20.2961,85.8245,1,0,0.34,0.1,1.4584701413333332,8.0,0.0,0.5666666666666667,0.0
2009,7,OR-BBS,20.2961,85.8245,1,0,0.5,-0.192,0.6150665787096774,5.0,0.9354838709677419,0.0,0.16129032258064516
2009,8,OR-BBS,20.2961,85.8245,1,0,0.56,-0.104,1.12875141,1.0,0.7096774193548387,0.03225806451612903,0.0
2009,9,OR-BBS,20.2961,85.8245,1,0,0.66,-0.103,1.6812911126666668,4.0,0.6,0.0,0.0
2010,6,OR-BBS,20.2961,85.8245,1,0,-0.66,-0.14,1.285590429,2.0,0.43333333333333335,0.5,0.03333333333333333
2010,7,OR-BBS,20.2961,85.8245,1,0,-0.98,-0.001,1.663601914516129,1.0,0.6129032258064516,0.06451612903225806,0.0
2010,8,OR-BBS,20.2961,85.8245,1,0,-1.24,-0.061,0.747917844516129,1.0,0.6451612903225806,0.12903225806451613,0.06451612903225806
2010,9,OR-BBS,20.2961,85.8245,1,0,-1.43,-0.267,0.8091414173333332,1.0,0.7333333333333333,0.1,0.03333333333333333
2011,6,OR-BBS,20.2961,85.8245,1,0,-0.34,0.055,0.6791252076666666,2.0,0.4666666666666667,0.4,0.0
2011,7,OR-BBS,20.2961,85.8245,1,0,-0.37,0.223,1.0109919648387098,1.0,0.6774193548387096,0.16129032258064516,0.0
2011,8,OR-BBS,20.2961,85.8245,1,0,-0.5,0.344,1.011544473516129,2.0,0.9354838709677419,0.0,0.0
2011,9,OR-BBS,20.2961,85.8245,1,0,-0.76,0.202,0.9066917783333334,3.0,0.9,0.06666666666666667,0.0
2014,6,OR-BBS,20.2961,85.8245,1,0,0.22,-0.028,1.108679051,4.0,0.03333333333333333,0.8,0.0
2014,7,OR-BBS,20.2961,85.8245,1,0,0.07,-0.363,1.1528067432258065,6.0,0.9032258064516129,0.06451612903225806,0.06451612903225806
2014,8,OR-BBS,20.2961,85.8245,1,0,0.07,-0.372,1.2150309538709676,2.0,0.41935483870967744,0.03225806451612903,0.03225806451612903
2014,9,OR-BBS,20.2961,85.8245,1,0,0.24,-0.145,0.649377995,4.0,0.8666666666666667,0.13333333333333333,0.06666666666666667
2015,6,OR-BBS,20.2961,85.8245,1,0,1.19,0.296,1.992920383333333,4.0,0.3333333333333333,0.2,0.0
2015,7,OR-BBS,20.2961,85.8245,1,0,1.44,0.225,1.837990334516129,7.0,0.8064516129032258,0.0,0.0
2015,8,OR-BBS,20.2961,85.8245,1,0,1.73,0.568,0.8428048241935484,8.0,0.7419354838709677,0.0967741935483871,0.0
2015,9,OR-BBS,20.2961,85.8245,1,0,2.02,0.294,0.62977513528,1.0,0.6666666666666666,0.13333333333333333,0.0
2016,6,OR-BBS,20.2961,85.8245,1,0,0.09,-0.443,1.5598082686666668,4.0,0.3333333333333333,0.06666666666666667,0.0
2016,7,OR-BBS,20.2961,85.8245,1,0,-0.19,-0.757,1.0086871877419354,2.0,0.8709677419354839,0.0,0.0
2016,8,OR-BBS,20.2961,85.8245,1,0,-0.34,-0.443,1.3634238690322582,6.0,0.967741935483871,0.0,0.03225806451612903
2016,9,OR-BBS,20.2961,85.8245,1,0,-0.42,-0.437,0.9987363606666668,5.0,0.8,0.03333333333333333,0.0
2017,6,OR-BBS,20.2961,85.8245,1,0,0.32,0.424,1.010765505,1.0,0.43333333333333335,0.36666666666666664,0.0
2017,7,OR-BBS,20.2961,85.8245,1,0,0.14,0.52,1.0194311058064516,3.0,0.8387096774193549,0.03225806451612903,0.03225806451612903
2017,8,OR-BBS,20.2961,85.8245,1,0,-0.07,0.349,0.560064344016129,2.0,0.7419354838709677,0.06451612903225806,0.0
2017,9,OR-BBS,20.2961,85.8245,1,0,-0.23,0.035,0.5864452456666667,4.0,0.6333333333333333,0.13333333333333333,0.0
2018,6,OR-BBS,20.2961,85.8245,1,0,0.13,0.155,1.099695321,1.0,0.7,0.3,0.03333333333333333
2018,7,OR-BBS,20.2961,85.8245,1,0,0.2,0.053,1.4670566325806451,6.0,0.6129032258064516,0.06451612903225806,0.06451612903225806
2018,8,OR-BBS,20.2961,85.8245,1,0,0.3,0.121,1.1604823280645162,6.0,1.0,0.0,0.06451612903225806
2018,9,OR-BBS,20.2961,85.8245,1,0,0.52,0.604,1.0746740603333331,8.0,0.8333333333333334,0.1,0.1
2020,6,OR-BBS,20.2961,85.8245,1,0,-0.18,0.455,1.3547168013333333,1.0,0.4,0.3333333333333333,0.0
2020,7,OR-BBS,20.2961,85.8245,1,0,-0.29,0.319,1.5012130690322585,2.0,0.4838709677419355,0.22580645161290322,0.0
2020,8,OR-BBS,20.2961,85.8245,1,0,-0.43,-0.183,1.5708076487096774,8.0,0.9032258064516129,0.0,0.12903225806451613
2020,9,OR-BBS,20.2961,85.8245,1,0,-0.77,-0.189,1.1078213236666663,4.0,0.26666666666666666,0.6666666666666666,0.0
2021,6,OR-BBS,20.2961,85.8245,1,0,-0.31,-0.002,1.2543668813333333,1.0,0.6666666666666666,0.3,0.03333333333333333
2021,7,OR-BBS,20.2961,85.8245,1,0,-0.35,-0.229,1.2697446645161292,2.0,0.8709677419354839,0.03225806451612903,0.03225806451612903
2021,8,OR-BBS,20.2961,85.8245,1,0,-0.46,-0.099,1.3328496390322582,2.0,0.6774193548387096,0.0967741935483871,0.0
2021,9,OR-BBS,20.2961,85.8245,1,0,-0.64,-0.058,1.16716908,3.0,0.8333333333333334,0.0,0.03333333333333333
2022,6,OR-BBS,20.2961,85.8245,1,0,-0.73,-0.335,1.7460144566666669,1.0,0.16666666666666666,0.7,0.0
2022,7,OR-BBS,20.2961,85.8245,1,0,-0.7,-0.195,0.9906527754838708,4.0,0.9032258064516129,0.0,0.06451612903225806
2022,8,OR-BBS,20.2961,85.8245,1,0,-0.78,-0.246,0.962351660967742,2.0,0.7741935483870968,0.0,0.03225806451612903
2022,9,OR-BBS,20.2961,85.8245,1,0,-0.87,-0.322,0.45954351401,4.0,0.7333333333333333,0.23333333333333334,0.03333333333333333
2023,6,OR-BBS,20.2961,85.8245,1,0,0.73,0.665,1.1452140906,2.0,0.5,0.23333333333333334,0.0
2023,7,OR-BBS,20.2961,85.8245,1,0,1.0,0.498,0.7976125261290323,6.0,0.6129032258064516,0.06451612903225806,0.03225806451612903
2023,8,OR-BBS,20.2961,85.8245,1,0,1.25,0.826,0.9138732870967742,8.0,0.8709677419354839,0.0,0.06451612903225806
2023,9,OR-BBS,20.2961,85.8245,1,0,1.5,0.946,0.8482362092433333,4.0,0.7666666666666667,0.03333333333333333,0.03333333333333333
1990,6,OR-CTC,20.4625,85.8828,1,0,0.25,-0.568,0.7040596286666666,6.0,0.5333333333333333,0.4,0.03333333333333333
1990,7,OR-CTC,20.4625,85.8828,1,0,0.26,-0.246,0.7642434731967742,1.0,0.6451612903225806,0.2903225806451613,0.0
1990,8,OR-CTC,20.4625,85.8828,1,0,0.32,-0.391,0.8801470647322581,6.0,0.8064516129032258,0.0,0.0
1990,9,OR-CTC,20.4625,85.8828,1,0,0.31,-0.183,0.775732242,3.0,0.8,0.0,0.0
1991,6,OR-CTC,20.4625,85.8828,1,0,0.63,0.263,1.4334286633333333,5.0,0.23333333333333334,0.5,0.0
1991,7,OR-CTC,20.4625,85.8828,1,0,0.77,0.269,0.6487244419290323,6.0,0.7096774193548387,0.16129032258064516,0.03225806451612903
1991,8,OR-CTC,20.4625,85.8828,1,0,0.67,0.058,1.2953001661290322,5.0,1.0,0.0,0.03225806451612903
1991,9,OR-CTC,20.4625,85.8828,1,0,0.72,0.099,1.3728957676666669,8.0,0.36666666666666664,0.13333333333333333,0.0
1992,6,OR-CTC,20.4625,85.8828,1,0,0.72,-0.861,1.0309609286666666,3.0,0.4,0.3,0.0
1992,7,OR-CTC,20.4625,85.8828,1,0,0.35,-0.479,1.032042581935484,3.0,0.7096774193548387,0.1935483870967742,0.03225806451612903
1992,8,OR-CTC,20.4625,85.8828,1,0,0.08,-0.768,0.7930089680645162,5.0,0.7419354838709677,0.25806451612903225,0.0
1992,9,OR-CTC,20.4625,85.8828,1,0,-0.15,-0.833,1.1277177353333334,2.0,0.6333333333333333,0.3333333333333333,0.0
1993,6,OR-CTC,20.4625,85.8828,1,0,0.56,-0.108,1.5129156700000002,8.0,0.5666666666666667,0.4,0.1
1993,7,OR-CTC,20.4625,85.8828,1,0,0.28,-0.152,0.8503892948387097,5.0,0.9032258064516129,0.0967741935483871,0.0
1993,8,OR-CTC,20.4625,85.8828,1,0,0.22,-0.306,0.9336245306,1.0,0.967741935483871,0.03225806451612903,0.03225806451612903
1993,9,OR-CTC,20.4625,85.8828,1,0,0.2,-0.17,0.4647173026666666,2.0,0.9333333333333333,0.0,0.0
1995,6,OR-CTC,20.4625,85.8828,1,0,-0.11,-0.078,0.8386585686666667,2.0,0.23333333333333334,0.6666666666666666,0.0
1995,7,OR-CTC,20.4625,85.8828,1,0,-0.3,-0.169,1.3968855583870967,2.0,0.25806451612903225,0.2903225806451613,0.0
1995,8,OR-CTC,20.4625,85.8828,1,0,-0.55,-0.144,1.3320209096774194,2.0,0.5161290322580645,0.16129032258064516,0.03225806451612903
1995,9,OR-CTC,20.4625,85.8828,1,0,-0.81,-0.18,1.0134717556666666,5.0,0.7333333333333333,0.1,0.0
1996,6,OR-CTC,20.4625,85.8828,1,0,-0.24,-0.395,1.5769545686666668,3.0,0.36666666666666664,0.13333333333333333,0.0
1996,7,OR-CTC,20.4625,85.8828,1,0,-0.22,-0.644,1.590457191935484,6.0,0.5806451612903226,0.12903225806451613,0.0
1996,8,OR-CTC,20.4625,85.8828,1,0,-0.27,-0.681,1.0089208741935485,3.0,0.6774193548387096,0.22580645161290322,0.0
1996,9,OR-CTC,20.4625,85.8828,1,0,-0.3,-0.712,1.0609203293333334,5.0,0.1,0.6333333333333333,0.0
1998,6,OR-CTC,20.4625,85.8828,1,0,-0.08,0.147,0.921335034,3.0,0.4666666666666667,0.4,0.0
1998,7,OR-CTC,20.4625,85.8828,1,0,-0.63,-0.385,0.75393639,2.0,0.7096774193548387,0.12903225806451613,0.0
1998,8,OR-CTC,20.4625,85.8828,1,0,-0.83,-0.58,1.00514719,2.0,0.7741935483870968,0.06451612903225806,0.0
1998,9,OR-CTC,20.4625,85.8828,1,0,-1.02,-0.496,1.4218518516666667,8.0,0.9,0.03333333333333333,0.0
2002,6,OR-CTC,20.4625,85.8828,1,0,0.45,-0.189,1.8803833166666664,2.0,0.7666666666666667,0.0,0.0
2002,7,OR-CTC,20.4625,85.8828,1,0,0.57,-0.261,1.7221574980645162,8.0,0.6451612903225806,0.0967741935483871,0.06451612903225806
2002,8,OR-CTC,20.4625,85.8828,1,0,0.63,-0.208,1.420236031935484,8.0,1.0,0.0,0.0
2002,9,OR-CTC,20.4625,85.8828,1,0,0.78,0.286,0.7018471730000001,2.0,0.9666666666666667,0.0,0.06666666666666667
2003,6,OR-CTC,20.4625,85.8828,1,0,-0.13,0.139,1.65106069,1.0,0.36666666666666664,0.3,0.03333333333333333
2003,7,OR-CTC,20.4625,85.8828,1,0,0.09,0.131,0.992855799032258,2.0,0.7419354838709677,0.06451612903225806,0.03225806451612903
2003,8,OR-CTC,20.4625,85.8828,1,0,0.14,0.108,0.6039936987096773,6.0,0.7741935483870968,0.0967741935483871,0.03225806451612903
2003,9,OR-CTC,20.4625,85.8828,1,0,0.23,-0.06,0.7902776976666667,4.0,0.8,0.0,0.0
2004,6,OR-CTC,20.4625,85.8828,1,0,0.22,-0.384,1.0188708323333333,7.0,0.26666666666666666,0.43333333333333335,0.0
2004,7,OR-CTC,20.4625,85.8828,1,0,0.39,-0.301,1.611224959354839,1.0,0.5806451612903226,0.1935483870967742,0.03225806451612903
2004,8,OR-CTC,20.4625,85.8828,1,0,0.54,-0.133,1.2484562670967745,6.0,0.8709677419354839,0.0,0.03225806451612903
2004,9,OR-CTC,20.4625,85.8828,1,0,0.58,-0.106,1.438454236,2.0,0.8666666666666667,0.06666666666666667,0.0
2005,6,OR-CTC,20.4625,85.8828,1,0,0.09,-0.176,0.7345759723333334,2.0,0.16666666666666666,0.7333333333333333,0.0
2005,7,OR-CTC,20.4625,85.8828,1,0,-0.04,-0.384,1.029081502903226,2.0,0.8709677419354839,0.0,0.06451612903225806
2005,8,OR-CTC,20.4625,85.8828,1,0,-0.14,-0.345,0.939736100967742,1.0,0.6774193548387096,0.16129032258064516,0.0
2005,9,OR-CTC,20.4625,85.8828,1,0,-0.11,-0.534,1.522602815,8.0,0.6,0.1,0.1
2007,6,OR-CTC,20.4625,85.8828,1,0,-0.41,0.031,1.3529915246666666,2.0,0.7333333333333333,0.23333333333333334,0.0
2007,7,OR-CTC,20.4625,85.8828,1,0,-0.49,0.045,1.3795319935483872,1.0,0.6774193548387096,0.06451612903225806,0.0
2007,8,OR-CTC,20.4625,85.8828,1,0,-0.77,0.237,0.8762567774193548,2.0,0.8709677419354839,0.12903225806451613,0.0967741935483871
2007,9,OR-CTC,20.4625,85.8828,1,0,-1.05,0.235,1.1761283893333332,5.0,1.0,0.0,0.13333333333333333
2008,6,OR-CTC,20.4625,85.8828,1,0,-0.56,0.215,0.953116955,3.0,0.9,0.06666666666666667,0.03333333333333333
2008,7,OR-CTC,20.4625,85.8828,1,0,-0.33,0.246,1.2312710548387096,1.0,1.0,0.0,0.0
2008,8,OR-CTC,20.4625,85.8828,1,0,-0.2,0.124,1.211697393548387,2.0,0.967741935483871,0.0,0.0
2008,9,OR-CTC,20.4625,85.8828,1,0,-0.25,0.086,1.446583400333333,5.0,0.8,0.0,0.06666666666666667
2009,6,OR-CTC,20.4625,85.8828,1,0,0.34,0.1,1.4584701413333332,8.0,0.03333333333333333,0.36666666666666664,0.0
2009,7,OR-CTC,20.4625,85.8828,1,0,0.5,-0.192,0.6150665787096774,5.0,0.9354838709677419,0.06451612903225806,0.12903225806451613
2009,8,OR-CTC,20.4625,85.8828,1,0,0.56,-0.104,1.12875141,1.0,0.6774193548387096,0.06451612903225806,0.0
2009,9,OR-CTC,20.4625,85.8828,1,0,0.66,-0.103,1.6812911126666668,4.0,0.5666666666666667,0.0,0.03333333333333333
2010,6,OR-CTC,20.4625,85.8828,1,0,-0.66,-0.14,1.285590429,2.0,0.23333333333333334,0.4666666666666667,0.0
2010,7,OR-CTC,20.4625,85.8828,1,0,-0.98,-0.001,1.663601914516129,1.0,0.41935483870967744,0.16129032258064516,0.03225806451612903
2010,8,OR-CTC,20.4625,85.8828,1,0,-1.24,-0.061,0.747917844516129,1.0,0.3548387096774194,0.3548387096774194,0.0
2010,9,OR-CTC,20.4625,85.8828,1,0,-1.43,-0.267,0.8091414173333332,1.0,0.4666666666666667,0.2,0.0
2011,6,OR-CTC,20.4625,85.8828,1,0,-0.34,0.055,0.6791252076666666,2.0,0.7333333333333333,0.06666666666666667,0.03333333333333333
2011,7,OR-CTC,20.4625,85.8828,1,0,-0.37,0.223,1.0109919648387098,1.0,0.7096774193548387,0.22580645161290322,0.0
2011,8,OR-CTC,20.4625,85.8828,1,0,-0.5,0.344,1.011544473516129,2.0,0.9354838709677419,0.03225806451612903,0.0
2011,9,OR-CTC,20.4625,85.8828,1,0,-0.76,0.202,0.9066917783333334,3.0,0.9333333333333333,0.06666666666666667,0.0
2014,6,OR-CTC,20.4625,85.8828,1,0,0.22,-0.028,1.108679051,4.0,0.06666666666666667,0.8666666666666667,0.0
2014,7,OR-CTC,20.4625,85.8828,1,0,0.07,-0.363,1.1528067432258065,6.0,0.7096774193548387,0.12903225806451613,0.06451612903225806
2014,8,OR-CTC,20.4625,85.8828,1,0,0.07,-0.372,1.2150309538709676,2.0,0.5806451612903226,0.03225806451612903,0.03225806451612903
2014,9,OR-CTC,20.4625,85.8828,1,0,0.24,-0.145,0.649377995,4.0,0.7,0.13333333333333333,0.0
2015,6,OR-CTC,20.4625,85.8828,1,0,1.19,0.296,1.992920383333333,4.0,0.43333333333333335,0.43333333333333335,0.0
2015,7,OR-CTC,20.4625,85.8828,1,0,1.44,0.225,1.837990334516129,7.0,0.9354838709677419,0.0,0.03225806451612903
2015,8,OR-CTC,20.4625,85.8828,1,0,1.73,0.568,0.8428048241935484,8.0,0.6451612903225806,0.03225806451612903,0.0
2015,9,OR-CTC,20.4625,85.8828,1,0,2.02,0.294,0.62977513528,1.0,0.43333333333333335,0.36666666666666664,0.0
2016,6,OR-CTC,20.4625,85.8828,1,0,0.09,-0.443,1.5598082686666668,4.0,0.5,0.2,0.0
2016,7,OR-CTC,20.4625,85.8828,1,0,-0.19,-0.757,1.0086871877419354,2.0,0.9032258064516129,0.0,0.0
2016,8,OR-CTC,20.4625,85.8828,1,0,-0.34,-0.443,1.3634238690322582,6.0,0.9032258064516129,0.0,0.06451612903225806
2016,9,OR-CTC,20.4625,85.8828,1,0,-0.42,-0.437,0.9987363606666668,5.0,0.8666666666666667,0.03333333333333333,0.06666666666666667
2017,6,OR-CTC,20.4625,85.8828,1,0,0.32,0.424,1.010765505,1.0,0.23333333333333334,0.43333333333333335,0.0
2017,7,OR-CTC,20.4625,85.8828,1,0,0.14,0.52,1.0194311058064516,3.0,0.6774193548387096,0.03225806451612903,0.0
2017,8,OR-CTC,20.4625,85.8828,1,0,-0.07,0.349,0.560064344016129,2.0,0.8709677419354839,0.03225806451612903,0.0
2017,9,OR-CTC,20.4625,85.8828,1,0,-0.23,0.035,0.5864452456666667,4.0,0.6666666666666666,0.13333333333333333,0.03333333333333333
2018,6,OR-CTC,20.4625,85.8828,1,0,0.13,0.155,1.099695321,1.0,0.4666666666666667,0.3333333333333333,0.0
2018,7,OR-CTC,20.4625,85.8828,1,0,0.2,0.053,1.4670566325806451,6.0,1.0,0.0,0.03225806451612903
2018,8,OR-CTC,20.4625,85.8828,1,0,0.3,0.121,1.1604823280645162,6.0,0.8064516129032258,0.0967741935483871,0.0
2018,9,OR-CTC,20.4625,85.8828,1,0,0.52,0.604,1.0746740603333331,8.0,0.8333333333333334,0.1,0.03333333333333333
2020,6,OR-CTC,20.4625,85.8828,1,0,-0.18,0.455,1.3547168013333333,1.0,0.3,0.3333333333333333,0.0
2020,7,OR-CTC,20.4625,85.8828,1,0,-0.29,0.319,1.5012130690322585,2.0,0.5483870967741935,0.06451612903225806,0.0
2020,8,OR-CTC,20.4625,85.8828,1,0,-0.43,-0.183,1.5708076487096774,8.0,0.8709677419354839,0.0,0.0967741935483871
2020,9,OR-CTC,20.4625,85.8828,1,0,-0.77,-0.189,1.1078213236666663,4.0,0.03333333333333333,0.7333333333333333,0.0
2021,6,OR-CTC,20.4625,85.8828,1,0,-0.31,-0.002,1.2543668813333333,1.0,0.6,0.3,0.03333333333333333
2021,7,OR-CTC,20.4625,85.8828,1,0,-0.35,-0.229,1.2697446645161292,2.0,0.2903225806451613,0.0967741935483871,0.0
2021,8,OR-CTC,20.4625,85.8828,1,0,-0.46,-0.099,1.3328496390322582,2.0,0.6129032258064516,0.0967741935483871,0.0
2021,9,OR-CTC,20.4625,85.8828,1,0,-0.64,-0.058,1.16716908,3.0,1.0,0.0,0.06666666666666667
2022,6,OR-CTC,20.4625,85.8828,1,0,-0.73,-0.335,1.7460144566666669,1.0,0.03333333333333333,0.7666666666666667,0.0
2022,7,OR-CTC,20.4625,85.8828,1,0,-0.7,-0.195,0.9906527754838708,4.0,1.0,0.0,0.06451612903225806
2022,8,OR-CTC,20.4625,85.8828,1,0,-0.78,-0.246,0.962351660967742,2.0,0.7419354838709677,0.0,0.0
2022,9,OR-CTC,20.4625,85.8828,1,0,-0.87,-0.322,0.45954351401,4.0,0.6333333333333333,0.13333333333333333,0.0
2023,6,OR-CTC,20.4625,85.8828,1,0,0.73,0.665,1.1452140906,2.0,0.13333333333333333,0.4,0.0
2023,7,OR-CTC,20.4625,85.8828,1,0,1.0,0.498,0.7976125261290323,6.0,0.5806451612903226,0.12903225806451613,0.0
2023,8,OR-CTC,20.4625,85.8828,1,0,1.25,0.826,0.9138732870967742,8.0,0.5483870967741935,0.12903225806451613,0.0
2023,9,OR-CTC,20.4625,85.8828,1,0,1.5,0.946,0.8482362092433333,4.0,0.8333333333333334,0.1,0.03333333333333333
1990,6,OR-KAL,19.9139,83.1653,1,0,0.25,-0.568,0.7040596286666666,6.0,0.7666666666666667,0.0,0.0
1990,7,OR-KAL,19.9139,83.1653,1,0,0.26,-0.246,0.7642434731967742,1.0,0.8064516129032258,0.0,0.0
1990,8,OR-KAL,19.9139,83.1653,1,0,0.32,-0.391,0.8801470647322581,6.0,0.6129032258064516,0.16129032258064516,0.03225806451612903
1990,9,OR-KAL,19.9139,83.1653,1,0,0.31,-0.183,0.775732242,3.0,0.6,0.26666666666666666,0.03333333333333333
1991,6,OR-KAL,19.9139,83.1653,1,0,0.63,0.263,1.4334286633333333,5.0,0.43333333333333335,0.26666666666666666,0.0
1991,7,OR-KAL,19.9139,83.1653,1,0,0.77,0.269,0.6487244419290323,6.0,0.7419354838709677,0.16129032258064516,0.12903225806451613
1991,8,OR-KAL,19.9139,83.1653,1,0,0.67,0.058,1.2953001661290322,5.0,1.0,0.0,0.0967741935483871
1991,9,OR-KAL,19.9139,83.1653,1,0,0.72,0.099,1.3728957676666669,8.0,0.4666666666666667,0.1,0.0
1992,6,OR-KAL,19.9139,83.1653,1,0,0.72,-0.861,1.0309609286666666,3.0,0.36666666666666664,0.43333333333333335,0.06666666666666667
1992,7,OR-KAL,19.9139,83.1653,1,0,0.35,-0.479,1.032042581935484,3.0,0.6774193548387096,0.1935483870967742,0.06451612903225806
1992,8,OR-KAL,19.9139,83.1653,1,0,0.08,-0.768,0.7930089680645162,5.0,0.967741935483871,0.0,0.03225806451612903
1992,9,OR-KAL,19.9139,83.1653,1,0,-0.15,-0.833,1.1277177353333334,2.0,0.4666666666666667,0.4666666666666667,0.0
1993,6,OR-KAL,19.9139,83.1653,1,0,0.56,-0.108,1.5129156700000002,8.0,0.4666666666666667,0.13333333333333333,0.0
1993,7,OR-KAL,19.9139,83.1653,1,0,0.28,-0.152,0.8503892948387097,5.0,0.7741935483870968,0.0,0.0
1993,8,OR-KAL,19.9139,83.1653,1,0,0.22,-0.306,0.9336245306,1.0,0.6129032258064516,0.1935483870967742,0.0
1993,9,OR-KAL,19.9139,83.1653,1,0,0.2,-0.17,0.4647173026666666,2.0,0.7,0.16666666666666666,0.0
1995,6,OR-KAL,19.9139,83.1653,1,0,-0.11,-0.078,0.8386585686666667,2.0,0.23333333333333334,0.6333333333333333,0.0
1995,7,OR-KAL,19.9139,83.1653,1,0,-0.3,-0.169,1.3968855583870967,2.0,0.8064516129032258,0.06451612903225806,0.0
1995,8,OR-KAL,19.9139,83.1653,1,0,-0.55,-0.144,1.3320209096774194,2.0,0.7741935483870968,0.03225806451612903,0.0
1995,9,OR-KAL,19.9139,83.1653,1,0,-0.81,-0.18,1.0134717556666666,5.0,0.5,0.2,0.0
1996,6,OR-KAL,19.9139,83.1653,1,0,-0.24,-0.395,1.5769545686666668,3.0,0.1,0.6,0.0
1996,7,OR-KAL,19.9139,83.1653,1,0,-0.22,-0.644,1.590457191935484,6.0,0.967741935483871,0.0,0.0
1996,8,OR-KAL,19.9139,83.1653,1,0,-0.27,-0.681,1.0089208741935485,3.0,0.9032258064516129,0.0,0.03225806451612903
1996,9,OR-KAL,19.9139,83.1653,1,0,-0.3,-0.712,1.0609203293333334,5.0,0.23333333333333334,0.1,0.0
1998,6,OR-KAL,19.9139,83.1653,1,0,-0.08,0.147,0.921335034,3.0,0.03333333333333333,0.23333333333333334,0.0
1998,7,OR-KAL,19.9139,83.1653,1,0,-0.63,-0.385,0.75393639,2.0,0.9032258064516129,0.0,0.03225806451612903
1998,8,OR-KAL,19.9139,83.1653,1,0,-0.83,-0.58,1.00514719,2.0,0.41935483870967744,0.06451612903225806,0.0
1998,9,OR-KAL,19.9139,83.1653,1,0,-1.02,-0.496,1.4218518516666667,8.0,0.6,0.1,0.0
2002,6,OR-KAL,19.9139,83.1653,1,0,0.45,-0.189,1.8803833166666664,2.0,0.13333333333333333,0.13333333333333333,0.0
2002,7,OR-KAL,19.9139,83.1653,1,0,0.57,-0.261,1.7221574980645162,8.0,0.0,0.6774193548387096,0.0
2002,8,OR-KAL,19.9139,83.1653,1,0,0.63,-0.208,1.420236031935484,8.0,0.7096774193548387,0.06451612903225806,0.0
2002,9,OR-KAL,19.9139,83.1653,1,0,0.78,0.286,0.7018471730000001,2.0,0.3,0.4666666666666667,0.0
2003,6,OR-KAL,19.9139,83.1653,1,0,-0.13,0.139,1.65106069,1.0,0.0,0.6333333333333333,0.0
2003,7,OR-KAL,19.9139,83.1653,1,0,0.09,0.131,0.992855799032258,2.0,0.8387096774193549,0.0,0.03225806451612903
2003,8,OR-KAL,19.9139,83.1653,1,0,0.14,0.108,0.6039936987096773,6.0,1.0,0.0,0.03225806451612903
2003,9,OR-KAL,19.9139,83.1653,1,0,0.23,-0.06,0.7902776976666667,4.0,0.9666666666666667,0.0,0.03333333333333333
2004,6,OR-KAL,19.9139,83.1653,1,0,0.22,-0.384,1.0188708323333333,7.0,0.3333333333333333,0.36666666666666664,0.03333333333333333
2004,7,OR-KAL,19.9139,83.1653,1,0,0.39,-0.301,1.611224959354839,1.0,0.9032258064516129,0.03225806451612903,0.0
2004,8,OR-KAL,19.9139,83.1653,1,0,0.54,-0.133,1.2484562670967745,6.0,0.6774193548387096,0.16129032258064516,0.0
2004,9,OR-KAL,19.9139,83.1653,1,0,0.58,-0.106,1.438454236,2.0,0.4,0.13333333333333333,0.0
2005,6,OR-KAL,19.9139,83.1653,1,0,0.09,-0.176,0.7345759723333334,2.0,0.16666666666666666,0.7666666666666667,0.0
2005,7,OR-KAL,19.9139,83.1653,1,0,-0.04,-0.384,1.029081502903226,2.0,0.8064516129032258,0.0,0.0
2005,8,OR-KAL,19.9139,83.1653,1,0,-0.14,-0.345,0.939736100967742,1.0,0.5483870967741935,0.25806451612903225,0.0
2005,9,OR-KAL,19.9139,83.1653,1,0,-0.11,-0.534,1.522602815,8.0,0.5333333333333333,0.26666666666666666,0.06666666666666667
2007,6,OR-KAL,19.9139,83.1653,1,0,-0.41,0.031,1.3529915246666666,2.0,0.4,0.5333333333333333,0.06666666666666667
2007,7,OR-KAL,19.9139,83.1653,1,0,-0.49,0.045,1.3795319935483872,1.0,0.4838709677419355,0.22580645161290322,0.0
2007,8,OR-KAL,19.9139,83.1653,1,0,-0.77,0.237,0.8762567774193548,2.0,0.45161290322580644,0.1935483870967742,0.0967741935483871
2007,9,OR-KAL,19.9139,83.1653,1,0,-1.05,0.235,1.1761283893333332,5.0,0.8,0.03333333333333333,0.0
2008,6,OR-KAL,19.9139,83.1653,1,0,-0.56,0.215,0.953116955,3.0,0.4666666666666667,0.26666666666666666,0.0
2008,7,OR-KAL,19.9139,83.1653,1,0,-0.33,0.246,1.2312710548387096,1.0,0.7741935483870968,0.0,0.0
2008,8,OR-KAL,19.9139,83.1653,1,0,-0.2,0.124,1.211697393548387,2.0,1.0,0.0,0.06451612903225806
2008,9,OR-KAL,19.9139,83.1653,1,0,-0.25,0.086,1.446583400333333,5.0,0.6666666666666666,0.16666666666666666,0.06666666666666667
2009,6,OR-KAL,19.9139,83.1653,1,0,0.34,0.1,1.4584701413333332,8.0,0.0,0.5666666666666667,0.0
2009,7,OR-KAL,19.9139,83.1653,1,0,0.5,-0.192,0.6150665787096774,5.0,0.9354838709677419,0.03225806451612903,0.25806451612903225
2009,8,OR-KAL,19.9139,83.1653,1,0,0.56,-0.104,1.12875141,1.0,0.3548387096774194,0.3225806451612903,0.03225806451612903
2009,9,OR-KAL,19.9139,83.1653,1,0,0.66,-0.103,1.6812911126666668,4.0,0.5,0.36666666666666664,0.0
2010,6,OR-KAL,19.9139,83.1653,1,0,-0.66,-0.14,1.285590429,2.0,0.4666666666666667,0.26666666666666666,0.0
2010,7,OR-KAL,19.9139,83.1653,1,0,-0.98,-0.001,1.663601914516129,1.0,0.8064516129032258,0.16129032258064516,0.03225806451612903
2010,8,OR-KAL,19.9139,83.1653,1,0,-1.24,-0.061,0.747917844516129,1.0,0.6129032258064516,0.0967741935483871,0.03225806451612903
2010,9,OR-KAL,19.9139,83.1653,1,0,-1.43,-0.267,0.8091414173333332,1.0,0.8333333333333334,0.16666666666666666,0.0
2011,6,OR-KAL,19.9139,83.1653,1,0,-0.34,0.055,0.6791252076666666,2.0,0.36666666666666664,0.1,0.0
2011,7,OR-KAL,19.9139,83.1653,1,0,-0.37,0.223,1.0109919648387098,1.0,0.45161290322580644,0.25806451612903225,0.0
2011,8,OR-KAL,19.9139,83.1653,1,0,-0.5,0.344,1.011544473516129,2.0,0.9032258064516129,0.06451612903225806,0.0
2011,9,OR-KAL,19.9139,83.1653,1,0,-0.76,0.202,0.9066917783333334,3.0,0.8666666666666667,0.0,0.03333333333333333
2014,6,OR-KAL,19.9139,83.1653,1,0,0.22,-0.028,1.108679051,4.0,0.06666666666666667,0.8666666666666667,0.0
2014,7,OR-KAL,19.9139,83.1653,1,0,0.07,-0.363,1.1528067432258065,6.0,0.5806451612903226,0.3225806451612903,0.06451612903225806
2014,8,OR-KAL,19.9139,83.1653,1,0,0.07,-0.372,1.2150309538709676,2.0,0.5483870967741935,0.0967741935483871,0.06451612903225806
2014,9,OR-KAL,19.9139,83.1653,1,0,0.24,-0.145,0.649377995,4.0,0.8333333333333334,0.1,0.0
2015,6,OR-KAL,19.9139,83.1653,1,0,1.19,0.296,1.992920383333333,4.0,0.43333333333333335,0.2,0.0
2015,7,OR-KAL,19.9139,83.1653,1,0,1.44,0.225,1.837990334516129,7.0,0.3225806451612903,0.0967741935483871,0.0
2015,8,OR-KAL,19.9139,83.1653,1,0,1.73,0.568,0.8428048241935484,8.0,0.3548387096774194,0.0967741935483871,0.0
2015,9,OR-KAL,19.9139,83.1653,1,0,2.02,0.294,0.62977513528,1.0,0.43333333333333335,0.43333333333333335,0.03333333333333333
2016,6,OR-KAL,19.9139,83.1653,1,0,0.09,-0.443,1.5598082686666668,4.0,0.43333333333333335,0.5333333333333333,0.0
2016,7,OR-KAL,19.9139,83.1653,1,0,-0.19,-0.757,1.0086871877419354,2.0,0.8709677419354839,0.03225806451612903,0.03225806451612903
2016,8,OR-KAL,19.9139,83.1653,1,0,-0.34,-0.443,1.3634238690322582,6.0,0.8064516129032258,0.03225806451612903,0.03225806451612903
2016,9,OR-KAL,19.9139,83.1653,1,0,-0.42,-0.437,0.9987363606666668,5.0,0.8666666666666667,0.0,0.0
2017,6,OR-KAL,19.9139,83.1653,1,0,0.32,0.424,1.010765505,1.0,0.4666666666666667,0.3333333333333333,0.03333333333333333
2017,7,OR-KAL,19.9139,83.1653,1,0,0.14,0.52,1.0194311058064516,3.0,0.6129032258064516,0.0967741935483871,0.03225806451612903
2017,8,OR-KAL,19.9139,83.1653,1,0,-0.07,0.349,0.560064344016129,2.0,0.9354838709677419,0.0,0.0
2017,9,OR-KAL,19.9139,83.1653,1,0,-0.23,0.035,0.5864452456666667,4.0,0.4666666666666667,0.2,0.0
2018,6,OR-KAL,19.9139,83.1653,1,0,0.13,0.155,1.099695321,1.0,0.0,0.43333333333333335,0.0
2018,7,OR-KAL,19.9139,83.1653,1,0,0.2,0.053,1.4670566325806451,6.0,0.7741935483870968,0.03225806451612903,0.0967741935483871
2018,8,OR-KAL,19.9139,83.1653,1,0,0.3,0.121,1.1604823280645162,6.0,1.0,0.0,0.16129032258064516
2018,9,OR-KAL,19.9139,83.1653,1,0,0.52,0.604,1.0746740603333331,8.0,0.6666666666666666,0.2,0.0
2020,6,OR-KAL,19.9139,83.1653,1,0,-0.18,0.455,1.3547168013333333,1.0,0.5333333333333333,0.13333333333333333,0.03333333333333333
2020,7,OR-KAL,19.9139,83.1653,1,0,-0.29,0.319,1.5012130690322585,2.0,0.9354838709677419,0.06451612903225806,0.0
2020,8,OR-KAL,19.9139,83.1653,1,0,-0.43,-0.183,1.5708076487096774,8.0,0.8387096774193549,0.12903225806451613,0.03225806451612903
2020,9,OR-KAL,19.9139,83.1653,1,0,-0.77,-0.189,1.1078213236666663,4.0,0.4666666666666667,0.43333333333333335,0.03333333333333333
2021,6,OR-KAL,19.9139,83.1653,1,0,-0.31,-0.002,1.2543668813333333,1.0,0.23333333333333334,0.2,0.0
2021,7,OR-KAL,19.9139,83.1653,1,0,-0.35,-0.229,1.2697446645161292,2.0,0.6451612903225806,0.0967741935483871,0.0
2021,8,OR-KAL,19.9139,83.1653,1,0,-0.46,-0.099,1.3328496390322582,2.0,0.5161290322580645,0.0967741935483871,0.0
2021,9,OR-KAL,19.9139,83.1653,1,0,-0.64,-0.058,1.16716908,3.0,0.8,0.0,0.03333333333333333
2022,6,OR-KAL,19.9139,83.1653,1,0,-0.73,-0.335,1.7460144566666669,1.0,0.36666666666666664,0.36666666666666664,0.0
2022,7,OR-KAL,19.9139,83.1653,1,0,-0.7,-0.195,0.9906527754838708,4.0,0.967741935483871,0.0,0.0
2022,8,OR-KAL,19.9139,83.1653,1,0,-0.78,-0.246,0.962351660967742,2.0,0.7419354838709677,0.0967741935483871,0.12903225806451613
2022,9,OR-KAL,19.9139,83.1653,1,0,-0.87,-0.322,0.45954351401,4.0,0.3,0.23333333333333334,0.0
2023,6,OR-KAL,19.9139,83.1653,1,0,0.73,0.665,1.1452140906,2.0,0.0,0.5,0.0
2023,7,OR-KAL,19.9139,83.1653,1,0,1.0,0.498,0.7976125261290323,6.0,0.6451612903225806,0.12903225806451613,0.0
2023,8,OR-KAL,19.9139,83.1653,1,0,1.25,0.826,0.9138732870967742,8.0,0.5483870967741935,0.1935483870967742,0.03225806451612903
2023,9,OR-KAL,19.9139,83.1653,1,0,1.5,0.946,0.8482362092433333,4.0,0.9,0.1,0.1
1990,6,JH-RAN,23.3441,85.3096,0,0,0.25,-0.568,0.7040596286666666,6.0,0.0,0.5,0.0
1990,7,JH-RAN,23.3441,85.3096,0,0,0.26,-0.246,0.7642434731967742,1.0,0.7096774193548387,0.03225806451612903,0.0
1990,8,JH-RAN,23.3441,85.3096,0,0,0.32,-0.391,0.8801470647322581,6.0,0.7096774193548387,0.0,0.0
1990,9,JH-RAN,23.3441,85.3096,0,0,0.31,-0.183,0.775732242,3.0,0.2,0.0,0.0
1991,6,JH-RAN,23.3441,85.3096,0,0,0.63,0.263,1.4334286633333333,5.0,0.3,0.16666666666666666,0.0
1991,7,JH-RAN,23.3441,85.3096,0,0,0.77,0.269,0.6487244419290323,6.0,0.3225806451612903,0.3870967741935484,0.0
1991,8,JH-RAN,23.3441,85.3096,0,0,0.67,0.058,1.2953001661290322,5.0,0.8064516129032258,0.06451612903225806,0.0
1991,9,JH-RAN,23.3441,85.3096,0,0,0.72,0.099,1.3728957676666669,8.0,0.5666666666666667,0.23333333333333334,0.03333333333333333
1992,6,JH-RAN,23.3441,85.3096,0,0,0.72,-0.861,1.0309609286666666,3.0,0.3333333333333333,0.5,0.0
1992,7,JH-RAN,23.3441,85.3096,0,0,0.35,-0.479,1.032042581935484,3.0,0.6774193548387096,0.0967741935483871,0.0
1992,8,JH-RAN,23.3441,85.3096,0,0,0.08,-0.768,0.7930089680645162,5.0,0.8709677419354839,0.0,0.0
1992,9,JH-RAN,23.3441,85.3096,0,0,-0.15,-0.833,1.1277177353333334,2.0,0.4666666666666667,0.3333333333333333,0.0
1993,6,JH-RAN,23.3441,85.3096,0,0,0.56,-0.108,1.5129156700000002,8.0,0.8666666666666667,0.0,0.0
1993,7,JH-RAN,23.3441,85.3096,0,0,0.28,-0.152,0.8503892948387097,5.0,0.7096774193548387,0.06451612903225806,0.0
1993,8,JH-RAN,23.3441,85.3096,0,0,0.22,-0.306,0.9336245306,1.0,0.8709677419354839,0.03225806451612903,0.03225806451612903
1993,9,JH-RAN,23.3441,85.3096,0,0,0.2,-0.17,0.4647173026666666,2.0,0.9333333333333333,0.0,0.0
1995,6,JH-RAN,23.3441,85.3096,0,0,-0.11,-0.078,0.8386585686666667,2.0,0.3,0.6666666666666666,0.0
1995,7,JH-RAN,23.3441,85.3096,0,0,-0.3,-0.169,1.3968855583870967,2.0,0.7741935483870968,0.0967741935483871,0.06451612903225806
1995,8,JH-RAN,23.3441,85.3096,0,0,-0.55,-0.144,1.3320209096774194,2.0,0.967741935483871,0.0,0.03225806451612903
1995,9,JH-RAN,23.3441,85.3096,0,0,-0.81,-0.18,1.0134717556666666,5.0,0.7,0.13333333333333333,0.06666666666666667
1996,6,JH-RAN,23.3441,85.3096,0,0,-0.24,-0.395,1.5769545686666668,3.0,0.3333333333333333,0.3333333333333333,0.0
1996,7,JH-RAN,23.3441,85.3096,0,0,-0.22,-0.644,1.590457191935484,6.0,0.6774193548387096,0.12903225806451613,0.0
1996,8,JH-RAN,23.3441,85.3096,0,0,-0.27,-0.681,1.0089208741935485,3.0,0.9032258064516129,0.03225806451612903,0.06451612903225806
1996,9,JH-RAN,23.3441,85.3096,0,0,-0.3,-0.712,1.0609203293333334,5.0,0.7333333333333333,0.03333333333333333,0.0
1998,6,JH-RAN,23.3441,85.3096,0,0,-0.08,0.147,0.921335034,3.0,0.2,0.5,0.0
1998,7,JH-RAN,23.3441,85.3096,0,0,-0.63,-0.385,0.75393639,2.0,0.6451612903225806,0.16129032258064516,0.0
1998,8,JH-RAN,23.3441,85.3096,0,0,-0.83,-0.58,1.00514719,2.0,0.6774193548387096,0.0,0.03225806451612903
1998,9,JH-RAN,23.3441,85.3096,0,0,-1.02,-0.496,1.4218518516666667,8.0,0.6333333333333333,0.3,0.13333333333333333
2002,6,JH-RAN,23.3441,85.3096,0,0,0.45,-0.189,1.8803833166666664,2.0,0.5333333333333333,0.2,0.03333333333333333
2002,7,JH-RAN,23.3441,85.3096,0,0,0.57,-0.261,1.7221574980645162,8.0,0.5161290322580645,0.3225806451612903,0.0
2002,8,JH-RAN,23.3441,85.3096,0,0,0.63,-0.208,1.420236031935484,8.0,0.5806451612903226,0.0967741935483871,0.0
2002,9,JH-RAN,23.3441,85.3096,0,0,0.78,0.286,0.7018471730000001,2.0,0.8333333333333334,0.13333333333333333,0.0
2003,6,JH-RAN,23.3441,85.3096,0,0,-0.13,0.139,1.65106069,1.0,0.1,0.7666666666666667,0.0
2003,7,JH-RAN,23.3441,85.3096,0,0,0.09,0.131,0.992855799032258,2.0,0.7096774193548387,0.22580645161290322,0.03225806451612903
2003,8,JH-RAN,23.3441,85.3096,0,0,0.14,0.108,0.6039936987096773,6.0,0.7096774193548387,0.16129032258064516,0.0
2003,9,JH-RAN,23.3441,85.3096,0,0,0.23,-0.06,0.7902776976666667,4.0,0.6,0.0,0.0
2004,6,JH-RAN,23.3441,85.3096,0,0,0.22,-0.384,1.0188708323333333,7.0,0.26666666666666666,0.3,0.0
2004,7,JH-RAN,23.3441,85.3096,0,0,0.39,-0.301,1.611224959354839,1.0,0.3548387096774194,0.16129032258064516,0.0
2004,8,JH-RAN,23.3441,85.3096,0,0,0.54,-0.133,1.2484562670967745,6.0,0.8709677419354839,0.0967741935483871,0.0
2004,9,JH-RAN,23.3441,85.3096,0,0,0.58,-0.106,1.438454236,2.0,0.26666666666666666,0.43333333333333335,0.0
2005,6,JH-RAN,23.3441,85.3096,0,0,0.09,-0.176,0.7345759723333334,2.0,0.06666666666666667,0.6333333333333333,0.0
2005,7,JH-RAN,23.3441,85.3096,0,0,-0.04,-0.384,1.029081502903226,2.0,0.9032258064516129,0.0,0.0
2005,8,JH-RAN,23.3441,85.3096,0,0,-0.14,-0.345,0.939736100967742,1.0,0.6129032258064516,0.0967741935483871,0.0
2005,9,JH-RAN,23.3441,85.3096,0,0,-0.11,-0.534,1.522602815,8.0,0.3333333333333333,0.36666666666666664,0.0
2007,6,JH-RAN,23.3441,85.3096,0,0,-0.41,0.031,1.3529915246666666,2.0,0.3,0.5,0.0
2007,7,JH-RAN,23.3441,85.3096,0,0,-0.49,0.045,1.3795319935483872,1.0,0.7741935483870968,0.06451612903225806,0.0967741935483871
2007,8,JH-RAN,23.3441,85.3096,0,0,-0.77,0.237,0.8762567774193548,2.0,0.7419354838709677,0.0,0.0
2007,9,JH-RAN,23.3441,85.3096,0,0,-1.05,0.235,1.1761283893333332,5.0,0.4666666666666667,0.13333333333333333,0.0
2008,6,JH-RAN,23.3441,85.3096,0,0,-0.56,0.215,0.953116955,3.0,0.6666666666666666,0.16666666666666666,0.03333333333333333
2008,7,JH-RAN,23.3441,85.3096,0,0,-0.33,0.246,1.2312710548387096,1.0,1.0,0.0,0.03225806451612903
2008,8,JH-RAN,23.3441,85.3096,0,0,-0.2,0.124,1.211697393548387,2.0,0.7741935483870968,0.0,0.0
2008,9,JH-RAN,23.3441,85.3096,0,0,-0.25,0.086,1.446583400333333,5.0,0.4,0.43333333333333335,0.0
2009,6,JH-RAN,23.3441,85.3096,0,0,0.34,0.1,1.4584701413333332,8.0,0.3,0.4666666666666667,0.0
2009,7,JH-RAN,23.3441,85.3096,0,0,0.5,-0.192,0.6150665787096774,5.0,0.8064516129032258,0.0,0.0
2009,8,JH-RAN,23.3441,85.3096,0,0,0.56,-0.104,1.12875141,1.0,0.8064516129032258,0.06451612903225806,0.0
2009,9,JH-RAN,23.3441,85.3096,0,0,0.66,-0.103,1.6812911126666668,4.0,0.5666666666666667,0.13333333333333333,0.03333333333333333
2010,6,JH-RAN,23.3441,85.3096,0,0,-0.66,-0.14,1.285590429,2.0,0.03333333333333333,0.5666666666666667,0.0
2010,7,JH-RAN,23.3441,85.3096,0,0,-0.98,-0.001,1.663601914516129,1.0,0.8709677419354839,0.06451612903225806,0.0
2010,8,JH-RAN,23.3441,85.3096,0,0,-1.24,-0.061,0.747917844516129,1.0,0.3870967741935484,0.0,0.0
2010,9,JH-RAN,23.3441,85.3096,0,0,-1.43,-0.267,0.8091414173333332,1.0,0.4666666666666667,0.26666666666666666,0.03333333333333333
2011,6,JH-RAN,23.3441,85.3096,0,0,-0.34,0.055,0.6791252076666666,2.0,0.5,0.36666666666666664,0.03333333333333333
2011,7,JH-RAN,23.3441,85.3096,0,0,-0.37,0.223,1.0109919648387098,1.0,0.5483870967741935,0.12903225806451613,0.0
2011,8,JH-RAN,23.3441,85.3096,0,0,-0.5,0.344,1.011544473516129,2.0,0.8064516129032258,0.0,0.03225806451612903
2011,9,JH-RAN,23.3441,85.3096,0,0,-0.76,0.202,0.9066917783333334,3.0,1.0,0.0,0.03333333333333333
2014,6,JH-RAN,23.3441,85.3096,0,0,0.22,-0.028,1.108679051,4.0,0.3333333333333333,0.5666666666666667,0.0
2014,7,JH-RAN,23.3441,85.3096,0,0,0.07,-0.363,1.1528067432258065,6.0,0.7096774193548387,0.0,0.0
2014,8,JH-RAN,23.3441,85.3096,0,0,0.07,-0.372,1.2150309538709676,2.0,0.5161290322580645,0.12903225806451613,0.0
2014,9,JH-RAN,23.3441,85.3096,0,0,0.24,-0.145,0.649377995,4.0,0.6333333333333333,0.23333333333333334,0.0
2015,6,JH-RAN,23.3441,85.3096,0,0,1.19,0.296,1.992920383333333,4.0,0.4666666666666667,0.4,0.0
2015,7,JH-RAN,23.3441,85.3096,0,0,1.44,0.225,1.837990334516129,7.0,0.8387096774193549,0.0,0.03225806451612903
2015,8,JH-RAN,23.3441,85.3096,0,0,1.73,0.568,0.8428048241935484,8.0,0.5161290322580645,0.4838709677419355,0.0
2015,9,JH-RAN,23.3441,85.3096,0,0,2.02,0.294,0.62977513528,1.0,0.0,0.7333333333333333,0.0
2016,6,JH-RAN,23.3441,85.3096,0,0,0.09,-0.443,1.5598082686666668,4.0,0.0,0.6666666666666666,0.0
2016,7,JH-RAN,23.3441,85.3096,0,0,-0.19,-0.757,1.0086871877419354,2.0,0.45161290322580644,0.06451612903225806,0.0
2016,8,JH-RAN,23.3441,85.3096,0,0,-0.34,-0.443,1.3634238690322582,6.0,0.9032258064516129,0.06451612903225806,0.0
2016,9,JH-RAN,23.3441,85.3096,0,0,-0.42,-0.437,0.9987363606666668,5.0,0.4,0.26666666666666666,0.0
2017,6,JH-RAN,23.3441,85.3096,0,0,0.32,0.424,1.010765505,1.0,0.13333333333333333,0.3333333333333333,0.0
2017,7,JH-RAN,23.3441,85.3096,0,0,0.14,0.52,1.0194311058064516,3.0,0.9354838709677419,0.0,0.06451612903225806
2017,8,JH-RAN,23.3441,85.3096,0,0,-0.07,0.349,0.560064344016129,2.0,0.3548387096774194,0.0,0.0
2017,9,JH-RAN,23.3441,85.3096,0,0,-0.23,0.035,0.5864452456666667,4.0,0.0,0.43333333333333335,0.0
2018,6,JH-RAN,23.3441,85.3096,0,0,0.13,0.155,1.099695321,1.0,0.1,0.6666666666666666,0.0
2018,7,JH-RAN,23.3441,85.3096,0,0,0.2,0.053,1.4670566325806451,6.0,0.7096774193548387,0.1935483870967742,0.0
2018,8,JH-RAN,23.3441,85.3096,0,0,0.3,0.121,1.1604823280645162,6.0,0.4838709677419355,0.03225806451612903,0.0
2018,9,JH-RAN,23.3441,85.3096,0,0,0.52,0.604,1.0746740603333331,8.0,0.43333333333333335,0.4666666666666667,0.0
2020,6,JH-RAN,23.3441,85.3096,0,0,-0.18,0.455,1.3547168013333333,1.0,0.43333333333333335,0.2,0.0
2020,7,JH-RAN,23.3441,85.3096,0,0,-0.29,0.319,1.5012130690322585,2.0,0.6451612903225806,0.06451612903225806,0.0
2020,8,JH-RAN,23.3441,85.3096,0,0,-0.43,-0.183,1.5708076487096774,8.0,0.8387096774193549,0.03225806451612903,0.0
2020,9,JH-RAN,23.3441,85.3096,0,0,-0.77,-0.189,1.1078213236666663,4.0,0.4666666666666667,0.26666666666666666,0.0
2021,6,JH-RAN,23.3441,85.3096,0,0,-0.31,-0.002,1.2543668813333333,1.0,0.7333333333333333,0.03333333333333333,0.0
2021,7,JH-RAN,23.3441,85.3096,0,0,-0.35,-0.229,1.2697446645161292,2.0,0.7741935483870968,0.03225806451612903,0.03225806451612903
2021,8,JH-RAN,23.3441,85.3096,0,0,-0.46,-0.099,1.3328496390322582,2.0,0.7096774193548387,0.03225806451612903,0.0
2021,9,JH-RAN,23.3441,85.3096,0,0,-0.64,-0.058,1.16716908,3.0,0.6,0.3,0.0
2022,6,JH-RAN,23.3441,85.3096,0,0,-0.73,-0.335,1.7460144566666669,1.0,0.03333333333333333,0.5333333333333333,0.0
2022,7,JH-RAN,23.3441,85.3096,0,0,-0.7,-0.195,0.9906527754838708,4.0,0.6451612903225806,0.0,0.0
2022,8,JH-RAN,23.3441,85.3096,0,0,-0.78,-0.246,0.962351660967742,2.0,0.9032258064516129,0.0,0.0
2022,9,JH-RAN,23.3441,85.3096,0,0,-0.87,-0.322,0.45954351401,4.0,0.8333333333333334,0.0,0.0
2023,6,JH-RAN,23.3441,85.3096,0,0,0.73,0.665,1.1452140906,2.0,0.3333333333333333,0.6333333333333333,0.0
2023,7,JH-RAN,23.3441,85.3096,0,0,1.0,0.498,0.7976125261290323,6.0,0.5161290322580645,0.03225806451612903,0.0
2023,8,JH-RAN,23.3441,85.3096,0,0,1.25,0.826,0.9138732870967742,8.0,0.7419354838709677,0.0,0.0
2023,9,JH-RAN,23.3441,85.3096,0,0,1.5,0.946,0.8482362092433333,4.0,0.7,0.06666666666666667,0.0
1990,6,JH-DHN,23.7957,86.4304,0,0,0.25,-0.568,0.7040596286666666,6.0,0.6333333333333333,0.0,0.0
1990,7,JH-DHN,23.7957,86.4304,0,0,0.26,-0.246,0.7642434731967742,1.0,0.967741935483871,0.0,0.0
1990,8,JH-DHN,23.7957,86.4304,0,0,0.32,-0.391,0.8801470647322581,6.0,0.6129032258064516,0.22580645161290322,0.0
1990,9,JH-DHN,23.7957,86.4304,0,0,0.31,-0.183,0.775732242,3.0,0.6,0.06666666666666667,0.0
1991,6,JH-DHN,23.7957,86.4304,0,0,0.63,0.263,1.4334286633333333,5.0,0.6,0.26666666666666666,0.0
1991,7,JH-DHN,23.7957,86.4304,0,0,0.77,0.269,0.6487244419290323,6.0,0.4838709677419355,0.22580645161290322,0.0
1991,8,JH-DHN,23.7957,86.4304,0,0,0.67,0.058,1.2953001661290322,5.0,0.7741935483870968,0.0,0.03225806451612903
1991,9,JH-DHN,23.7957,86.4304,0,0,0.72,0.099,1.3728957676666669,8.0,0.6666666666666666,0.1,0.0
1992,6,JH-DHN,23.7957,86.4304,0,0,0.72,-0.861,1.0309609286666666,3.0,0.4,0.4666666666666667,0.0
1992,7,JH-DHN,23.7957,86.4304,0,0,0.35,-0.479,1.032042581935484,3.0,0.8387096774193549,0.0,0.0
1992,8,JH-DHN,23.7957,86.4304,0,0,0.08,-0.768,0.7930089680645162,5.0,0.6451612903225806,0.0,0.03225806451612903
1992,9,JH-DHN,23.7957,86.4304,0,0,-0.15,-0.833,1.1277177353333334,2.0,0.43333333333333335,0.36666666666666664,0.03333333333333333
1993,6,JH-DHN,23.7957,86.4304,0,0,0.56,-0.108,1.5129156700000002,8.0,0.6,0.1,0.0
1993,7,JH-DHN,23.7957,86.4304,0,0,0.28,-0.152,0.8503892948387097,5.0,0.6451612903225806,0.06451612903225806,0.0
1993,8,JH-DHN,23.7957,86.4304,0,0,0.22,-0.306,0.9336245306,1.0,0.7741935483870968,0.03225806451612903,0.06451612903225806
1993,9,JH-DHN,23.7957,86.4304,0,0,0.2,-0.17,0.4647173026666666,2.0,0.9666666666666667,0.0,0.03333333333333333
1995,6,JH-DHN,23.7957,86.4304,0,0,-0.11,-0.078,0.8386585686666667,2.0,0.3,0.43333333333333335,0.0
1995,7,JH-DHN,23.7957,86.4304,0,0,-0.3,-0.169,1.3968855583870967,2.0,0.8064516129032258,0.06451612903225806,0.03225806451612903
1995,8,JH-DHN,23.7957,86.4304,0,0,-0.55,-0.144,1.3320209096774194,2.0,0.7741935483870968,0.16129032258064516,0.03225806451612903
1995,9,JH-DHN,23.7957,86.4304,0,0,-0.81,-0.18,1.0134717556666666,5.0,0.7666666666666667,0.2,0.06666666666666667
1996,6,JH-DHN,23.7957,86.4304,0,0,-0.24,-0.395,1.5769545686666668,3.0,0.3333333333333333,0.4,0.03333333333333333
1996,7,JH-DHN,23.7957,86.4304,0,0,-0.22,-0.644,1.590457191935484,6.0,0.7096774193548387,0.03225806451612903,0.0
1996,8,JH-DHN,23.7957,86.4304,0,0,-0.27,-0.681,1.0089208741935485,3.0,0.8709677419354839,0.0,0.03225806451612903
1996,9,JH-DHN,23.7957,86.4304,0,0,-0.3,-0.712,1.0609203293333334,5.0,0.2,0.5666666666666667,0.0
1998,6,JH-DHN,23.7957,86.4304,0,0,-0.08,0.147,0.921335034,3.0,0.1,0.43333333333333335,0.0
1998,7,JH-DHN,23.7957,86.4304,0,0,-0.63,-0.385,0.75393639,2.0,0.9354838709677419,0.0,0.0
1998,8,JH-DHN,23.7957,86.4304,0,0,-0.83,-0.58,1.00514719,2.0,0.7096774193548387,0.16129032258064516,0.0
1998,9,JH-DHN,23.7957,86.4304,0,0,-1.02,-0.496,1.4218518516666667,8.0,0.6,0.3333333333333333,0.0
2002,6,JH-DHN,23.7957,86.4304,0,0,0.45,-0.189,1.8803833166666664,2.0,0.7666666666666667,0.0,0.0
2002,7,JH-DHN,23.7957,86.4304,0,0,0.57,-0.261,1.7221574980645162,8.0,0.7096774193548387,0.1935483870967742,0.03225806451612903
2002,8,JH-DHN,23.7957,86.4304,0,0,0.63,-0.208,1.420236031935484,8.0,0.8064516129032258,0.0967741935483871,0.03225806451612903
2002,9,JH-DHN,23.7957,86.4304,0,0,0.78,0.286,0.7018471730000001,2.0,0.7666666666666667,0.1,0.0
2003,6,JH-DHN,23.7957,86.4304,0,0,-0.13,0.139,1.65106069,1.0,0.8,0.06666666666666667,0.0
2003,7,JH-DHN,23.7957,86.4304,0,0,0.09,0.131,0.992855799032258,2.0,0.7419354838709677,0.12903225806451613,0.0
2003,8,JH-DHN,23.7957,86.4304,0,0,0.14,0.108,0.6039936987096773,6.0,0.8064516129032258,0.12903225806451613,0.0
2003,9,JH-DHN,23.7957,86.4304,0,0,0.23,-0.06,0.7902776976666667,4.0,0.6,0.23333333333333334,0.0
2004,6,JH-DHN,23.7957,86.4304,0,0,0.22,-0.384,1.0188708323333333,7.0,0.5666666666666667,0.13333333333333333,0.0
2004,7,JH-DHN,23.7957,86.4304,0,0,0.39,-0.301,1.611224959354839,1.0,0.5806451612903226,0.0967741935483871,0.0
2004,8,JH-DHN,23.7957,86.4304,0,0,0.54,-0.133,1.2484562670967745,6.0,0.967741935483871,0.0,0.0
2004,9,JH-DHN,23.7957,86.4304,0,0,0.58,-0.106,1.438454236,2.0,0.36666666666666664,0.3,0.0
2005,6,JH-DHN,23.7957,86.4304,0,0,0.09,-0.176,0.7345759723333334,2.0,0.5,0.3,0.0
2005,7,JH-DHN,23.7957,86.4304,0,0,-0.04,-0.384,1.029081502903226,2.0,1.0,0.0,0.0
2005,8,JH-DHN,23.7957,86.4304,0,0,-0.14,-0.345,0.939736100967742,1.0,0.5161290322580645,0.1935483870967742,0.0
2005,9,JH-DHN,23.7957,86.4304,0,0,-0.11,-0.534,1.522602815,8.0,0.16666666666666666,0.6666666666666666,0.0
2007,6,JH-DHN,23.7957,86.4304,0,0,-0.41,0.031,1.3529915246666666,2.0,0.43333333333333335,0.23333333333333334,0.0
2007,7,JH-DHN,23.7957,86.4304,0,0,-0.49,0.045,1.3795319935483872,1.0,0.967741935483871,0.0,0.06451612903225806
2007,8,JH-DHN,23.7957,86.4304,0,0,-0.77,0.237,0.8762567774193548,2.0,0.8709677419354839,0.0967741935483871,0.0
2007,9,JH-DHN,23.7957,86.4304,0,0,-1.05,0.235,1.1761283893333332,5.0,0.6333333333333333,0.26666666666666666,0.03333333333333333
2008,6,JH-DHN,23.7957,86.4304,0,0,-0.56,0.215,0.953116955,3.0,0.43333333333333335,0.13333333333333333,0.0
2008,7,JH-DHN,23.7957,86.4304,0,0,-0.33,0.246,1.2312710548387096,1.0,1.0,0.0,0.03225806451612903
2008,8,JH-DHN,23.7957,86.4304,0,0,-0.2,0.124,1.211697393548387,2.0,0.8709677419354839,0.06451612903225806,0.0
2008,9,JH-DHN,23.7957,86.4304,0,0,-0.25,0.086,1.446583400333333,5.0,0.7,0.16666666666666666,0.03333333333333333
2009,6,JH-DHN,23.7957,86.4304,0,0,0.34,0.1,1.4584701413333332,8.0,0.06666666666666667,0.7333333333333333,0.0
2009,7,JH-DHN,23.7957,86.4304,0,0,0.5,-0.192,0.6150665787096774,5.0,0.8709677419354839,0.0,0.0
2009,8,JH-DHN,23.7957,86.4304,0,0,0.56,-0.104,1.12875141,1.0,1.0,0.0,0.0
2009,9,JH-DHN,23.7957,86.4304,0,0,0.66,-0.103,1.6812911126666668,4.0,0.3333333333333333,0.4666666666666667,0.03333333333333333
2010,6,JH-DHN,23.7957,86.4304,0,0,-0.66,-0.14,1.285590429,2.0,0.36666666666666664,0.23333333333333334,0.0
2010,7,JH-DHN,23.7957,86.4304,0,0,-0.98,-0.001,1.663601914516129,1.0,0.5806451612903226,0.2903225806451613,0.0
2010,8,JH-DHN,23.7957,86.4304,0,0,-1.24,-0.061,0.747917844516129,1.0,0.6451612903225806,0.16129032258064516,0.0
2010,9,JH-DHN,23.7957,86.4304,0,0,-1.43,-0.267,0.8091414173333332,1.0,0.5666666666666667,0.3,0.0
2011,6,JH-DHN,23.7957,86.4304,0,0,-0.34,0.055,0.6791252076666666,2.0,0.5666666666666667,0.13333333333333333,0.03333333333333333
2011,7,JH-DHN,23.7957,86.4304,0,0,-0.37,0.223,1.0109919648387098,1.0,0.5483870967741935,0.16129032258064516,0.03225806451612903
2011,8,JH-DHN,23.7957,86.4304,0,0,-0.5,0.344,1.011544473516129,2.0,0.9032258064516129,0.03225806451612903,0.0
2011,9,JH-DHN,23.7957,86.4304,0,0,-0.76,0.202,0.9066917783333334,3.0,0.5333333333333333,0.1,0.0
2014,6,JH-DHN,23.7957,86.4304,0,0,0.22,-0.028,1.108679051,4.0,0.26666666666666666,0.4666666666666667,0.0
2014,7,JH-DHN,23.7957,86.4304,0,0,0.07,-0.363,1.1528067432258065,6.0,0.6451612903225806,0.03225806451612903,0.0
2014,8,JH-DHN,23.7957,86.4304,0,0,0.07,-0.372,1.2150309538709676,2.0,0.5483870967741935,0.03225806451612903,0.0
2014,9,JH-DHN,23.7957,86.4304,0,0,0.24,-0.145,0.649377995,4.0,0.5666666666666667,0.06666666666666667,0.0
2015,6,JH-DHN,23.7957,86.4304,0,0,1.19,0.296,1.992920383333333,4.0,0.26666666666666666,0.4666666666666667,0.03333333333333333
2015,7,JH-DHN,23.7957,86.4304,0,0,1.44,0.225,1.837990334516129,7.0,0.9032258064516129,0.0,0.0
2015,8,JH-DHN,23.7957,86.4304,0,0,1.73,0.568,0.8428048241935484,8.0,0.6774193548387096,0.25806451612903225,0.0
2015,9,JH-DHN,23.7957,86.4304,0,0,2.02,0.294,0.62977513528,1.0,0.23333333333333334,0.4666666666666667,0.0
2016,6,JH-DHN,23.7957,86.4304,0,0,0.09,-0.443,1.5598082686666668,4.0,0.43333333333333335,0.4,0.0
2016,7,JH-DHN,23.7957,86.4304,0,0,-0.19,-0.757,1.0086871877419354,2.0,0.5806451612903226,0.16129032258064516,0.03225806451612903
2016,8,JH-DHN,23.7957,86.4304,0,0,-0.34,-0.443,1.3634238690322582,6.0,0.8064516129032258,0.0967741935483871,0.06451612903225806
2016,9,JH-DHN,23.7957,86.4304,0,0,-0.42,-0.437,0.9987363606666668,5.0,0.9333333333333333,0.03333333333333333,0.13333333333333333
2017,6,JH-DHN,23.7957,86.4304,0,0,0.32,0.424,1.010765505,1.0,0.43333333333333335,0.1,0.0
2017,7,JH-DHN,23.7957,86.4304,0,0,0.14,0.52,1.0194311058064516,3.0,0.8709677419354839,0.03225806451612903,0.0967741935483871
2017,8,JH-DHN,23.7957,86.4304,0,0,-0.07,0.349,0.560064344016129,2.0,0.4838709677419355,0.1935483870967742,0.0
2017,9,JH-DHN,23.7957,86.4304,0,0,-0.23,0.035,0.5864452456666667,4.0,0.2,0.4,0.0
2018,6,JH-DHN,23.7957,86.4304,0,0,0.13,0.155,1.099695321,1.0,0.3333333333333333,0.6333333333333333,0.03333333333333333
2018,7,JH-DHN,23.7957,86.4304,0,0,0.2,0.053,1.4670566325806451,6.0,0.41935483870967744,0.0967741935483871,0.03225806451612903
2018,8,JH-DHN,23.7957,86.4304,0,0,0.3,0.121,1.1604823280645162,6.0,0.6451612903225806,0.03225806451612903,0.0
2018,9,JH-DHN,23.7957,86.4304,0,0,0.52,0.604,1.0746740603333331,8.0,0.43333333333333335,0.13333333333333333,0.0
2020,6,JH-DHN,23.7957,86.4304,0,0,-0.18,0.455,1.3547168013333333,1.0,0.4666666666666667,0.0,0.0
2020,7,JH-DHN,23.7957,86.4304,0,0,-0.29,0.319,1.5012130690322585,2.0,0.6774193548387096,0.0967741935483871,0.0
2020,8,JH-DHN,23.7957,86.4304,0,0,-0.43,-0.183,1.5708076487096774,8.0,0.6774193548387096,0.03225806451612903,0.0
2020,9,JH-DHN,23.7957,86.4304,0,0,-0.77,-0.189,1.1078213236666663,4.0,0.5,0.23333333333333334,0.03333333333333333
2021,6,JH-DHN,23.7957,86.4304,0,0,-0.31,-0.002,1.2543668813333333,1.0,0.8333333333333334,0.0,0.06666666666666667
2021,7,JH-DHN,23.7957,86.4304,0,0,-0.35,-0.229,1.2697446645161292,2.0,0.7741935483870968,0.0,0.06451612903225806
2021,8,JH-DHN,23.7957,86.4304,0,0,-0.46,-0.099,1.3328496390322582,2.0,0.9032258064516129,0.0,0.0
2021,9,JH-DHN,23.7957,86.4304,0,0,-0.64,-0.058,1.16716908,3.0,0.36666666666666664,0.06666666666666667,0.03333333333333333
2022,6,JH-DHN,23.7957,86.4304,0,0,-0.73,-0.335,1.7460144566666669,1.0,0.43333333333333335,0.26666666666666666,0.0
2022,7,JH-DHN,23.7957,86.4304,0,0,-0.7,-0.195,0.9906527754838708,4.0,0.1935483870967742,0.45161290322580644,0.0
2022,8,JH-DHN,23.7957,86.4304,0,0,-0.78,-0.246,0.962351660967742,2.0,0.8387096774193549,0.0967741935483871,0.06451612903225806
2022,9,JH-DHN,23.7957,86.4304,0,0,-0.87,-0.322,0.45954351401,4.0,0.5666666666666667,0.23333333333333334,0.0
2023,6,JH-DHN,23.7957,86.4304,0,0,0.73,0.665,1.1452140906,2.0,0.1,0.7666666666666667,0.0
2023,7,JH-DHN,23.7957,86.4304,0,0,1.0,0.498,0.7976125261290323,6.0,0.3548387096774194,0.41935483870967744,0.0
2023,8,JH-DHN,23.7957,86.4304,0,0,1.25,0.826,0.9138732870967742,8.0,0.9354838709677419,0.0,0.03225806451612903
2023,9,JH-DHN,23.7957,86.4304,0,0,1.5,0.946,0.8482362092433333,4.0,0.7,0.06666666666666667,0.0
1990,6,CG-RAI,21.2514,81.6296,0,0,0.25,-0.568,0.7040596286666666,6.0,0.5666666666666667,0.43333333333333335,0.03333333333333333
1990,7,CG-RAI,21.2514,81.6296,0,0,0.26,-0.246,0.7642434731967742,1.0,0.6774193548387096,0.0967741935483871,0.0
1990,8,CG-RAI,21.2514,81.6296,0,0,0.32,-0.391,0.8801470647322581,6.0,0.8387096774193549,0.0,0.0
1990,9,CG-RAI,21.2514,81.6296,0,0,0.31,-0.183,0.775732242,3.0,0.7333333333333333,0.16666666666666666,0.0
1991,6,CG-RAI,21.2514,81.6296,0,0,0.63,0.263,1.4334286633333333,5.0,0.4,0.5333333333333333,0.03333333333333333
1991,7,CG-RAI,21.2514,81.6296,0,0,0.77,0.269,0.6487244419290323,6.0,0.6129032258064516,0.1935483870967742,0.03225806451612903
1991,8,CG-RAI,21.2514,81.6296,0,0,0.67,0.058,1.2953001661290322,5.0,0.967741935483871,0.0,0.0
1991,9,CG-RAI,21.2514,81.6296,0,0,0.72,0.099,1.3728957676666669,8.0,0.1,0.6666666666666666,0.0
1992,6,CG-RAI,21.2514,81.6296,0,0,0.72,-0.861,1.0309609286666666,3.0,0.23333333333333334,0.6,0.0
1992,7,CG-RAI,21.2514,81.6296,0,0,0.35,-0.479,1.032042581935484,3.0,0.41935483870967744,0.12903225806451613,0.03225806451612903
1992,8,CG-RAI,21.2514,81.6296,0,0,0.08,-0.768,0.7930089680645162,5.0,0.8064516129032258,0.0,0.0967741935483871
1992,9,CG-RAI,21.2514,81.6296,0,0,-0.15,-0.833,1.1277177353333334,2.0,0.3,0.5,0.0
1993,6,CG-RAI,21.2514,81.6296,0,0,0.56,-0.108,1.5129156700000002,8.0,0.3333333333333333,0.3333333333333333,0.0
1993,7,CG-RAI,21.2514,81.6296,0,0,0.28,-0.152,0.8503892948387097,5.0,0.7096774193548387,0.0967741935483871,0.03225806451612903
1993,8,CG-RAI,21.2514,81.6296,0,0,0.22,-0.306,0.9336245306,1.0,0.6129032258064516,0.2903225806451613,0.03225806451612903
1993,9,CG-RAI,21.2514,81.6296,0,0,0.2,-0.17,0.4647173026666666,2.0,0.4666666666666667,0.3333333333333333,0.03333333333333333
1995,6,CG-RAI,21.2514,81.6296,0,0,-0.11,-0.078,0.8386585686666667,2.0,0.23333333333333334,0.6,0.0
1995,7,CG-RAI,21.2514,81.6296,0,0,-0.3,-0.169,1.3968855583870967,2.0,0.8709677419354839,0.06451612903225806,0.03225806451612903
1995,8,CG-RAI,21.2514,81.6296,0,0,-0.55,-0.144,1.3320209096774194,2.0,0.8709677419354839,0.0,0.0
1995,9,CG-RAI,21.2514,81.6296,0,0,-0.81,-0.18,1.0134717556666666,5.0,0.23333333333333334,0.5,0.03333333333333333
1996,6,CG-RAI,21.2514,81.6296,0,0,-0.24,-0.395,1.5769545686666668,3.0,0.2,0.7666666666666667,0.0
1996,7,CG-RAI,21.2514,81.6296,0,0,-0.22,-0.644,1.590457191935484,6.0,0.45161290322580644,0.0967741935483871,0.0
1996,8,CG-RAI,21.2514,81.6296,0,0,-0.27,-0.681,1.0089208741935485,3.0,0.8709677419354839,0.03225806451612903,0.03225806451612903
1996,9,CG-RAI,21.2514,81.6296,0,0,-0.3,-0.712,1.0609203293333334,5.0,0.16666666666666666,0.26666666666666666,0.0
1998,6,CG-RAI,21.2514,81.6296,0,0,-0.08,0.147,0.921335034,3.0,0.36666666666666664,0.43333333333333335,0.0
1998,7,CG-RAI,21.2514,81.6296,0,0,-0.63,-0.385,0.75393639,2.0,0.5161290322580645,0.1935483870967742,0.0
1998,8,CG-RAI,21.2514,81.6296,0,0,-0.83,-0.58,1.00514719,2.0,0.4838709677419355,0.06451612903225806,0.0
1998,9,CG-RAI,21.2514,81.6296,0,0,-1.02,-0.496,1.4218518516666667,8.0,0.6,0.3333333333333333,0.0
2002,6,CG-RAI,21.2514,81.6296,0,0,0.45,-0.189,1.8803833166666664,2.0,0.5333333333333333,0.3333333333333333,0.03333333333333333
2002,7,CG-RAI,21.2514,81.6296,0,0,0.57,-0.261,1.7221574980645162,8.0,0.25806451612903225,0.7419354838709677,0.0
2002,8,CG-RAI,21.2514,81.6296,0,0,0.63,-0.208,1.420236031935484,8.0,0.9354838709677419,0.0,0.0
2002,9,CG-RAI,21.2514,81.6296,0,0,0.78,0.286,0.7018471730000001,2.0,0.4666666666666667,0.4,0.0
2003,6,CG-RAI,21.2514,81.6296,0,0,-0.13,0.139,1.65106069,1.0,0.06666666666666667,0.6,0.0
2003,7,CG-RAI,21.2514,81.6296,0,0,0.09,0.131,0.992855799032258,2.0,1.0,0.0,0.03225806451612903
2003,8,CG-RAI,21.2514,81.6296,0,0,0.14,0.108,0.6039936987096773,6.0,1.0,0.0,0.06451612903225806
2003,9,CG-RAI,21.2514,81.6296,0,0,0.23,-0.06,0.7902776976666667,4.0,0.9,0.0,0.03333333333333333
2004,6,CG-RAI,21.2514,81.6296,0,0,0.22,-0.384,1.0188708323333333,7.0,0.3,0.6333333333333333,0.03333333333333333
2004,7,CG-RAI,21.2514,81.6296,0,0,0.39,-0.301,1.611224959354839,1.0,0.3870967741935484,0.12903225806451613,0.0
2004,8,CG-RAI,21.2514,81.6296,0,0,0.54,-0.133,1.2484562670967745,6.0,0.6451612903225806,0.12903225806451613,0.0
2004,9,CG-RAI,21.2514,81.6296,0,0,0.58,-0.106,1.438454236,2.0,0.0,0.5666666666666667,0.0
2005,6,CG-RAI,21.2514,81.6296,0,0,0.09,-0.176,0.7345759723333334,2.0,0.16666666666666666,0.8,0.0
2005,7,CG-RAI,21.2514,81.6296,0,0,-0.04,-0.384,1.029081502903226,2.0,0.8709677419354839,0.0,0.03225806451612903
2005,8,CG-RAI,21.2514,81.6296,0,0,-0.14,-0.345,0.939736100967742,1.0,0.7419354838709677,0.16129032258064516,0.06451612903225806
2005,9,CG-RAI,21.2514,81.6296,0,0,-0.11,-0.534,1.522602815,8.0,0.3333333333333333,0.5333333333333333,0.03333333333333333
2007,6,CG-RAI,21.2514,81.6296,0,0,-0.41,0.031,1.3529915246666666,2.0,0.6666666666666666,0.3333333333333333,0.03333333333333333
2007,7,CG-RAI,21.2514,81.6296,0,0,-0.49,0.045,1.3795319935483872,1.0,0.7419354838709677,0.0967741935483871,0.06451612903225806
2007,8,CG-RAI,21.2514,81.6296,0,0,-0.77,0.237,0.8762567774193548,2.0,0.7741935483870968,0.0,0.0
2007,9,CG-RAI,21.2514,81.6296,0,0,-1.05,0.235,1.1761283893333332,5.0,0.5333333333333333,0.03333333333333333,0.03333333333333333
2008,6,CG-RAI,21.2514,81.6296,0,0,-0.56,0.215,0.953116955,3.0,0.4,0.3,0.0
2008,7,CG-RAI,21.2514,81.6296,0,0,-0.33,0.246,1.2312710548387096,1.0,0.6774193548387096,0.03225806451612903,0.0
2008,8,CG-RAI,21.2514,81.6296,0,0,-0.2,0.124,1.211697393548387,2.0,0.7419354838709677,0.0,0.0
2008,9,CG-RAI,21.2514,81.6296,0,0,-0.25,0.086,1.446583400333333,5.0,0.5,0.3,0.0
2009,6,CG-RAI,21.2514,81.6296,0,0,0.34,0.1,1.4584701413333332,8.0,0.0,0.5666666666666667,0.0
2009,7,CG-RAI,21.2514,81.6296,0,0,0.5,-0.192,0.6150665787096774,5.0,0.7741935483870968,0.0,0.06451612903225806
2009,8,CG-RAI,21.2514,81.6296,0,0,0.56,-0.104,1.12875141,1.0,0.6774193548387096,0.22580645161290322,0.0
2009,9,CG-RAI,21.2514,81.6296,0,0,0.66,-0.103,1.6812911126666668,4.0,0.4,0.43333333333333335,0.0
2010,6,CG-RAI,21.2514,81.6296,0,0,-0.66,-0.14,1.285590429,2.0,0.23333333333333334,0.7,0.0
2010,7,CG-RAI,21.2514,81.6296,0,0,-0.98,-0.001,1.663601914516129,1.0,0.7096774193548387,0.06451612903225806,0.06451612903225806
2010,8,CG-RAI,21.2514,81.6296,0,0,-1.24,-0.061,0.747917844516129,1.0,0.6774193548387096,0.03225806451612903,0.0
2010,9,CG-RAI,21.2514,81.6296,0,0,-1.43,-0.267,0.8091414173333332,1.0,0.7666666666666667,0.16666666666666666,0.06666666666666667
2011,6,CG-RAI,21.2514,81.6296,0,0,-0.34,0.055,0.6791252076666666,2.0,0.16666666666666666,0.5,0.0
2011,7,CG-RAI,21.2514,81.6296,0,0,-0.37,0.223,1.0109919648387098,1.0,0.5161290322580645,0.06451612903225806,0.06451612903225806
2011,8,CG-RAI,21.2514,81.6296,0,0,-0.5,0.344,1.011544473516129,2.0,0.8387096774193549,0.0,0.0
2011,9,CG-RAI,21.2514,81.6296,0,0,-0.76,0.202,0.9066917783333334,3.0,0.7666666666666667,0.13333333333333333,0.1
2014,6,CG-RAI,21.2514,81.6296,0,0,0.22,-0.028,1.108679051,4.0,0.36666666666666664,0.4666666666666667,0.0
2014,7,CG-RAI,21.2514,81.6296,0,0,0.07,-0.363,1.1528067432258065,6.0,0.7419354838709677,0.1935483870967742,0.03225806451612903
2014,8,CG-RAI,21.2514,81.6296,0,0,0.07,-0.372,1.2150309538709676,2.0,0.6451612903225806,0.12903225806451613,0.0
2014,9,CG-RAI,21.2514,81.6296,0,0,0.24,-0.145,0.649377995,4.0,0.8333333333333334,0.13333333333333333,0.03333333333333333
2015,6,CG-RAI,21.2514,81.6296,0,0,1.19,0.296,1.992920383333333,4.0,0.5,0.23333333333333334,0.0
2015,7,CG-RAI,21.2514,81.6296,0,0,1.44,0.225,1.837990334516129,7.0,0.6774193548387096,0.12903225806451613,0.0
2015,8,CG-RAI,21.2514,81.6296,0,0,1.73,0.568,0.8428048241935484,8.0,0.6129032258064516,0.22580645161290322,0.0
2015,9,CG-RAI,21.2514,81.6296,0,0,2.02,0.294,0.62977513528,1.0,0.5333333333333333,0.43333333333333335,0.0
2016,6,CG-RAI,21.2514,81.6296,0,0,0.09,-0.443,1.5598082686666668,4.0,0.36666666666666664,0.26666666666666666,0.0
2016,7,CG-RAI,21.2514,81.6296,0,0,-0.19,-0.757,1.0086871877419354,2.0,0.9354838709677419,0.0,0.0
2016,8,CG-RAI,21.2514,81.6296,0,0,-0.34,-0.443,1.3634238690322582,6.0,0.5483870967741935,0.06451612903225806,0.0
2016,9,CG-RAI,21.2514,81.6296,0,0,-0.42,-0.437,0.9987363606666668,5.0,0.6,0.03333333333333333,0.0
2017,6,CG-RAI,21.2514,81.6296,0,0,0.32,0.424,1.010765505,1.0,0.3333333333333333,0.5,0.0
2017,7,CG-RAI,21.2514,81.6296,0,0,0.14,0.52,1.0194311058064516,3.0,0.6129032258064516,0.1935483870967742,0.0
2017,8,CG-RAI,21.2514,81.6296,0,0,-0.07,0.349,0.560064344016129,2.0,0.8064516129032258,0.12903225806451613,0.0
2017,9,CG-RAI,21.2514,81.6296,0,0,-0.23,0.035,0.5864452456666667,4.0,0.7,0.26666666666666666,0.0
2018,6,CG-RAI,21.2514,81.6296,0,0,0.13,0.155,1.099695321,1.0,0.23333333333333334,0.16666666666666666,0.0
2018,7,CG-RAI,21.2514,81.6296,0,0,0.2,0.053,1.4670566325806451,6.0,0.6774193548387096,0.22580645161290322,0.0967741935483871
2018,8,CG-RAI,21.2514,81.6296,0,0,0.3,0.121,1.1604823280645162,6.0,0.7741935483870968,0.03225806451612903,0.12903225806451613
2018,9,CG-RAI,21.2514,81.6296,0,0,0.52,0.604,1.0746740603333331,8.0,0.5666666666666667,0.4,0.0
2020,6,CG-RAI,21.2514,81.6296,0,0,-0.18,0.455,1.3547168013333333,1.0,0.26666666666666666,0.43333333333333335,0.03333333333333333
2020,7,CG-RAI,21.2514,81.6296,0,0,-0.29,0.319,1.5012130690322585,2.0,0.4838709677419355,0.06451612903225806,0.03225806451612903
2020,8,CG-RAI,21.2514,81.6296,0,0,-0.43,-0.183,1.5708076487096774,8.0,0.5161290322580645,0.0967741935483871,0.03225806451612903
2020,9,CG-RAI,21.2514,81.6296,0,0,-0.77,-0.189,1.1078213236666663,4.0,0.16666666666666666,0.43333333333333335,0.0
2021,6,CG-RAI,21.2514,81.6296,0,0,-0.31,-0.002,1.2543668813333333,1.0,0.4666666666666667,0.3,0.0
2021,7,CG-RAI,21.2514,81.6296,0,0,-0.35,-0.229,1.2697446645161292,2.0,0.5161290322580645,0.3225806451612903,0.0
2021,8,CG-RAI,21.2514,81.6296,0,0,-0.46,-0.099,1.3328496390322582,2.0,0.12903225806451613,0.5161290322580645,0.0
2021,9,CG-RAI,21.2514,81.6296,0,0,-0.64,-0.058,1.16716908,3.0,0.4666666666666667,0.03333333333333333,0.03333333333333333
2022,6,CG-RAI,21.2514,81.6296,0,0,-0.73,-0.335,1.7460144566666669,1.0,0.03333333333333333,0.6666666666666666,0.0
2022,7,CG-RAI,21.2514,81.6296,0,0,-0.7,-0.195,0.9906527754838708,4.0,0.7741935483870968,0.0,0.0
2022,8,CG-RAI,21.2514,81.6296,0,0,-0.78,-0.246,0.962351660967742,2.0,0.6774193548387096,0.06451612903225806,0.06451612903225806
2022,9,CG-RAI,21.2514,81.6296,0,0,-0.87,-0.322,0.45954351401,4.0,0.26666666666666666,0.1,0.0
2023,6,CG-RAI,21.2514,81.6296,0,0,0.73,0.665,1.1452140906,2.0,0.16666666666666666,0.8,0.03333333333333333
2023,7,CG-RAI,21.2514,81.6296,0,0,1.0,0.498,0.7976125261290323,6.0,0.5806451612903226,0.12903225806451613,0.03225806451612903
2023,8,CG-RAI,21.2514,81.6296,0,0,1.25,0.826,0.9138732870967742,8.0,0.2903225806451613,0.3870967741935484,0.03225806451612903
2023,9,CG-RAI,21.2514,81.6296,0,0,1.5,0.946,0.8482362092433333,4.0,0.6333333333333333,0.1,0.03333333333333333
1990,6,CG-BIL,22.0797,82.1409,0,0,0.25,-0.568,0.7040596286666666,6.0,0.5,0.43333333333333335,0.03333333333333333
1990,7,CG-BIL,22.0797,82.1409,0,0,0.26,-0.246,0.7642434731967742,1.0,0.8709677419354839,0.0,0.06451612903225806
1990,8,CG-BIL,22.0797,82.1409,0,0,0.32,-0.391,0.8801470647322581,6.0,0.6129032258064516,0.03225806451612903,0.0
1990,9,CG-BIL,22.0797,82.1409,0,0,0.31,-0.183,0.775732242,3.0,0.5333333333333333,0.26666666666666666,0.03333333333333333
1991,6,CG-BIL,22.0797,82.1409,0,0,0.63,0.263,1.4334286633333333,5.0,0.1,0.7333333333333333,0.0
1991,7,CG-BIL,22.0797,82.1409,0,0,0.77,0.269,0.6487244419290323,6.0,0.45161290322580644,0.2903225806451613,0.0
1991,8,CG-BIL,22.0797,82.1409,0,0,0.67,0.058,1.2953001661290322,5.0,0.9354838709677419,0.0,0.03225806451612903
1991,9,CG-BIL,22.0797,82.1409,0,0,0.72,0.099,1.3728957676666669,8.0,0.4,0.4666666666666667,0.03333333333333333
1992,6,CG-BIL,22.0797,82.1409,0,0,0.72,-0.861,1.0309609286666666,3.0,0.2,0.7,0.0
1992,7,CG-BIL,22.0797,82.1409,0,0,0.35,-0.479,1.032042581935484,3.0,0.8387096774193549,0.06451612903225806,0.0
1992,8,CG-BIL,22.0797,82.1409,0,0,0.08,-0.768,0.7930089680645162,5.0,0.967741935483871,0.0,0.0
1992,9,CG-BIL,22.0797,82.1409,0,0,-0.15,-0.833,1.1277177353333334,2.0,0.5333333333333333,0.43333333333333335,0.0
1993,6,CG-BIL,22.0797,82.1409,0,0,0.56,-0.108,1.5129156700000002,8.0,0.0,0.6333333333333333,0.0
1993,7,CG-BIL,22.0797,82.1409,0,0,0.28,-0.152,0.8503892948387097,5.0,0.8064516129032258,0.0967741935483871,0.0
1993,8,CG-BIL,22.0797,82.1409,0,0,0.22,-0.306,0.9336245306,1.0,0.7419354838709677,0.16129032258064516,0.0
1993,9,CG-BIL,22.0797,82.1409,0,0,0.2,-0.17,0.4647173026666666,2.0,0.8,0.03333333333333333,0.0
1995,6,CG-BIL,22.0797,82.1409,0,0,-0.11,-0.078,0.8386585686666667,2.0,0.16666666666666666,0.6,0.0
1995,7,CG-BIL,22.0797,82.1409,0,0,-0.3,-0.169,1.3968855583870967,2.0,0.8709677419354839,0.03225806451612903,0.0
1995,8,CG-BIL,22.0797,82.1409,0,0,-0.55,-0.144,1.3320209096774194,2.0,0.8064516129032258,0.0,0.0
1995,9,CG-BIL,22.0797,82.1409,0,0,-0.81,-0.18,1.0134717556666666,5.0,0.4,0.4666666666666667,0.0
1996,6,CG-BIL,22.0797,82.1409,0,0,-0.24,-0.395,1.5769545686666668,3.0,0.3,0.6333333333333333,0.0
1996,7,CG-BIL,22.0797,82.1409,0,0,-0.22,-0.644,1.590457191935484,6.0,0.7419354838709677,0.06451612903225806,0.06451612903225806
1996,8,CG-BIL,22.0797,82.1409,0,0,-0.27,-0.681,1.0089208741935485,3.0,0.7419354838709677,0.0,0.0
1996,9,CG-BIL,22.0797,82.1409,0,0,-0.3,-0.712,1.0609203293333334,5.0,0.5333333333333333,0.3333333333333333,0.0
1998,6,CG-BIL,22.0797,82.1409,0,0,-0.08,0.147,0.921335034,3.0,0.03333333333333333,0.7333333333333333,0.0
1998,7,CG-BIL,22.0797,82.1409,0,0,-0.63,-0.385,0.75393639,2.0,0.8064516129032258,0.1935483870967742,0.03225806451612903
1998,8,CG-BIL,22.0797,82.1409,0,0,-0.83,-0.58,1.00514719,2.0,0.7096774193548387,0.12903225806451613,0.03225806451612903
1998,9,CG-BIL,22.0797,82.1409,0,0,-1.02,-0.496,1.4218518516666667,8.0,0.6,0.16666666666666666,0.0
2002,6,CG-BIL,22.0797,82.1409,0,0,0.45,-0.189,1.8803833166666664,2.0,0.3333333333333333,0.5666666666666667,0.0
2002,7,CG-BIL,22.0797,82.1409,0,0,0.57,-0.261,1.7221574980645162,8.0,0.4838709677419355,0.2903225806451613,0.0
2002,8,CG-BIL,22.0797,82.1409,0,0,0.63,-0.208,1.420236031935484,8.0,0.9032258064516129,0.0,0.03225806451612903
2002,9,CG-BIL,22.0797,82.1409,0,0,0.78,0.286,0.7018471730000001,2.0,0.6,0.23333333333333334,0.0
2003,6,CG-BIL,22.0797,82.1409,0,0,-0.13,0.139,1.65106069,1.0,0.36666666666666664,0.6333333333333333,0.0
2003,7,CG-BIL,22.0797,82.1409,0,0,0.09,0.131,0.992855799032258,2.0,1.0,0.0,0.03225806451612903
2003,8,CG-BIL,22.0797,82.1409,0,0,0.14,0.108,0.6039936987096773,6.0,0.6774193548387096,0.0967741935483871,0.03225806451612903
2003,9,CG-BIL,22.0797,82.1409,0,0,0.23,-0.06,0.7902776976666667,4.0,1.0,0.0,0.06666666666666667
2004,6,CG-BIL,22.0797,82.1409,0,0,0.22,-0.384,1.0188708323333333,7.0,0.26666666666666666,0.6,0.03333333333333333
2004,7,CG-BIL,22.0797,82.1409,0,0,0.39,-0.301,1.611224959354839,1.0,0.5806451612903226,0.0967741935483871,0.0
2004,8,CG-BIL,22.0797,82.1409,0,0,0.54,-0.133,1.2484562670967745,6.0,0.9032258064516129,0.0967741935483871,0.03225806451612903
2004,9,CG-BIL,22.0797,82.1409,0,0,0.58,-0.106,1.438454236,2.0,0.3333333333333333,0.4666666666666667,0.0
2005,6,CG-BIL,22.0797,82.1409,0,0,0.09,-0.176,0.7345759723333334,2.0,0.2,0.6333333333333333,0.06666666666666667
2005,7,CG-BIL,22.0797,82.1409,0,0,-0.04,-0.384,1.029081502903226,2.0,0.8709677419354839,0.0,0.03225806451612903
2005,8,CG-BIL,22.0797,82.1409,0,0,-0.14,-0.345,0.939736100967742,1.0,0.7096774193548387,0.0967741935483871,0.03225806451612903
2005,9,CG-BIL,22.0797,82.1409,0,0,-0.11,-0.534,1.522602815,8.0,0.36666666666666664,0.43333333333333335,0.0
2007,6,CG-BIL,22.0797,82.1409,0,0,-0.41,0.031,1.3529915246666666,2.0,0.2,0.5666666666666667,0.03333333333333333
2007,7,CG-BIL,22.0797,82.1409,0,0,-0.49,0.045,1.3795319935483872,1.0,0.8064516129032258,0.03225806451612903,0.03225806451612903
2007,8,CG-BIL,22.0797,82.1409,0,0,-0.77,0.237,0.8762567774193548,2.0,0.8709677419354839,0.03225806451612903,0.06451612903225806
2007,9,CG-BIL,22.0797,82.1409,0,0,-1.05,0.235,1.1761283893333332,5.0,0.8,0.0,0.0
2008,6,CG-BIL,22.0797,82.1409,0,0,-0.56,0.215,0.953116955,3.0,0.36666666666666664,0.3333333333333333,0.0
2008,7,CG-BIL,22.0797,82.1409,0,0,-0.33,0.246,1.2312710548387096,1.0,0.7741935483870968,0.0967741935483871,0.0
2008,8,CG-BIL,22.0797,82.1409,0,0,-0.2,0.124,1.211697393548387,2.0,1.0,0.0,0.0
2008,9,CG-BIL,22.0797,82.1409,0,0,-0.25,0.086,1.446583400333333,5.0,0.6,0.2,0.03333333333333333
2009,6,CG-BIL,22.0797,82.1409,0,0,0.34,0.1,1.4584701413333332,8.0,0.16666666666666666,0.5666666666666667,0.0
2009,7,CG-BIL,22.0797,82.1409,0,0,0.5,-0.192,0.6150665787096774,5.0,0.8709677419354839,0.06451612903225806,0.0
2009,8,CG-BIL,22.0797,82.1409,0,0,0.56,-0.104,1.12875141,1.0,0.6774193548387096,0.25806451612903225,0.03225806451612903
2009,9,CG-BIL,22.0797,82.1409,0,0,0.66,-0.103,1.6812911126666668,4.0,0.16666666666666666,0.5333333333333333,0.0
2010,6,CG-BIL,22.0797,82.1409,0,0,-0.66,-0.14,1.285590429,2.0,0.0,0.8333333333333334,0.0
2010,7,CG-BIL,22.0797,82.1409,0,0,-0.98,-0.001,1.663601914516129,1.0,0.8387096774193549,0.03225806451612903,0.0
2010,8,CG-BIL,22.0797,82.1409,0,0,-1.24,-0.061,0.747917844516129,1.0,0.8387096774193549,0.16129032258064516,0.0
2010,9,CG-BIL,22.0797,82.1409,0,0,-1.43,-0.267,0.8091414173333332,1.0,0.7333333333333333,0.13333333333333333,0.0
2011,6,CG-BIL,22.0797,82.1409,0,0,-0.34,0.055,0.6791252076666666,2.0,0.23333333333333334,0.4,0.0
2011,7,CG-BIL,22.0797,82.1409,0,0,-0.37,0.223,1.0109919648387098,1.0,0.5806451612903226,0.12903225806451613,0.0
2011,8,CG-BIL,22.0797,82.1409,0,0,-0.5,0.344,1.011544473516129,2.0,0.8387096774193549,0.03225806451612903,0.0
2011,9,CG-BIL,22.0797,82.1409,0,0,-0.76,0.202,0.9066917783333334,3.0,0.7333333333333333,0.03333333333333333,0.03333333333333333
2014,6,CG-BIL,22.0797,82.1409,0,0,0.22,-0.028,1.108679051,4.0,0.2,0.7333333333333333,0.0
2014,7,CG-BIL,22.0797,82.1409,0,0,0.07,-0.363,1.1528067432258065,6.0,0.6451612903225806,0.12903225806451613,0.06451612903225806
2014,8,CG-BIL,22.0797,82.1409,0,0,0.07,-0.372,1.2150309538709676,2.0,0.5483870967741935,0.12903225806451613,0.03225806451612903
2014,9,CG-BIL,22.0797,82.1409,0,0,0.24,-0.145,0.649377995,4.0,0.5666666666666667,0.23333333333333334,0.03333333333333333
2015,6,CG-BIL,22.0797,82.1409,0,0,1.19,0.296,1.992920383333333,4.0,0.7333333333333333,0.23333333333333334,0.03333333333333333
2015,7,CG-BIL,22.0797,82.1409,0,0,1.44,0.225,1.837990334516129,7.0,0.9354838709677419,0.0,0.06451612903225806
2015,8,CG-BIL,22.0797,82.1409,0,0,1.73,0.568,0.8428048241935484,8.0,0.7096774193548387,0.12903225806451613,0.0
2015,9,CG-BIL,22.0797,82.1409,0,0,2.02,0.294,0.62977513528,1.0,0.5,0.43333333333333335,0.0
2016,6,CG-BIL,22.0797,82.1409,0,0,0.09,-0.443,1.5598082686666668,4.0,0.1,0.7666666666666667,0.0
2016,7,CG-BIL,22.0797,82.1409,0,0,-0.19,-0.757,1.0086871877419354,2.0,0.9354838709677419,0.0,0.06451612903225806
2016,8,CG-BIL,22.0797,82.1409,0,0,-0.34,-0.443,1.3634238690322582,6.0,0.7096774193548387,0.12903225806451613,0.03225806451612903
2016,9,CG-BIL,22.0797,82.1409,0,0,-0.42,-0.437,0.9987363606666668,5.0,0.6333333333333333,0.03333333333333333,0.03333333333333333
2017,6,CG-BIL,22.0797,82.1409,0,0,0.32,0.424,1.010765505,1.0,0.36666666666666664,0.4666666666666667,0.03333333333333333
2017,7,CG-BIL,22.0797,82.1409,0,0,0.14,0.52,1.0194311058064516,3.0,1.0,0.0,0.03225806451612903
2017,8,CG-BIL,22.0797,82.1409,0,0,-0.07,0.349,0.560064344016129,2.0,0.7096774193548387,0.03225806451612903,0.03225806451612903
2017,9,CG-BIL,22.0797,82.1409,0,0,-0.23,0.035,0.5864452456666667,4.0,0.43333333333333335,0.36666666666666664,0.0
2018,6,CG-BIL,22.0797,82.1409,0,0,0.13,0.155,1.099695321,1.0,0.36666666666666664,0.36666666666666664,0.0
2018,7,CG-BIL,22.0797,82.1409,0,0,0.2,0.053,1.4670566325806451,6.0,0.8064516129032258,0.06451612903225806,0.0
2018,8,CG-BIL,22.0797,82.1409,0,0,0.3,0.121,1.1604823280645162,6.0,0.8064516129032258,0.0,0.0
2018,9,CG-BIL,22.0797,82.1409,0,0,0.52,0.604,1.0746740603333331,8.0,0.4,0.5666666666666667,0.0
2020,6,CG-BIL,22.0797,82.1409,0,0,-0.18,0.455,1.3547168013333333,1.0,0.3,0.2,0.0
2020,7,CG-BIL,22.0797,82.1409,0,0,-0.29,0.319,1.5012130690322585,2.0,0.2903225806451613,0.22580645161290322,0.0
2020,8,CG-BIL,22.0797,82.1409,0,0,-0.43,-0.183,1.5708076487096774,8.0,0.5806451612903226,0.12903225806451613,0.03225806451612903
2020,9,CG-BIL,22.0797,82.1409,0,0,-0.77,-0.189,1.1078213236666663,4.0,0.36666666666666664,0.36666666666666664,0.03333333333333333
2021,6,CG-BIL,22.0797,82.1409,0,0,-0.31,-0.002,1.2543668813333333,1.0,0.5,0.26666666666666666,0.0
2021,7,CG-BIL,22.0797,82.1409,0,0,-0.35,-0.229,1.2697446645161292,2.0,0.7096774193548387,0.12903225806451613,0.03225806451612903
2021,8,CG-BIL,22.0797,82.1409,0,0,-0.46,-0.099,1.3328496390322582,2.0,0.6129032258064516,0.06451612903225806,0.0
2021,9,CG-BIL,22.0797,82.1409,0,0,-0.64,-0.058,1.16716908,3.0,0.7333333333333333,0.0,0.0
2022,6,CG-BIL,22.0797,82.1409,0,0,-0.73,-0.335,1.7460144566666669,1.0,0.5,0.5,0.03333333333333333
2022,7,CG-BIL,22.0797,82.1409,0,0,-0.7,-0.195,0.9906527754838708,4.0,1.0,0.0,0.06451612903225806
2022,8,CG-BIL,22.0797,82.1409,0,0,-0.78,-0.246,0.962351660967742,2.0,0.9354838709677419,0.03225806451612903,0.0
2022,9,CG-BIL,22.0797,82.1409,0,0,-0.87,-0.322,0.45954351401,4.0,0.4666666666666667,0.43333333333333335,0.0
2023,6,CG-BIL,22.0797,82.1409,0,0,0.73,0.665,1.1452140906,2.0,0.16666666666666666,0.7333333333333333,0.0
2023,7,CG-BIL,22.0797,82.1409,0,0,1.0,0.498,0.7976125261290323,6.0,0.8387096774193549,0.06451612903225806,0.0
2023,8,CG-BIL,22.0797,82.1409,0,0,1.25,0.826,0.9138732870967742,8.0,0.5161290322580645,0.3870967741935484,0.03225806451612903
2023,9,CG-BIL,22.0797,82.1409,0,0,1.5,0.946,0.8482362092433333,4.0,0.8666666666666667,0.1,0.06666666666666667
1990,6,CG-BST,19.1071,81.955,0,0,0.25,-0.568,0.7040596286666666,6.0,0.5666666666666667,0.0,0.03333333333333333
1990,7,CG-BST,19.1071,81.955,0,0,0.26,-0.246,0.7642434731967742,1.0,0.9032258064516129,0.0,0.0
1990,8,CG-BST,19.1071,81.955,0,0,0.32,-0.391,0.8801470647322581,6.0,0.8387096774193549,0.0,0.03225806451612903
1990,9,CG-BST,19.1071,81.955,0,0,0.31,-0.183,0.775732242,3.0,0.6333333333333333,0.3,0.0
1991,6,CG-BST,19.1071,81.955,0,0,0.63,0.263,1.4334286633333333,5.0,0.4666666666666667,0.2,0.0
1991,7,CG-BST,19.1071,81.955,0,0,0.77,0.269,0.6487244419290323,6.0,0.7096774193548387,0.0,0.06451612903225806
1991,8,CG-BST,19.1071,81.955,0,0,0.67,0.058,1.2953001661290322,5.0,0.9032258064516129,0.0,0.0
1991,9,CG-BST,19.1071,81.955,0,0,0.72,0.099,1.3728957676666669,8.0,0.6333333333333333,0.0,0.0
1992,6,CG-BST,19.1071,81.955,0,0,0.72,-0.861,1.0309609286666666,3.0,0.5333333333333333,0.2,0.0
1992,7,CG-BST,19.1071,81.955,0,0,0.35,-0.479,1.032042581935484,3.0,0.967741935483871,0.0,0.06451612903225806
1992,8,CG-BST,19.1071,81.955,0,0,0.08,-0.768,0.7930089680645162,5.0,0.9032258064516129,0.0,0.03225806451612903
1992,9,CG-BST,19.1071,81.955,0,0,-0.15,-0.833,1.1277177353333334,2.0,0.4666666666666667,0.4666666666666667,0.0
1993,6,CG-BST,19.1071,81.955,0,0,0.56,-0.108,1.5129156700000002,8.0,0.36666666666666664,0.23333333333333334,0.03333333333333333
1993,7,CG-BST,19.1071,81.955,0,0,0.28,-0.152,0.8503892948387097,5.0,0.8064516129032258,0.0,0.03225806451612903
1993,8,CG-BST,19.1071,81.955,0,0,0.22,-0.306,0.9336245306,1.0,0.7096774193548387,0.12903225806451613,0.0
1993,9,CG-BST,19.1071,81.955,0,0,0.2,-0.17,0.4647173026666666,2.0,0.7333333333333333,0.0,0.0
1995,6,CG-BST,19.1071,81.955,0,0,-0.11,-0.078,0.8386585686666667,2.0,0.43333333333333335,0.5333333333333333,0.0
1995,7,CG-BST,19.1071,81.955,0,0,-0.3,-0.169,1.3968855583870967,2.0,0.6451612903225806,0.16129032258064516,0.06451612903225806
1995,8,CG-BST,19.1071,81.955,0,0,-0.55,-0.144,1.3320209096774194,2.0,0.8064516129032258,0.0,0.03225806451612903
1995,9,CG-BST,19.1071,81.955,0,0,-0.81,-0.18,1.0134717556666666,5.0,0.8333333333333334,0.03333333333333333,0.0
1996,6,CG-BST,19.1071,81.955,0,0,-0.24,-0.395,1.5769545686666668,3.0,0.23333333333333334,0.4,0.0
1996,7,CG-BST,19.1071,81.955,0,0,-0.22,-0.644,1.590457191935484,6.0,0.7096774193548387,0.0,0.03225806451612903
1996,8,CG-BST,19.1071,81.955,0,0,-0.27,-0.681,1.0089208741935485,3.0,0.9032258064516129,0.0,0.0
1996,9,CG-BST,19.1071,81.955,0,0,-0.3,-0.712,1.0609203293333334,5.0,0.5,0.06666666666666667,0.0
1998,6,CG-BST,19.1071,81.955,0,0,-0.08,0.147,0.921335034,3.0,0.5,0.36666666666666664,0.0
1998,7,CG-BST,19.1071,81.955,0,0,-0.63,-0.385,0.75393639,2.0,0.967741935483871,0.0,0.03225806451612903
1998,8,CG-BST,19.1071,81.955,0,0,-0.83,-0.58,1.00514719,2.0,0.5806451612903226,0.12903225806451613,0.0
1998,9,CG-BST,19.1071,81.955,0,0,-1.02,-0.496,1.4218518516666667,8.0,0.4,0.13333333333333333,0.0
2002,6,CG-BST,19.1071,81.955,0,0,0.45,-0.189,1.8803833166666664,2.0,0.7333333333333333,0.13333333333333333,0.0
2002,7,CG-BST,19.1071,81.955,0,0,0.57,-0.261,1.7221574980645162,8.0,0.41935483870967744,0.3225806451612903,0.03225806451612903
2002,8,CG-BST,19.1071,81.955,0,0,0.63,-0.208,1.420236031935484,8.0,0.9354838709677419,0.0,0.0
2002,9,CG-BST,19.1071,81.955,0,0,0.78,0.286,0.7018471730000001,2.0,0.4,0.4,0.0
2003,6,CG-BST,19.1071,81.955,0,0,-0.13,0.139,1.65106069,1.0,0.0,0.6666666666666666,0.0
2003,7,CG-BST,19.1071,81.955,0,0,0.09,0.131,0.992855799032258,2.0,1.0,0.0,0.0
2003,8,CG-BST,19.1071,81.955,0,0,0.14,0.108,0.6039936987096773,6.0,0.967741935483871,0.0,0.0
2003,9,CG-BST,19.1071,81.955,0,0,0.23,-0.06,0.7902776976666667,4.0,0.6666666666666666,0.0,0.0
2004,6,CG-BST,19.1071,81.955,0,0,0.22,-0.384,1.0188708323333333,7.0,0.3,0.4,0.06666666666666667
2004,7,CG-BST,19.1071,81.955,0,0,0.39,-0.301,1.611224959354839,1.0,0.8709677419354839,0.0,0.0
2004,8,CG-BST,19.1071,81.955,0,0,0.54,-0.133,1.2484562670967745,6.0,0.8709677419354839,0.03225806451612903,0.0
2004,9,CG-BST,19.1071,81.955,0,0,0.58,-0.106,1.438454236,2.0,0.6,0.13333333333333333,0.0
2005,6,CG-BST,19.1071,81.955,0,0,0.09,-0.176,0.7345759723333334,2.0,0.4,0.3,0.0
2005,7,CG-BST,19.1071,81.955,0,0,-0.04,-0.384,1.029081502903226,2.0,0.967741935483871,0.0,0.0
2005,8,CG-BST,19.1071,81.955,0,0,-0.14,-0.345,0.939736100967742,1.0,0.8064516129032258,0.0,0.0
2005,9,CG-BST,19.1071,81.955,0,0,-0.11,-0.534,1.522602815,8.0,0.8333333333333334,0.13333333333333333,0.1
2007,6,CG-BST,19.1071,81.955,0,0,-0.41,0.031,1.3529915246666666,2.0,0.4666666666666667,0.1,0.1
2007,7,CG-BST,19.1071,81.955,0,0,-0.49,0.045,1.3795319935483872,1.0,0.8064516129032258,0.0,0.0
2007,8,CG-BST,19.1071,81.955,0,0,-0.77,0.237,0.8762567774193548,2.0,0.7741935483870968,0.0,0.03225806451612903
2007,9,CG-BST,19.1071,81.955,0,0,-1.05,0.235,1.1761283893333332,5.0,0.8,0.03333333333333333,0.0
2008,6,CG-BST,19.1071,81.955,0,0,-0.56,0.215,0.953116955,3.0,0.6,0.3333333333333333,0.03333333333333333
2008,7,CG-BST,19.1071,81.955,0,0,-0.33,0.246,1.2312710548387096,1.0,0.8064516129032258,0.0,0.03225806451612903
2008,8,CG-BST,19.1071,81.955,0,0,-0.2,0.124,1.211697393548387,2.0,0.967741935483871,0.0,0.0
2008,9,CG-BST,19.1071,81.955,0,0,-0.25,0.086,1.446583400333333,5.0,0.7666666666666667,0.03333333333333333,0.0
2009,6,CG-BST,19.1071,81.955,0,0,0.34,0.1,1.4584701413333332,8.0,0.4,0.13333333333333333,0.0
2009,7,CG-BST,19.1071,81.955,0,0,0.5,-0.192,0.6150665787096774,5.0,1.0,0.0,0.0967741935483871
2009,8,CG-BST,19.1071,81.955,0,0,0.56,-0.104,1.12875141,1.0,0.7419354838709677,0.22580645161290322,0.0
2009,9,CG-BST,19.1071,81.955,0,0,0.66,-0.103,1.6812911126666668,4.0,0.3333333333333333,0.36666666666666664,0.0
2010,6,CG-BST,19.1071,81.955,0,0,-0.66,-0.14,1.285590429,2.0,0.6666666666666666,0.23333333333333334,0.0
2010,7,CG-BST,19.1071,81.955,0,0,-0.98,-0.001,1.663601914516129,1.0,1.0,0.0,0.06451612903225806
2010,8,CG-BST,19.1071,81.955,0,0,-1.24,-0.061,0.747917844516129,1.0,0.9354838709677419,0.0,0.06451612903225806
2010,9,CG-BST,19.1071,81.955,0,0,-1.43,-0.267,0.8091414173333332,1.0,0.8333333333333334,0.0,0.06666666666666667
2011,6,CG-BST,19.1071,81.955,0,0,-0.34,0.055,0.6791252076666666,2.0,0.36666666666666664,0.0,0.0
2011,7,CG-BST,19.1071,81.955,0,0,-0.37,0.223,1.0109919648387098,1.0,0.8064516129032258,0.0,0.0
2011,8,CG-BST,19.1071,81.955,0,0,-0.5,0.344,1.011544473516129,2.0,0.8709677419354839,0.0,0.0
2011,9,CG-BST,19.1071,81.955,0,0,-0.76,0.202,0.9066917783333334,3.0,0.9,0.1,0.0
2014,6,CG-BST,19.1071,81.955,0,0,0.22,-0.028,1.108679051,4.0,0.4,0.1,0.0
2014,7,CG-BST,19.1071,81.955,0,0,0.07,-0.363,1.1528067432258065,6.0,0.9032258064516129,0.0,0.06451612903225806
2014,8,CG-BST,19.1071,81.955,0,0,0.07,-0.372,1.2150309538709676,2.0,0.967741935483871,0.0,0.0
2014,9,CG-BST,19.1071,81.955,0,0,0.24,-0.145,0.649377995,4.0,0.8333333333333334,0.06666666666666667,0.06666666666666667
2015,6,CG-BST,19.1071,81.955,0,0,1.19,0.296,1.992920383333333,4.0,0.7,0.13333333333333333,0.03333333333333333
2015,7,CG-BST,19.1071,81.955,0,0,1.44,0.225,1.837990334516129,7.0,0.4838709677419355,0.25806451612903225,0.0
2015,8,CG-BST,19.1071,81.955,0,0,1.73,0.568,0.8428048241935484,8.0,0.6451612903225806,0.25806451612903225,0.03225806451612903
2015,9,CG-BST,19.1071,81.955,0,0,2.02,0.294,0.62977513528,1.0,0.8,0.1,0.1
2016,6,CG-BST,19.1071,81.955,0,0,0.09,-0.443,1.5598082686666668,4.0,0.6666666666666666,0.13333333333333333,0.03333333333333333
2016,7,CG-BST,19.1071,81.955,0,0,-0.19,-0.757,1.0086871877419354,2.0,0.8387096774193549,0.0,0.06451612903225806
2016,8,CG-BST,19.1071,81.955,0,0,-0.34,-0.443,1.3634238690322582,6.0,0.8064516129032258,0.0967741935483871,0.0
2016,9,CG-BST,19.1071,81.955,0,0,-0.42,-0.437,0.9987363606666668,5.0,0.6333333333333333,0.0,0.03333333333333333
2017,6,CG-BST,19.1071,81.955,0,0,0.32,0.424,1.010765505,1.0,0.6666666666666666,0.16666666666666666,0.0
2017,7,CG-BST,19.1071,81.955,0,0,0.14,0.52,1.0194311058064516,3.0,0.5806451612903226,0.03225806451612903,0.06451612903225806
2017,8,CG-BST,19.1071,81.955,0,0,-0.07,0.349,0.560064344016129,2.0,0.9032258064516129,0.0,0.03225806451612903
2017,9,CG-BST,19.1071,81.955,0,0,-0.23,0.035,0.5864452456666667,4.0,0.4,0.06666666666666667,0.0
2018,6,CG-BST,19.1071,81.955,0,0,0.13,0.155,1.099695321,1.0,0.3333333333333333,0.3,0.0
2018,7,CG-BST,19.1071,81.955,0,0,0.2,0.053,1.4670566325806451,6.0,0.8709677419354839,0.0,0.03225806451612903
2018,8,CG-BST,19.1071,81.955,0,0,0.3,0.121,1.1604823280645162,6.0,0.8064516129032258,0.0,0.06451612903225806
2018,9,CG-BST,19.1071,81.955,0,0,0.52,0.604,1.0746740603333331,8.0,0.6333333333333333,0.16666666666666666,0.03333333333333333
2020,6,CG-BST,19.1071,81.955,0,0,-0.18,0.455,1.3547168013333333,1.0,0.7333333333333333,0.0,0.0
2020,7,CG-BST,19.1071,81.955,0,0,-0.29,0.319,1.5012130690322585,2.0,0.8709677419354839,0.0,0.0
2020,8,CG-BST,19.1071,81.955,0,0,-0.43,-0.183,1.5708076487096774,8.0,1.0,0.0,0.06451612903225806
2020,9,CG-BST,19.1071,81.955,0,0,-0.77,-0.189,1.1078213236666663,4.0,0.8,0.0,0.0
2021,6,CG-BST,19.1071,81.955,0,0,-0.31,-0.002,1.2543668813333333,1.0,0.5666666666666667,0.06666666666666667,0.0
2021,7,CG-BST,19.1071,81.955,0,0,-0.35,-0.229,1.2697446645161292,2.0,1.0,0.0,0.0
2021,8,CG-BST,19.1071,81.955,0,0,-0.46,-0.099,1.3328496390322582,2.0,0.8387096774193549,0.0,0.0
2021,9,CG-BST,19.1071,81.955,0,0,-0.64,-0.058,1.16716908,3.0,0.8333333333333334,0.0,0.0
2022,6,CG-BST,19.1071,81.955,0,0,-0.73,-0.335,1.7460144566666669,1.0,0.3,0.43333333333333335,0.0
2022,7,CG-BST,19.1071,81.955,0,0,-0.7,-0.195,0.9906527754838708,4.0,0.967741935483871,0.0,0.06451612903225806
2022,8,CG-BST,19.1071,81.955,0,0,-0.78,-0.246,0.962351660967742,2.0,0.8709677419354839,0.0,0.0967741935483871
2022,9,CG-BST,19.1071,81.955,0,0,-0.87,-0.322,0.45954351401,4.0,0.8,0.0,0.03333333333333333
2023,6,CG-BST,19.1071,81.955,0,0,0.73,0.665,1.1452140906,2.0,0.3,0.7,0.0
2023,7,CG-BST,19.1071,81.955,0,0,1.0,0.498,0.7976125261290323,6.0,0.8064516129032258,0.0967741935483871,0.03225806451612903
2023,8,CG-BST,19.1071,81.955,0,0,1.25,0.826,0.9138732870967742,8.0,0.7419354838709677,0.03225806451612903,0.0
2023,9,CG-BST,19.1071,81.955,0,0,1.5,0.946,0.8482362092433333,4.0,1.0,0.0,0.0
1990,6,PB-LUD,30.901,75.8573,0,0,0.25,-0.568,0.7040596286666666,6.0,0.0,1.0,0.0
1990,7,PB-LUD,30.901,75.8573,0,0,0.26,-0.246,0.7642434731967742,1.0,0.8709677419354839,0.0,0.0
1990,8,PB-LUD,30.901,75.8573,0,0,0.32,-0.391,0.8801470647322581,6.0,0.9032258064516129,0.0,0.0
1990,9,PB-LUD,30.901,75.8573,0,0,0.31,-0.183,0.775732242,3.0,0.36666666666666664,0.4,0.03333333333333333
1991,6,PB-LUD,30.901,75.8573,0,0,0.63,0.263,1.4334286633333333,5.0,0.2,0.4666666666666667,0.0
1991,7,PB-LUD,30.901,75.8573,0,0,0.77,0.269,0.6487244419290323,6.0,0.22580645161290322,0.41935483870967744,0.0
1991,8,PB-LUD,30.901,75.8573,0,0,0.67,0.058,1.2953001661290322,5.0,0.5483870967741935,0.16129032258064516,0.0
1991,9,PB-LUD,30.901,75.8573,0,0,0.72,0.099,1.3728957676666669,8.0,0.23333333333333334,0.4666666666666667,0.03333333333333333
1992,6,PB-LUD,30.901,75.8573,0,0,0.72,-0.861,1.0309609286666666,3.0,0.0,0.9666666666666667,0.0
1992,7,PB-LUD,30.901,75.8573,0,0,0.35,-0.479,1.032042581935484,3.0,0.0,0.1935483870967742,0.0
1992,8,PB-LUD,30.901,75.8573,0,0,0.08,-0.768,0.7930089680645162,5.0,0.5161290322580645,0.0967741935483871,0.0
1992,9,PB-LUD,30.901,75.8573,0,0,-0.15,-0.833,1.1277177353333334,2.0,0.0,0.5,0.0
1993,6,PB-LUD,30.901,75.8573,0,0,0.56,-0.108,1.5129156700000002,8.0,0.0,0.8333333333333334,0.0
1993,7,PB-LUD,30.901,75.8573,0,0,0.28,-0.152,0.8503892948387097,5.0,0.7096774193548387,0.16129032258064516,0.06451612903225806
1993,8,PB-LUD,30.901,75.8573,0,0,0.22,-0.306,0.9336245306,1.0,0.22580645161290322,0.6129032258064516,0.0
1993,9,PB-LUD,30.901,75.8573,0,0,0.2,-0.17,0.4647173026666666,2.0,0.4,0.3,0.0
1995,6,PB-LUD,30.901,75.8573,0,0,-0.11,-0.078,0.8386585686666667,2.0,0.0,0.7666666666666667,0.0
1995,7,PB-LUD,30.901,75.8573,0,0,-0.3,-0.169,1.3968855583870967,2.0,0.45161290322580644,0.22580645161290322,0.0
1995,8,PB-LUD,30.901,75.8573,0,0,-0.55,-0.144,1.3320209096774194,2.0,0.8387096774193549,0.06451612903225806,0.0
1995,9,PB-LUD,30.901,75.8573,0,0,-0.81,-0.18,1.0134717556666666,5.0,0.3,0.5333333333333333,0.1
1996,6,PB-LUD,30.901,75.8573,0,0,-0.24,-0.395,1.5769545686666668,3.0,0.03333333333333333,0.5666666666666667,0.0
1996,7,PB-LUD,30.901,75.8573,0,0,-0.22,-0.644,1.590457191935484,6.0,0.25806451612903225,0.45161290322580644,0.0
1996,8,PB-LUD,30.901,75.8573,0,0,-0.27,-0.681,1.0089208741935485,3.0,0.5161290322580645,0.3225806451612903,0.0
1996,9,PB-LUD,30.901,75.8573,0,0,-0.3,-0.712,1.0609203293333334,5.0,0.2,0.4666666666666667,0.0
1998,6,PB-LUD,30.901,75.8573,0,0,-0.08,0.147,0.921335034,3.0,0.0,0.8,0.0
1998,7,PB-LUD,30.901,75.8573,0,0,-0.63,-0.385,0.75393639,2.0,0.7741935483870968,0.0,0.0
1998,8,PB-LUD,30.901,75.8573,0,0,-0.83,-0.58,1.00514719,2.0,0.1935483870967742,0.7096774193548387,0.0
1998,9,PB-LUD,30.901,75.8573,0,0,-1.02,-0.496,1.4218518516666667,8.0,0.4666666666666667,0.3333333333333333,0.0
2002,6,PB-LUD,30.901,75.8573,0,0,0.45,-0.189,1.8803833166666664,2.0,0.0,0.7666666666666667,0.0
2002,7,PB-LUD,30.901,75.8573,0,0,0.57,-0.261,1.7221574980645162,8.0,0.2903225806451613,0.5483870967741935,0.0
2002,8,PB-LUD,30.901,75.8573,0,0,0.63,-0.208,1.420236031935484,8.0,0.22580645161290322,0.6129032258064516,0.0
2002,9,PB-LUD,30.901,75.8573,0,0,0.78,0.286,0.7018471730000001,2.0,0.5,0.3333333333333333,0.06666666666666667
2003,6,PB-LUD,30.901,75.8573,0,0,-0.13,0.139,1.65106069,1.0,0.16666666666666666,0.7666666666666667,0.0
2003,7,PB-LUD,30.901,75.8573,0,0,0.09,0.131,0.992855799032258,2.0,0.6451612903225806,0.16129032258064516,0.03225806451612903
2003,8,PB-LUD,30.901,75.8573,0,0,0.14,0.108,0.6039936987096773,6.0,0.12903225806451613,0.45161290322580644,0.0
2003,9,PB-LUD,30.901,75.8573,0,0,0.23,-0.06,0.7902776976666667,4.0,0.3,0.4666666666666667,0.03333333333333333
2004,6,PB-LUD,30.901,75.8573,0,0,0.22,-0.384,1.0188708323333333,7.0,0.1,0.5666666666666667,0.0
2004,7,PB-LUD,30.901,75.8573,0,0,0.39,-0.301,1.611224959354839,1.0,0.0,0.7741935483870968,0.0
2004,8,PB-LUD,30.901,75.8573,0,0,0.54,-0.133,1.2484562670967745,6.0,0.5161290322580645,0.0967741935483871,0.0
2004,9,PB-LUD,30.901,75.8573,0,0,0.58,-0.106,1.438454236,2.0,0.0,1.0,0.0
2005,6,PB-LUD,30.901,75.8573,0,0,0.09,-0.176,0.7345759723333334,2.0,0.0,0.9,0.0
2005,7,PB-LUD,30.901,75.8573,0,0,-0.04,-0.384,1.029081502903226,2.0,0.5161290322580645,0.16129032258064516,0.0
2005,8,PB-LUD,30.901,75.8573,0,0,-0.14,-0.345,0.939736100967742,1.0,0.7096774193548387,0.1935483870967742,0.0
2005,9,PB-LUD,30.901,75.8573,0,0,-0.11,-0.534,1.522602815,8.0,0.3333333333333333,0.6333333333333333,0.0
2007,6,PB-LUD,30.901,75.8573,0,0,-0.41,0.031,1.3529915246666666,2.0,0.23333333333333334,0.6333333333333333,0.0
2007,7,PB-LUD,30.901,75.8573,0,0,-0.49,0.045,1.3795319935483872,1.0,0.2903225806451613,0.2903225806451613,0.0
2007,8,PB-LUD,30.901,75.8573,0,0,-0.77,0.237,0.8762567774193548,2.0,0.45161290322580644,0.22580645161290322,0.03225806451612903
2007,9,PB-LUD,30.901,75.8573,0,0,-1.05,0.235,1.1761283893333332,5.0,0.06666666666666667,0.4666666666666667,0.0
2008,6,PB-LUD,30.901,75.8573,0,0,-0.56,0.215,0.953116955,3.0,0.43333333333333335,0.5,0.0
2008,7,PB-LUD,30.901,75.8573,0,0,-0.33,0.246,1.2312710548387096,1.0,0.45161290322580644,0.2903225806451613,0.0
2008,8,PB-LUD,30.901,75.8573,0,0,-0.2,0.124,1.211697393548387,2.0,0.5161290322580645,0.1935483870967742,0.06451612903225806
2008,9,PB-LUD,30.901,75.8573,0,0,-0.25,0.086,1.446583400333333,5.0,0.26666666666666666,0.36666666666666664,0.0
2009,6,PB-LUD,30.901,75.8573,0,0,0.34,0.1,1.4584701413333332,8.0,0.0,0.9666666666666667,0.0
2009,7,PB-LUD,30.901,75.8573,0,0,0.5,-0.192,0.6150665787096774,5.0,0.7741935483870968,0.16129032258064516,0.03225806451612903
2009,8,PB-LUD,30.901,75.8573,0,0,0.56,-0.104,1.12875141,1.0,0.5483870967741935,0.3548387096774194,0.03225806451612903
2009,9,PB-LUD,30.901,75.8573,0,0,0.66,-0.103,1.6812911126666668,4.0,0.23333333333333334,0.5,0.0
2010,6,PB-LUD,30.901,75.8573,0,0,-0.66,-0.14,1.285590429,2.0,0.0,1.0,0.0
2010,7,PB-LUD,30.901,75.8573,0,0,-0.98,-0.001,1.663601914516129,1.0,0.7419354838709677,0.03225806451612903,0.06451612903225806
2010,8,PB-LUD,30.901,75.8573,0,0,-1.24,-0.061,0.747917844516129,1.0,0.4838709677419355,0.0967741935483871,0.0
2010,9,PB-LUD,30.901,75.8573,0,0,-1.43,-0.267,0.8091414173333332,1.0,0.26666666666666666,0.2,0.0
2011,6,PB-LUD,30.901,75.8573,0,0,-0.34,0.055,0.6791252076666666,2.0,0.7666666666666667,0.1,0.0
2011,7,PB-LUD,30.901,75.8573,0,0,-0.37,0.223,1.0109919648387098,1.0,0.967741935483871,0.0,0.03225806451612903
2011,8,PB-LUD,30.901,75.8573,0,0,-0.5,0.344,1.011544473516129,2.0,0.7741935483870968,0.0967741935483871,0.0
2011,9,PB-LUD,30.901,75.8573,0,0,-0.76,0.202,0.9066917783333334,3.0,0.5333333333333333,0.4,0.03333333333333333
2014,6,PB-LUD,30.901,75.8573,0,0,0.22,-0.028,1.108679051,4.0,0.0,0.8333333333333334,0.0
2014,7,PB-LUD,30.901,75.8573,0,0,0.07,-0.363,1.1528067432258065,6.0,0.5806451612903226,0.2903225806451613,0.03225806451612903
2014,8,PB-LUD,30.901,75.8573,0,0,0.07,-0.372,1.2150309538709676,2.0,0.3225806451612903,0.5806451612903226,0.0
2014,9,PB-LUD,30.901,75.8573,0,0,0.24,-0.145,0.649377995,4.0,0.4,0.3333333333333333,0.0
2015,6,PB-LUD,30.901,75.8573,0,0,1.19,0.296,1.992920383333333,4.0,0.0,0.9666666666666667,0.0
2015,7,PB-LUD,30.901,75.8573,0,0,1.44,0.225,1.837990334516129,7.0,0.41935483870967744,0.3870967741935484,0.0
2015,8,PB-LUD,30.901,75.8573,0,0,1.73,0.568,0.8428048241935484,8.0,0.3870967741935484,0.41935483870967744,0.0
2015,9,PB-LUD,30.901,75.8573,0,0,2.02,0.294,0.62977513528,1.0,0.23333333333333334,0.6666666666666666,0.0
2016,6,PB-LUD,30.901,75.8573,0,0,0.09,-0.443,1.5598082686666668,4.0,0.1,0.7333333333333333,0.0
2016,7,PB-LUD,30.901,75.8573,0,0,-0.19,-0.757,1.0086871877419354,2.0,0.2903225806451613,0.12903225806451613,0.03225806451612903
2016,8,PB-LUD,30.901,75.8573,0,0,-0.34,-0.443,1.3634238690322582,6.0,0.2903225806451613,0.4838709677419355,0.0
2016,9,PB-LUD,30.901,75.8573,0,0,-0.42,-0.437,0.9987363606666668,5.0,0.0,0.9,0.0
2017,6,PB-LUD,30.901,75.8573,0,0,0.32,0.424,1.010765505,1.0,0.0,0.4666666666666667,0.0
2017,7,PB-LUD,30.901,75.8573,0,0,0.14,0.52,1.0194311058064516,3.0,0.22580645161290322,0.03225806451612903,0.0
2017,8,PB-LUD,30.901,75.8573,0,0,-0.07,0.349,0.560064344016129,2.0,0.45161290322580644,0.25806451612903225,0.0
2017,9,PB-LUD,30.901,75.8573,0,0,-0.23,0.035,0.5864452456666667,4.0,0.26666666666666666,0.7333333333333333,0.0
2018,6,PB-LUD,30.901,75.8573,0,0,0.13,0.155,1.099695321,1.0,0.06666666666666667,0.4666666666666667,0.0
2018,7,PB-LUD,30.901,75.8573,0,0,0.2,0.053,1.4670566325806451,6.0,0.7741935483870968,0.12903225806451613,0.03225806451612903
2018,8,PB-LUD,30.901,75.8573,0,0,0.3,0.121,1.1604823280645162,6.0,0.16129032258064516,0.45161290322580644,0.0
2018,9,PB-LUD,30.901,75.8573,0,0,0.52,0.604,1.0746740603333331,8.0,0.4,0.3333333333333333,0.03333333333333333
2020,6,PB-LUD,30.901,75.8573,0,0,-0.18,0.455,1.3547168013333333,1.0,0.03333333333333333,0.6333333333333333,0.0
2020,7,PB-LUD,30.901,75.8573,0,0,-0.29,0.319,1.5012130690322585,2.0,0.2903225806451613,0.45161290322580644,0.0
2020,8,PB-LUD,30.901,75.8573,0,0,-0.43,-0.183,1.5708076487096774,8.0,0.45161290322580644,0.22580645161290322,0.0
2020,9,PB-LUD,30.901,75.8573,0,0,-0.77,-0.189,1.1078213236666663,4.0,0.0,1.0,0.0
2021,6,PB-LUD,30.901,75.8573,0,0,-0.31,-0.002,1.2543668813333333,1.0,0.13333333333333333,0.23333333333333334,0.0
2021,7,PB-LUD,30.901,75.8573,0,0,-0.35,-0.229,1.2697446645161292,2.0,0.5806451612903226,0.0967741935483871,0.03225806451612903
2021,8,PB-LUD,30.901,75.8573,0,0,-0.46,-0.099,1.3328496390322582,2.0,0.3225806451612903,0.5483870967741935,0.0
2021,9,PB-LUD,30.901,75.8573,0,0,-0.64,-0.058,1.16716908,3.0,0.26666666666666666,0.4,0.0
2022,6,PB-LUD,30.901,75.8573,0,0,-0.73,-0.335,1.7460144566666669,1.0,0.06666666666666667,0.7666666666666667,0.0
2022,7,PB-LUD,30.901,75.8573,0,0,-0.7,-0.195,0.9906527754838708,4.0,0.6774193548387096,0.0,0.03225806451612903
2022,8,PB-LUD,30.901,75.8573,0,0,-0.78,-0.246,0.962351660967742,2.0,0.22580645161290322,0.7419354838709677,0.0
2022,9,PB-LUD,30.901,75.8573,0,0,-0.87,-0.322,0.45954351401,4.0,0.36666666666666664,0.5666666666666667,0.03333333333333333
2023,6,PB-LUD,30.901,75.8573,0,0,0.73,0.665,1.1452140906,2.0,0.0,0.5666666666666667,0.0
2023,7,PB-LUD,30.901,75.8573,0,0,1.0,0.498,0.7976125261290323,6.0,0.6129032258064516,0.03225806451612903,0.03225806451612903
2023,8,PB-LUD,30.901,75.8573,0,0,1.25,0.826,0.9138732870967742,8.0,0.3870967741935484,0.45161290322580644,0.0
2023,9,PB-LUD,30.901,75.8573,0,0,1.5,0.946,0.8482362092433333,4.0,0.5666666666666667,0.3,0.0
1990,6,PB-AMR,31.634,74.8723,0,0,0.25,-0.568,0.7040596286666666,6.0,0.0,0.9333333333333333,0.0
1990,7,PB-AMR,31.634,74.8723,0,0,0.26,-0.246,0.7642434731967742,1.0,0.41935483870967744,0.22580645161290322,0.06451612903225806
1990,8,PB-AMR,31.634,74.8723,0,0,0.32,-0.391,0.8801470647322581,6.0,0.7419354838709677,0.03225806451612903,0.03225806451612903
1990,9,PB-AMR,31.634,74.8723,0,0,0.31,-0.183,0.775732242,3.0,0.4,0.3,0.0
1991,6,PB-AMR,31.634,74.8723,0,0,0.63,0.263,1.4334286633333333,5.0,0.0,0.7666666666666667,0.0
1991,7,PB-AMR,31.634,74.8723,0,0,0.77,0.269,0.6487244419290323,6.0,0.41935483870967744,0.45161290322580644,0.0
1991,8,PB-AMR,31.634,74.8723,0,0,0.67,0.058,1.2953001661290322,5.0,0.22580645161290322,0.5806451612903226,0.0
1991,9,PB-AMR,31.634,74.8723,0,0,0.72,0.099,1.3728957676666669,8.0,0.4666666666666667,0.36666666666666664,0.0
1992,6,PB-AMR,31.634,74.8723,0,0,0.72,-0.861,1.0309609286666666,3.0,0.0,0.9333333333333333,0.0
1992,7,PB-AMR,31.634,74.8723,0,0,0.35,-0.479,1.032042581935484,3.0,0.5483870967741935,0.0967741935483871,0.0
1992,8,PB-AMR,31.634,74.8723,0,0,0.08,-0.768,0.7930089680645162,5.0,0.9354838709677419,0.03225806451612903,0.0
1992,9,PB-AMR,31.634,74.8723,0,0,-0.15,-0.833,1.1277177353333334,2.0,0.23333333333333334,0.5666666666666667,0.0
1993,6,PB-AMR,31.634,74.8723,0,0,0.56,-0.108,1.5129156700000002,8.0,0.23333333333333334,0.5333333333333333,0.0
1993,7,PB-AMR,31.634,74.8723,0,0,0.28,-0.152,0.8503892948387097,5.0,0.7419354838709677,0.1935483870967742,0.0967741935483871
1993,8,PB-AMR,31.634,74.8723,0,0,0.22,-0.306,0.9336245306,1.0,0.0,1.0,0.0
1993,9,PB-AMR,31.634,74.8723,0,0,0.2,-0.17,0.4647173026666666,2.0,0.23333333333333334,0.16666666666666666,0.0
1995,6,PB-AMR,31.634,74.8723,0,0,-0.11,-0.078,0.8386585686666667,2.0,0.16666666666666666,0.7,0.0
1995,7,PB-AMR,31.634,74.8723,0,0,-0.3,-0.169,1.3968855583870967,2.0,0.5806451612903226,0.2903225806451613,0.03225806451612903
1995,8,PB-AMR,31.634,74.8723,0,0,-0.55,-0.144,1.3320209096774194,2.0,0.8064516129032258,0.03225806451612903,0.03225806451612903
1995,9,PB-AMR,31.634,74.8723,0,0,-0.81,-0.18,1.0134717556666666,5.0,0.03333333333333333,0.7333333333333333,0.0
1996,6,PB-AMR,31.634,74.8723,0,0,-0.24,-0.395,1.5769545686666668,3.0,0.6,0.4,0.0
1996,7,PB-AMR,31.634,74.8723,0,0,-0.22,-0.644,1.590457191935484,6.0,0.6451612903225806,0.0967741935483871,0.0
1996,8,PB-AMR,31.634,74.8723,0,0,-0.27,-0.681,1.0089208741935485,3.0,0.6451612903225806,0.22580645161290322,0.03225806451612903
1996,9,PB-AMR,31.634,74.8723,0,0,-0.3,-0.712,1.0609203293333334,5.0,0.16666666666666666,0.5333333333333333,0.0
1998,6,PB-AMR,31.634,74.8723,0,0,-0.08,0.147,0.921335034,3.0,0.0,1.0,0.0
1998,7,PB-AMR,31.634,74.8723,0,0,-0.63,-0.385,0.75393639,2.0,0.41935483870967744,0.16129032258064516,0.0
1998,8,PB-AMR,31.634,74.8723,0,0,-0.83,-0.58,1.00514719,2.0,0.6774193548387096,0.16129032258064516,0.0
1998,9,PB-AMR,31.634,74.8723,0,0,-1.02,-0.496,1.4218518516666667,8.0,0.0,0.6666666666666666,0.0
2002,6,PB-AMR,31.634,74.8723,0,0,0.45,-0.189,1.8803833166666664,2.0,0.16666666666666666,0.43333333333333335,0.0
2002,7,PB-AMR,31.634,74.8723,0,0,0.57,-0.261,1.7221574980645162,8.0,0.22580645161290322,0.5806451612903226,0.03225806451612903
2002,8,PB-AMR,31.634,74.8723,0,0,0.63,-0.208,1.420236031935484,8.0,0.22580645161290322,0.5483870967741935,0.0
2002,9,PB-AMR,31.634,74.8723,0,0,0.78,0.286,0.7018471730000001,2.0,0.23333333333333334,0.7,0.03333333333333333
2003,6,PB-AMR,31.634,74.8723,0,0,-0.13,0.139,1.65106069,1.0,0.3,0.6666666666666666,0.0
2003,7,PB-AMR,31.634,74.8723,0,0,0.09,0.131,0.992855799032258,2.0,0.8064516129032258,0.12903225806451613,0.03225806451612903
2003,8,PB-AMR,31.634,74.8723,0,0,0.14,0.108,0.6039936987096773,6.0,0.16129032258064516,0.6129032258064516,0.0
2003,9,PB-AMR,31.634,74.8723,0,0,0.23,-0.06,0.7902776976666667,4.0,0.13333333333333333,0.4,0.0
2004,6,PB-AMR,31.634,74.8723,0,0,0.22,-0.384,1.0188708323333333,7.0,0.0,0.7666666666666667,0.0
2004,7,PB-AMR,31.634,74.8723,0,0,0.39,-0.301,1.611224959354839,1.0,0.3870967741935484,0.4838709677419355,0.0
2004,8,PB-AMR,31.634,74.8723,0,0,0.54,-0.133,1.2484562670967745,6.0,0.3870967741935484,0.1935483870967742,0.0
2004,9,PB-AMR,31.634,74.8723,0,0,0.58,-0.106,1.438454236,2.0,0.0,1.0,0.0
2005,6,PB-AMR,31.634,74.8723,0,0,0.09,-0.176,0.7345759723333334,2.0,0.0,0.9,0.0
2005,7,PB-AMR,31.634,74.8723,0,0,-0.04,-0.384,1.029081502903226,2.0,0.7741935483870968,0.12903225806451613,0.0
2005,8,PB-AMR,31.634,74.8723,0,0,-0.14,-0.345,0.939736100967742,1.0,0.2903225806451613,0.5161290322580645,0.03225806451612903
2005,9,PB-AMR,31.634,74.8723,0,0,-0.11,-0.534,1.522602815,8.0,0.3333333333333333,0.4,0.0
2007,6,PB-AMR,31.634,74.8723,0,0,-0.41,0.031,1.3529915246666666,2.0,0.3,0.5333333333333333,0.03333333333333333
2007,7,PB-AMR,31.634,74.8723,0,0,-0.49,0.045,1.3795319935483872,1.0,0.2903225806451613,0.4838709677419355,0.0
2007,8,PB-AMR,31.634,74.8723,0,0,-0.77,0.237,0.8762567774193548,2.0,0.2903225806451613,0.6451612903225806,0.0
2007,9,PB-AMR,31.634,74.8723,0,0,-1.05,0.235,1.1761283893333332,5.0,0.0,0.5333333333333333,0.0
2008,6,PB-AMR,31.634,74.8723,0,0,-0.56,0.215,0.953116955,3.0,0.5,0.16666666666666666,0.0
2008,7,PB-AMR,31.634,74.8723,0,0,-0.33,0.246,1.2312710548387096,1.0,0.06451612903225806,0.3870967741935484,0.0
2008,8,PB-AMR,31.634,74.8723,0,0,-0.2,0.124,1.211697393548387,2.0,0.9032258064516129,0.03225806451612903,0.03225806451612903
2008,9,PB-AMR,31.634,74.8723,0,0,-0.25,0.086,1.446583400333333,5.0,0.0,0.8333333333333334,0.0
2009,6,PB-AMR,31.634,74.8723,0,0,0.34,0.1,1.4584701413333332,8.0,0.0,0.9666666666666667,0.0
2009,7,PB-AMR,31.634,74.8723,0,0,0.5,-0.192,0.6150665787096774,5.0,0.3225806451612903,0.25806451612903225,0.0
2009,8,PB-AMR,31.634,74.8723,0,0,0.56,-0.104,1.12875141,1.0,0.5161290322580645,0.3870967741935484,0.0
2009,9,PB-AMR,31.634,74.8723,0,0,0.66,-0.103,1.6812911126666668,4.0,0.0,0.7666666666666667,0.0
2010,6,PB-AMR,31.634,74.8723,0,0,-0.66,-0.14,1.285590429,2.0,0.0,1.0,0.0
2010,7,PB-AMR,31.634,74.8723,0,0,-0.98,-0.001,1.663601914516129,1.0,0.4838709677419355,0.41935483870967744,0.03225806451612903
2010,8,PB-AMR,31.634,74.8723,0,0,-1.24,-0.061,0.747917844516129,1.0,0.3225806451612903,0.0967741935483871,0.0
2010,9,PB-AMR,31.634,74.8723,0,0,-1.43,-0.267,0.8091414173333332,1.0,0.23333333333333334,0.6666666666666666,0.0
2011,6,PB-AMR,31.634,74.8723,0,0,-0.34,0.055,0.6791252076666666,2.0,0.23333333333333334,0.36666666666666664,0.03333333333333333
2011,7,PB-AMR,31.634,74.8723,0,0,-0.37,0.223,1.0109919648387098,1.0,1.0,0.0,0.03225806451612903
2011,8,PB-AMR,31.634,74.8723,0,0,-0.5,0.344,1.011544473516129,2.0,0.6129032258064516,0.22580645161290322,0.0967741935483871
2011,9,PB-AMR,31.634,74.8723,0,0,-0.76,0.202,0.9066917783333334,3.0,0.4,0.4666666666666667,0.0
2014,6,PB-AMR,31.634,74.8723,0,0,0.22,-0.028,1.108679051,4.0,0.06666666666666667,0.9333333333333333,0.0
2014,7,PB-AMR,31.634,74.8723,0,0,0.07,-0.363,1.1528067432258065,6.0,0.3225806451612903,0.3870967741935484,0.0
2014,8,PB-AMR,31.634,74.8723,0,0,0.07,-0.372,1.2150309538709676,2.0,0.0967741935483871,0.5483870967741935,0.0
2014,9,PB-AMR,31.634,74.8723,0,0,0.24,-0.145,0.649377995,4.0,0.4666666666666667,0.3333333333333333,0.06666666666666667
2015,6,PB-AMR,31.634,74.8723,0,0,1.19,0.296,1.992920383333333,4.0,0.03333333333333333,0.5333333333333333,0.0
2015,7,PB-AMR,31.634,74.8723,0,0,1.44,0.225,1.837990334516129,7.0,0.41935483870967744,0.1935483870967742,0.0
2015,8,PB-AMR,31.634,74.8723,0,0,1.73,0.568,0.8428048241935484,8.0,0.3225806451612903,0.0967741935483871,0.0
2015,9,PB-AMR,31.634,74.8723,0,0,2.02,0.294,0.62977513528,1.0,0.26666666666666666,0.7333333333333333,0.0
2016,6,PB-AMR,31.634,74.8723,0,0,0.09,-0.443,1.5598082686666668,4.0,0.4,0.3333333333333333,0.0
2016,7,PB-AMR,31.634,74.8723,0,0,-0.19,-0.757,1.0086871877419354,2.0,0.6774193548387096,0.16129032258064516,0.03225806451612903
2016,8,PB-AMR,31.634,74.8723,0,0,-0.34,-0.443,1.3634238690322582,6.0,0.22580645161290322,0.2903225806451613,0.0
2016,9,PB-AMR,31.634,74.8723,0,0,-0.42,-0.437,0.9987363606666668,5.0,0.0,0.6666666666666666,0.0
2017,6,PB-AMR,31.634,74.8723,0,0,0.32,0.424,1.010765505,1.0,0.23333333333333334,0.36666666666666664,0.0
2017,7,PB-AMR,31.634,74.8723,0,0,0.14,0.52,1.0194311058064516,3.0,0.6451612903225806,0.12903225806451613,0.03225806451612903
2017,8,PB-AMR,31.634,74.8723,0,0,-0.07,0.349,0.560064344016129,2.0,0.2903225806451613,0.3870967741935484,0.0
2017,9,PB-AMR,31.634,74.8723,0,0,-0.23,0.035,0.5864452456666667,4.0,0.0,0.8,0.0
2018,6,PB-AMR,31.634,74.8723,0,0,0.13,0.155,1.099695321,1.0,0.03333333333333333,0.6666666666666666,0.0
2018,7,PB-AMR,31.634,74.8723,0,0,0.2,0.053,1.4670566325806451,6.0,0.4838709677419355,0.3225806451612903,0.03225806451612903
2018,8,PB-AMR,31.634,74.8723,0,0,0.3,0.121,1.1604823280645162,6.0,0.0967741935483871,0.3870967741935484,0.0
2018,9,PB-AMR,31.634,74.8723,0,0,0.52,0.604,1.0746740603333331,8.0,0.26666666666666666,0.5,0.03333333333333333
2020,6,PB-AMR,31.634,74.8723,0,0,-0.18,0.455,1.3547168013333333,1.0,0.0,0.7666666666666667,0.0
2020,7,PB-AMR,31.634,74.8723,0,0,-0.29,0.319,1.5012130690322585,2.0,0.5483870967741935,0.12903225806451613,0.0
2020,8,PB-AMR,31.634,74.8723,0,0,-0.43,-0.183,1.5708076487096774,8.0,0.4838709677419355,0.1935483870967742,0.0
2020,9,PB-AMR,31.634,74.8723,0,0,-0.77,-0.189,1.1078213236666663,4.0,0.1,0.6333333333333333,0.0
2021,6,PB-AMR,31.634,74.8723,0,0,-0.31,-0.002,1.2543668813333333,1.0,0.0,0.6333333333333333,0.0
2021,7,PB-AMR,31.634,74.8723,0,0,-0.35,-0.229,1.2697446645161292,2.0,0.5483870967741935,0.2903225806451613,0.0
2021,8,PB-AMR,31.634,74.8723,0,0,-0.46,-0.099,1.3328496390322582,2.0,0.16129032258064516,0.6129032258064516,0.0
2021,9,PB-AMR,31.634,74.8723,0,0,-0.64,-0.058,1.16716908,3.0,0.7333333333333333,0.16666666666666666,0.03333333333333333
2022,6,PB-AMR,31.634,74.8723,0,0,-0.73,-0.335,1.7460144566666669,1.0,0.06666666666666667,0.6,0.0
2022,7,PB-AMR,31.634,74.8723,0,0,-0.7,-0.195,0.9906527754838708,4.0,0.5483870967741935,0.3548387096774194,0.03225806451612903
2022,8,PB-AMR,31.634,74.8723,0,0,-0.78,-0.246,0.962351660967742,2.0,0.7096774193548387,0.03225806451612903,0.0
2022,9,PB-AMR,31.634,74.8723,0,0,-0.87,-0.322,0.45954351401,4.0,0.2,0.5333333333333333,0.0
2023,6,PB-AMR,31.634,74.8723,0,0,0.73,0.665,1.1452140906,2.0,0.43333333333333335,0.23333333333333334,0.06666666666666667
2023,7,PB-AMR,31.634,74.8723,0,0,1.0,0.498,0.7976125261290323,6.0,0.7419354838709677,0.22580645161290322,0.03225806451612903
2023,8,PB-AMR,31.634,74.8723,0,0,1.25,0.826,0.9138732870967742,8.0,0.22580645161290322,0.4838709677419355,0.0
2023,9,PB-AMR,31.634,74.8723,0,0,1.5,0.946,0.8482362092433333,4.0,0.3,0.5,0.0
1990,6,PB-BAT,30.211,74.9455,0,0,0.25,-0.568,0.7040596286666666,6.0,0.0,0.9666666666666667,0.0
1990,7,PB-BAT,30.211,74.9455,0,0,0.26,-0.246,0.7642434731967742,1.0,0.45161290322580644,0.5161290322580645,0.0
1990,8,PB-BAT,30.211,74.9455,0,0,0.32,-0.391,0.8801470647322581,6.0,0.0,0.6129032258064516,0.0
1990,9,PB-BAT,30.211,74.9455,0,0,0.31,-0.183,0.775732242,3.0,0.23333333333333334,0.7333333333333333,0.03333333333333333
1991,6,PB-BAT,30.211,74.9455,0,0,0.63,0.263,1.4334286633333333,5.0,0.0,1.0,0.0
1991,7,PB-BAT,30.211,74.9455,0,0,0.77,0.269,0.6487244419290323,6.0,0.0,1.0,0.0
1991,8,PB-BAT,30.211,74.9455,0,0,0.67,0.058,1.2953001661290322,5.0,0.06451612903225806,0.7419354838709677,0.0
1991,9,PB-BAT,30.211,74.9455,0,0,0.72,0.099,1.3728957676666669,8.0,0.0,1.0,0.0
1992,6,PB-BAT,30.211,74.9455,0,0,0.72,-0.861,1.0309609286666666,3.0,0.0,1.0,0.0
1992,7,PB-BAT,30.211,74.9455,0,0,0.35,-0.479,1.032042581935484,3.0,0.0,0.41935483870967744,0.0
1992,8,PB-BAT,30.211,74.9455,0,0,0.08,-0.768,0.7930089680645162,5.0,0.1935483870967742,0.7419354838709677,0.0
1992,9,PB-BAT,30.211,74.9455,0,0,-0.15,-0.833,1.1277177353333334,2.0,0.0,0.9,0.0
1993,6,PB-BAT,30.211,74.9455,0,0,0.56,-0.108,1.5129156700000002,8.0,0.0,1.0,0.0
1993,7,PB-BAT,30.211,74.9455,0,0,0.28,-0.152,0.8503892948387097,5.0,0.5161290322580645,0.3225806451612903,0.0
1993,8,PB-BAT,30.211,74.9455,0,0,0.22,-0.306,0.9336245306,1.0,0.0,1.0,0.0
1993,9,PB-BAT,30.211,74.9455,0,0,0.2,-0.17,0.4647173026666666,2.0,0.0,0.7666666666666667,0.0
1995,6,PB-BAT,30.211,74.9455,0,0,-0.11,-0.078,0.8386585686666667,2.0,0.0,0.8,0.0
1995,7,PB-BAT,30.211,74.9455,0,0,-0.3,-0.169,1.3968855583870967,2.0,0.16129032258064516,0.7419354838709677,0.0
1995,8,PB-BAT,30.211,74.9455,0,0,-0.55,-0.144,1.3320209096774194,2.0,0.3870967741935484,0.1935483870967742,0.0967741935483871
1995,9,PB-BAT,30.211,74.9455,0,0,-0.81,-0.18,1.0134717556666666,5.0,0.26666666666666666,0.6666666666666666,0.0
1996,6,PB-BAT,30.211,74.9455,0,0,-0.24,-0.395,1.5769545686666668,3.0,0.06666666666666667,0.6666666666666666,0.0
1996,7,PB-BAT,30.211,74.9455,0,0,-0.22,-0.644,1.590457191935484,6.0,0.0,0.8064516129032258,0.0
1996,8,PB-BAT,30.211,74.9455,0,0,-0.27,-0.681,1.0089208741935485,3.0,0.16129032258064516,0.7419354838709677,0.0
1996,9,PB-BAT,30.211,74.9455,0,0,-0.3,-0.712,1.0609203293333334,5.0,0.0,0.5,0.0
1998,6,PB-BAT,30.211,74.9455,0,0,-0.08,0.147,0.921335034,3.0,0.0,0.9666666666666667,0.0
1998,7,PB-BAT,30.211,74.9455,0,0,-0.63,-0.385,0.75393639,2.0,0.22580645161290322,0.5161290322580645,0.0
1998,8,PB-BAT,30.211,74.9455,0,0,-0.83,-0.58,1.00514719,2.0,0.0,1.0,0.0
1998,9,PB-BAT,30.211,74.9455,0,0,-1.02,-0.496,1.4218518516666667,8.0,0.3,0.5666666666666667,0.0
2002,6,PB-BAT,30.211,74.9455,0,0,0.45,-0.189,1.8803833166666664,2.0,0.06666666666666667,0.8666666666666667,0.0
2002,7,PB-BAT,30.211,74.9455,0,0,0.57,-0.261,1.7221574980645162,8.0,0.0,0.7741935483870968,0.0
2002,8,PB-BAT,30.211,74.9455,0,0,0.63,-0.208,1.420236031935484,8.0,0.0,1.0,0.0
2002,9,PB-BAT,30.211,74.9455,0,0,0.78,0.286,0.7018471730000001,2.0,0.3333333333333333,0.4666666666666667,0.0
2003,6,PB-BAT,30.211,74.9455,0,0,-0.13,0.139,1.65106069,1.0,0.03333333333333333,0.7333333333333333,0.0
2003,7,PB-BAT,30.211,74.9455,0,0,0.09,0.131,0.992855799032258,2.0,0.3548387096774194,0.16129032258064516,0.0
2003,8,PB-BAT,30.211,74.9455,0,0,0.14,0.108,0.6039936987096773,6.0,0.06451612903225806,0.3870967741935484,0.0
2003,9,PB-BAT,30.211,74.9455,0,0,0.23,-0.06,0.7902776976666667,4.0,0.0,0.8666666666666667,0.0
2004,6,PB-BAT,30.211,74.9455,0,0,0.22,-0.384,1.0188708323333333,7.0,0.0,0.7666666666666667,0.0
2004,7,PB-BAT,30.211,74.9455,0,0,0.39,-0.301,1.611224959354839,1.0,0.0,1.0,0.0
2004,8,PB-BAT,30.211,74.9455,0,0,0.54,-0.133,1.2484562670967745,6.0,0.22580645161290322,0.7096774193548387,0.0
2004,9,PB-BAT,30.211,74.9455,0,0,0.58,-0.106,1.438454236,2.0,0.0,1.0,0.0
2005,6,PB-BAT,30.211,74.9455,0,0,0.09,-0.176,0.7345759723333334,2.0,0.0,0.9333333333333333,0.0
2005,7,PB-BAT,30.211,74.9455,0,0,-0.04,-0.384,1.029081502903226,2.0,0.2903225806451613,0.41935483870967744,0.03225806451612903
2005,8,PB-BAT,30.211,74.9455,0,0,-0.14,-0.345,0.939736100967742,1.0,0.22580645161290322,0.7419354838709677,0.0
2005,9,PB-BAT,30.211,74.9455,0,0,-0.11,-0.534,1.522602815,8.0,0.23333333333333334,0.4,0.0
2007,6,PB-BAT,30.211,74.9455,0,0,-0.41,0.031,1.3529915246666666,2.0,0.2,0.5666666666666667,0.0
2007,7,PB-BAT,30.211,74.9455,0,0,-0.49,0.045,1.3795319935483872,1.0,0.22580645161290322,0.4838709677419355,0.0
2007,8,PB-BAT,30.211,74.9455,0,0,-0.77,0.237,0.8762567774193548,2.0,0.03225806451612903,0.6451612903225806,0.0
2007,9,PB-BAT,30.211,74.9455,0,0,-1.05,0.235,1.1761283893333332,5.0,0.0,0.7666666666666667,0.0
2008,6,PB-BAT,30.211,74.9455,0,0,-0.56,0.215,0.953116955,3.0,0.4,0.3,0.0
2008,7,PB-BAT,30.211,74.9455,0,0,-0.33,0.246,1.2312710548387096,1.0,0.22580645161290322,0.7741935483870968,0.0
2008,8,PB-BAT,30.211,74.9455,0,0,-0.2,0.124,1.211697393548387,2.0,0.3548387096774194,0.3870967741935484,0.0
2008,9,PB-BAT,30.211,74.9455,0,0,-0.25,0.086,1.446583400333333,5.0,0.23333333333333334,0.6333333333333333,0.0
2009,6,PB-BAT,30.211,74.9455,0,0,0.34,0.1,1.4584701413333332,8.0,0.0,1.0,0.0
2009,7,PB-BAT,30.211,74.9455,0,0,0.5,-0.192,0.6150665787096774,5.0,0.0,0.6451612903225806,0.0
2009,8,PB-BAT,30.211,74.9455,0,0,0.56,-0.104,1.12875141,1.0,0.0,0.8387096774193549,0.0
2009,9,PB-BAT,30.211,74.9455,0,0,0.66,-0.103,1.6812911126666668,4.0,0.0,0.5666666666666667,0.0
2010,6,PB-BAT,30.211,74.9455,0,0,-0.66,-0.14,1.285590429,2.0,0.0,0.7333333333333333,0.0
2010,7,PB-BAT,30.211,74.9455,0,0,-0.98,-0.001,1.663601914516129,1.0,0.22580645161290322,0.41935483870967744,0.0
2010,8,PB-BAT,30.211,74.9455,0,0,-1.24,-0.061,0.747917844516129,1.0,0.06451612903225806,0.5483870967741935,0.0
2010,9,PB-BAT,30.211,74.9455,0,0,-1.43,-0.267,0.8091414173333332,1.0,0.16666666666666666,0.5333333333333333,0.0
2011,6,PB-BAT,30.211,74.9455,0,0,-0.34,0.055,0.6791252076666666,2.0,0.0,1.0,0.0
2011,7,PB-BAT,30.211,74.9455,0,0,-0.37,0.223,1.0109919648387098,1.0,0.0,1.0,0.0
2011,8,PB-BAT,30.211,74.9455,0,0,-0.5,0.344,1.011544473516129,2.0,0.0,0.6774193548387096,0.0
2011,9,PB-BAT,30.211,74.9455,0,0,-0.76,0.202,0.9066917783333334,3.0,0.6,0.3,0.03333333333333333
2014,6,PB-BAT,30.211,74.9455,0,0,0.22,-0.028,1.108679051,4.0,0.1,0.7666666666666667,0.0
2014,7,PB-BAT,30.211,74.9455,0,0,0.07,-0.363,1.1528067432258065,6.0,0.0,0.6451612903225806,0.0
2014,8,PB-BAT,30.211,74.9455,0,0,0.07,-0.372,1.2150309538709676,2.0,0.0,0.9032258064516129,0.0
2014,9,PB-BAT,30.211,74.9455,0,0,0.24,-0.145,0.649377995,4.0,0.3,0.5,0.0
2015,6,PB-BAT,30.211,74.9455,0,0,1.19,0.296,1.992920383333333,4.0,0.0,0.9666666666666667,0.0
2015,7,PB-BAT,30.211,74.9455,0,0,1.44,0.225,1.837990334516129,7.0,0.22580645161290322,0.2903225806451613,0.0
2015,8,PB-BAT,30.211,74.9455,0,0,1.73,0.568,0.8428048241935484,8.0,0.16129032258064516,0.6451612903225806,0.0
2015,9,PB-BAT,30.211,74.9455,0,0,2.02,0.294,0.62977513528,1.0,0.23333333333333334,0.7333333333333333,0.0
2016,6,PB-BAT,30.211,74.9455,0,0,0.09,-0.443,1.5598082686666668,4.0,0.0,0.8333333333333334,0.0
2016,7,PB-BAT,30.211,74.9455,0,0,-0.19,-0.757,1.0086871877419354,2.0,0.3870967741935484,0.2903225806451613,0.0
2016,8,PB-BAT,30.211,74.9455,0,0,-0.34,-0.443,1.3634238690322582,6.0,0.22580645161290322,0.41935483870967744,0.03225806451612903
2016,9,PB-BAT,30.211,74.9455,0,0,-0.42,-0.437,0.9987363606666668,5.0,0.13333333333333333,0.8666666666666667,0.0
2017,6,PB-BAT,30.211,74.9455,0,0,0.32,0.424,1.010765505,1.0,0.3,0.43333333333333335,0.0
2017,7,PB-BAT,30.211,74.9455,0,0,0.14,0.52,1.0194311058064516,3.0,0.16129032258064516,0.7741935483870968,0.0
2017,8,PB-BAT,30.211,74.9455,0,0,-0.07,0.349,0.560064344016129,2.0,0.25806451612903225,0.5806451612903226,0.0
2017,9,PB-BAT,30.211,74.9455,0,0,-0.23,0.035,0.5864452456666667,4.0,0.16666666666666666,0.7666666666666667,0.0
2018,6,PB-BAT,30.211,74.9455,0,0,0.13,0.155,1.099695321,1.0,0.0,0.7666666666666667,0.0
2018,7,PB-BAT,30.211,74.9455,0,0,0.2,0.053,1.4670566325806451,6.0,0.2903225806451613,0.4838709677419355,0.0
2018,8,PB-BAT,30.211,74.9455,0,0,0.3,0.121,1.1604823280645162,6.0,0.0,0.7419354838709677,0.0
2018,9,PB-BAT,30.211,74.9455,0,0,0.52,0.604,1.0746740603333331,8.0,0.23333333333333334,0.7666666666666667,0.0
2020,6,PB-BAT,30.211,74.9455,0,0,-0.18,0.455,1.3547168013333333,1.0,0.0,0.8333333333333334,0.0
2020,7,PB-BAT,30.211,74.9455,0,0,-0.29,0.319,1.5012130690322585,2.0,0.2903225806451613,0.22580645161290322,0.03225806451612903
2020,8,PB-BAT,30.211,74.9455,0,0,-0.43,-0.183,1.5708076487096774,8.0,0.25806451612903225,0.3225806451612903,0.0
2020,9,PB-BAT,30.211,74.9455,0,0,-0.77,-0.189,1.1078213236666663,4.0,0.0,0.6666666666666666,0.0
2021,6,PB-BAT,30.211,74.9455,0,0,-0.31,-0.002,1.2543668813333333,1.0,0.0,0.7666666666666667,0.0
2021,7,PB-BAT,30.211,74.9455,0,0,-0.35,-0.229,1.2697446645161292,2.0,0.25806451612903225,0.45161290322580644,0.0
2021,8,PB-BAT,30.211,74.9455,0,0,-0.46,-0.099,1.3328496390322582,2.0,0.5483870967741935,0.3870967741935484,0.0
2021,9,PB-BAT,30.211,74.9455,0,0,-0.64,-0.058,1.16716908,3.0,0.16666666666666666,0.5333333333333333,0.0
2022,6,PB-BAT,30.211,74.9455,0,0,-0.73,-0.335,1.7460144566666669,1.0,0.0,0.8666666666666667,0.0
2022,7,PB-BAT,30.211,74.9455,0,0,-0.7,-0.195,0.9906527754838708,4.0,0.1935483870967742,0.0967741935483871,0.0
2022,8,PB-BAT,30.211,74.9455,0,0,-0.78,-0.246,0.962351660967742,2.0,0.1935483870967742,0.4838709677419355,0.0
2022,9,PB-BAT,30.211,74.9455,0,0,-0.87,-0.322,0.45954351401,4.0,0.2,0.7,0.0
2023,6,PB-BAT,30.211,74.9455,0,0,0.73,0.665,1.1452140906,2.0,0.23333333333333334,0.7666666666666667,0.0
2023,7,PB-BAT,30.211,74.9455,0,0,1.0,0.498,0.7976125261290323,6.0,0.0,0.6129032258064516,0.0
2023,8,PB-BAT,30.211,74.9455,0,0,1.25,0.826,0.9138732870967742,8.0,0.0,0.9032258064516129,0.0
2023,9,PB-BAT,30.211,74.9455,0,0,1.5,0.946,0.8482362092433333,4.0,0.0,0.9,0.0
1990,6,HR-HIS,29.1492,75.7217,0,0,0.25,-0.568,0.7040596286666666,6.0,0.0,1.0,0.0
1990,7,HR-HIS,29.1492,75.7217,0,0,0.26,-0.246,0.7642434731967742,1.0,0.45161290322580644,0.3548387096774194,0.0
1990,8,HR-HIS,29.1492,75.7217,0,0,0.32,-0.391,0.8801470647322581,6.0,0.22580645161290322,0.7741935483870968,0.0
1990,9,HR-HIS,29.1492,75.7217,0,0,0.31,-0.183,0.775732242,3.0,0.26666666666666666,0.6333333333333333,0.0
1991,6,HR-HIS,29.1492,75.7217,0,0,0.63,0.263,1.4334286633333333,5.0,0.2,0.5333333333333333,0.0
1991,7,HR-HIS,29.1492,75.7217,0,0,0.77,0.269,0.6487244419290323,6.0,0.1935483870967742,0.7741935483870968,0.0
1991,8,HR-HIS,29.1492,75.7217,0,0,0.67,0.058,1.2953001661290322,5.0,0.2903225806451613,0.45161290322580644,0.0
1991,9,HR-HIS,29.1492,75.7217,0,0,0.72,0.099,1.3728957676666669,8.0,0.1,0.8,0.0
1992,6,HR-HIS,29.1492,75.7217,0,0,0.72,-0.861,1.0309609286666666,3.0,0.0,0.9666666666666667,0.0
1992,7,HR-HIS,29.1492,75.7217,0,0,0.35,-0.479,1.032042581935484,3.0,0.22580645161290322,0.5161290322580645,0.0
1992,8,HR-HIS,29.1492,75.7217,0,0,0.08,-0.768,0.7930089680645162,5.0,0.45161290322580644,0.3870967741935484,0.0
1992,9,HR-HIS,29.1492,75.7217,0,0,-0.15,-0.833,1.1277177353333334,2.0,0.23333333333333334,0.7,0.0
1993,6,HR-HIS,29.1492,75.7217,0,0,0.56,-0.108,1.5129156700000002,8.0,0.0,1.0,0.0
1993,7,HR-HIS,29.1492,75.7217,0,0,0.28,-0.152,0.8503892948387097,5.0,0.5161290322580645,0.3548387096774194,0.03225806451612903
1993,8,HR-HIS,29.1492,75.7217,0,0,0.22,-0.306,0.9336245306,1.0,0.0,0.8064516129032258,0.0
1993,9,HR-HIS,29.1492,75.7217,0,0,0.2,-0.17,0.4647173026666666,2.0,0.23333333333333334,0.6666666666666666,0.0
1995,6,HR-HIS,29.1492,75.7217,0,0,-0.11,-0.078,0.8386585686666667,2.0,0.2,0.7333333333333333,0.0
1995,7,HR-HIS,29.1492,75.7217,0,0,-0.3,-0.169,1.3968855583870967,2.0,0.12903225806451613,0.8387096774193549,0.0
1995,8,HR-HIS,29.1492,75.7217,0,0,-0.55,-0.144,1.3320209096774194,2.0,0.6774193548387096,0.03225806451612903,0.0
1995,9,HR-HIS,29.1492,75.7217,0,0,-0.81,-0.18,1.0134717556666666,5.0,0.36666666666666664,0.6333333333333333,0.0
1996,6,HR-HIS,29.1492,75.7217,0,0,-0.24,-0.395,1.5769545686666668,3.0,0.0,0.6333333333333333,0.0
1996,7,HR-HIS,29.1492,75.7217,0,0,-0.22,-0.644,1.590457191935484,6.0,0.22580645161290322,0.6774193548387096,0.0
1996,8,HR-HIS,29.1492,75.7217,0,0,-0.27,-0.681,1.0089208741935485,3.0,0.41935483870967744,0.5161290322580645,0.0
1996,9,HR-HIS,29.1492,75.7217,0,0,-0.3,-0.712,1.0609203293333334,5.0,0.23333333333333334,0.6666666666666666,0.0
1998,6,HR-HIS,29.1492,75.7217,0,0,-0.08,0.147,0.921335034,3.0,0.0,0.7666666666666667,0.0
1998,7,HR-HIS,29.1492,75.7217,0,0,-0.63,-0.385,0.75393639,2.0,0.22580645161290322,0.2903225806451613,0.0
1998,8,HR-HIS,29.1492,75.7217,0,0,-0.83,-0.58,1.00514719,2.0,0.0,0.7741935483870968,0.0
1998,9,HR-HIS,29.1492,75.7217,0,0,-1.02,-0.496,1.4218518516666667,8.0,0.4666666666666667,0.16666666666666666,0.0
2002,6,HR-HIS,29.1492,75.7217,0,0,0.45,-0.189,1.8803833166666664,2.0,0.13333333333333333,0.8666666666666667,0.0
2002,7,HR-HIS,29.1492,75.7217,0,0,0.57,-0.261,1.7221574980645162,8.0,0.0,1.0,0.0
2002,8,HR-HIS,29.1492,75.7217,0,0,0.63,-0.208,1.420236031935484,8.0,0.0,1.0,0.0
2002,9,HR-HIS,29.1492,75.7217,0,0,0.78,0.286,0.7018471730000001,2.0,0.0,0.7666666666666667,0.0
2003,6,HR-HIS,29.1492,75.7217,0,0,-0.13,0.139,1.65106069,1.0,0.0,1.0,0.0
2003,7,HR-HIS,29.1492,75.7217,0,0,0.09,0.131,0.992855799032258,2.0,0.7419354838709677,0.12903225806451613,0.0
2003,8,HR-HIS,29.1492,75.7217,0,0,0.14,0.108,0.6039936987096773,6.0,0.12903225806451613,0.3870967741935484,0.0
2003,9,HR-HIS,29.1492,75.7217,0,0,0.23,-0.06,0.7902776976666667,4.0,0.0,0.8333333333333334,0.0
2004,6,HR-HIS,29.1492,75.7217,0,0,0.22,-0.384,1.0188708323333333,7.0,0.06666666666666667,0.7666666666666667,0.0
2004,7,HR-HIS,29.1492,75.7217,0,0,0.39,-0.301,1.611224959354839,1.0,0.0,0.967741935483871,0.0
2004,8,HR-HIS,29.1492,75.7217,0,0,0.54,-0.133,1.2484562670967745,6.0,0.1935483870967742,0.1935483870967742,0.0
2004,9,HR-HIS,29.1492,75.7217,0,0,0.58,-0.106,1.438454236,2.0,0.03333333333333333,0.7333333333333333,0.0
2005,6,HR-HIS,29.1492,75.7217,0,0,0.09,-0.176,0.7345759723333334,2.0,0.03333333333333333,0.9333333333333333,0.0
2005,7,HR-HIS,29.1492,75.7217,0,0,-0.04,-0.384,1.029081502903226,2.0,0.41935483870967744,0.5483870967741935,0.0
2005,8,HR-HIS,29.1492,75.7217,0,0,-0.14,-0.345,0.939736100967742,1.0,0.0,0.967741935483871,0.0
2005,9,HR-HIS,29.1492,75.7217,0,0,-0.11,-0.534,1.522602815,8.0,0.26666666666666666,0.6333333333333333,0.0
2007,6,HR-HIS,29.1492,75.7217,0,0,-0.41,0.031,1.3529915246666666,2.0,0.16666666666666666,0.6,0.0
2007,7,HR-HIS,29.1492,75.7217,0,0,-0.49,0.045,1.3795319935483872,1.0,0.06451612903225806,0.5483870967741935,0.0
2007,8,HR-HIS,29.1492,75.7217,0,0,-0.77,0.237,0.8762567774193548,2.0,0.22580645161290322,0.6451612903225806,0.0
2007,9,HR-HIS,29.1492,75.7217,0,0,-1.05,0.235,1.1761283893333332,5.0,0.2,0.5666666666666667,0.0
2008,6,HR-HIS,29.1492,75.7217,0,0,-0.56,0.215,0.953116955,3.0,0.4,0.4666666666666667,0.03333333333333333
2008,7,HR-HIS,29.1492,75.7217,0,0,-0.33,0.246,1.2312710548387096,1.0,0.3548387096774194,0.5806451612903226,0.0
2008,8,HR-HIS,29.1492,75.7217,0,0,-0.2,0.124,1.211697393548387,2.0,0.3225806451612903,0.3870967741935484,0.0
2008,9,HR-HIS,29.1492,75.7217,0,0,-0.25,0.086,1.446583400333333,5.0,0.26666666666666666,0.7333333333333333,0.0
2009,6,HR-HIS,29.1492,75.7217,0,0,0.34,0.1,1.4584701413333332,8.0,0.0,0.8333333333333334,0.0
2009,7,HR-HIS,29.1492,75.7217,0,0,0.5,-0.192,0.6150665787096774,5.0,0.0,0.41935483870967744,0.0
2009,8,HR-HIS,29.1492,75.7217,0,0,0.56,-0.104,1.12875141,1.0,0.0,0.9032258064516129,0.0
2009,9,HR-HIS,29.1492,75.7217,0,0,0.66,-0.103,1.6812911126666668,4.0,0.4666666666666667,0.4666666666666667,0.03333333333333333
2010,6,HR-HIS,29.1492,75.7217,0,0,-0.66,-0.14,1.285590429,2.0,0.0,0.7666666666666667,0.0
2010,7,HR-HIS,29.1492,75.7217,0,0,-0.98,-0.001,1.663601914516129,1.0,0.2903225806451613,0.3870967741935484,0.0
2010,8,HR-HIS,29.1492,75.7217,0,0,-1.24,-0.061,0.747917844516129,1.0,0.3225806451612903,0.45161290322580644,0.0
2010,9,HR-HIS,29.1492,75.7217,0,0,-1.43,-0.267,0.8091414173333332,1.0,0.1,0.13333333333333333,0.0
2011,6,HR-HIS,29.1492,75.7217,0,0,-0.34,0.055,0.6791252076666666,2.0,0.13333333333333333,0.6333333333333333,0.0
2011,7,HR-HIS,29.1492,75.7217,0,0,-0.37,0.223,1.0109919648387098,1.0,0.16129032258064516,0.7419354838709677,0.0
2011,8,HR-HIS,29.1492,75.7217,0,0,-0.5,0.344,1.011544473516129,2.0,0.6451612903225806,0.1935483870967742,0.03225806451612903
2011,9,HR-HIS,29.1492,75.7217,0,0,-0.76,0.202,0.9066917783333334,3.0,0.43333333333333335,0.4,0.06666666666666667
2014,6,HR-HIS,29.1492,75.7217,0,0,0.22,-0.028,1.108679051,4.0,0.0,0.7666666666666667,0.0
2014,7,HR-HIS,29.1492,75.7217,0,0,0.07,-0.363,1.1528067432258065,6.0,0.0,0.6774193548387096,0.0
2014,8,HR-HIS,29.1492,75.7217,0,0,0.07,-0.372,1.2150309538709676,2.0,0.03225806451612903,0.7741935483870968,0.0
2014,9,HR-HIS,29.1492,75.7217,0,0,0.24,-0.145,0.649377995,4.0,0.1,0.6333333333333333,0.0
2015,6,HR-HIS,29.1492,75.7217,0,0,1.19,0.296,1.992920383333333,4.0,0.23333333333333334,0.5666666666666667,0.0
2015,7,HR-HIS,29.1492,75.7217,0,0,1.44,0.225,1.837990334516129,7.0,0.12903225806451613,0.41935483870967744,0.0
2015,8,HR-HIS,29.1492,75.7217,0,0,1.73,0.568,0.8428048241935484,8.0,0.22580645161290322,0.7096774193548387,0.0
2015,9,HR-HIS,29.1492,75.7217,0,0,2.02,0.294,0.62977513528,1.0,0.0,1.0,0.0
2016,6,HR-HIS,29.1492,75.7217,0,0,0.09,-0.443,1.5598082686666668,4.0,0.23333333333333334,0.6,0.0
2016,7,HR-HIS,29.1492,75.7217,0,0,-0.19,-0.757,1.0086871877419354,2.0,0.4838709677419355,0.3548387096774194,0.0
2016,8,HR-HIS,29.1492,75.7217,0,0,-0.34,-0.443,1.3634238690322582,6.0,0.0967741935483871,0.8064516129032258,0.0
2016,9,HR-HIS,29.1492,75.7217,0,0,-0.42,-0.437,0.9987363606666668,5.0,0.0,0.8333333333333334,0.0
2017,6,HR-HIS,29.1492,75.7217,0,0,0.32,0.424,1.010765505,1.0,0.3,0.5666666666666667,0.0
2017,7,HR-HIS,29.1492,75.7217,0,0,0.14,0.52,1.0194311058064516,3.0,0.16129032258064516,0.6129032258064516,0.0
2017,8,HR-HIS,29.1492,75.7217,0,0,-0.07,0.349,0.560064344016129,2.0,0.0,0.7741935483870968,0.0
2017,9,HR-HIS,29.1492,75.7217,0,0,-0.23,0.035,0.5864452456666667,4.0,0.0,0.9333333333333333,0.0
2018,6,HR-HIS,29.1492,75.7217,0,0,0.13,0.155,1.099695321,1.0,0.06666666666666667,0.9,0.0
2018,7,HR-HIS,29.1492,75.7217,0,0,0.2,0.053,1.4670566325806451,6.0,0.3548387096774194,0.45161290322580644,0.0
2018,8,HR-HIS,29.1492,75.7217,0,0,0.3,0.121,1.1604823280645162,6.0,0.0,0.7419354838709677,0.0
2018,9,HR-HIS,29.1492,75.7217,0,0,0.52,0.604,1.0746740603333331,8.0,0.23333333333333334,0.7,0.0
2020,6,HR-HIS,29.1492,75.7217,0,0,-0.18,0.455,1.3547168013333333,1.0,0.0,0.8,0.0
2020,7,HR-HIS,29.1492,75.7217,0,0,-0.29,0.319,1.5012130690322585,2.0,0.3225806451612903,0.3870967741935484,0.0
2020,8,HR-HIS,29.1492,75.7217,0,0,-0.43,-0.183,1.5708076487096774,8.0,0.0,0.7741935483870968,0.0
2020,9,HR-HIS,29.1492,75.7217,0,0,-0.77,-0.189,1.1078213236666663,4.0,0.0,1.0,0.0
2021,6,HR-HIS,29.1492,75.7217,0,0,-0.31,-0.002,1.2543668813333333,1.0,0.13333333333333333,0.7333333333333333,0.0
2021,7,HR-HIS,29.1492,75.7217,0,0,-0.35,-0.229,1.2697446645161292,2.0,0.3548387096774194,0.45161290322580644,0.0
2021,8,HR-HIS,29.1492,75.7217,0,0,-0.46,-0.099,1.3328496390322582,2.0,0.1935483870967742,0.8064516129032258,0.0
2021,9,HR-HIS,29.1492,75.7217,0,0,-0.64,-0.058,1.16716908,3.0,0.4666666666666667,0.2,0.03333333333333333
2022,6,HR-HIS,29.1492,75.7217,0,0,-0.73,-0.335,1.7460144566666669,1.0,0.0,0.9,0.0
2022,7,HR-HIS,29.1492,75.7217,0,0,-0.7,-0.195,0.9906527754838708,4.0,0.4838709677419355,0.41935483870967744,0.0
2022,8,HR-HIS,29.1492,75.7217,0,0,-0.78,-0.246,0.962351660967742,2.0,0.22580645161290322,0.5161290322580645,0.0
2022,9,HR-HIS,29.1492,75.7217,0,0,-0.87,-0.322,0.45954351401,4.0,0.23333333333333334,0.7333333333333333,0.0
2023,6,HR-HIS,29.1492,75.7217,0,0,0.73,0.665,1.1452140906,2.0,0.0,0.8,0.0
2023,7,HR-HIS,29.1492,75.7217,0,0,1.0,0.498,0.7976125261290323,6.0,0.0,0.6129032258064516,0.0
2023,8,HR-HIS,29.1492,75.7217,0,0,1.25,0.826,0.9138732870967742,8.0,0.03225806451612903,0.8064516129032258,0.0
2023,9,HR-HIS,29.1492,75.7217,0,0,1.5,0.946,0.8482362092433333,4.0,0.0,1.0,0.0
1990,6,HR-KAR,29.6857,76.9905,0,0,0.25,-0.568,0.7040596286666666,6.0,0.0,0.9333333333333333,0.0
1990,7,HR-KAR,29.6857,76.9905,0,0,0.26,-0.246,0.7642434731967742,1.0,0.6129032258064516,0.06451612903225806,0.06451612903225806
1990,8,HR-KAR,29.6857,76.9905,0,0,0.32,-0.391,0.8801470647322581,6.0,0.2903225806451613,0.12903225806451613,0.0
1990,9,HR-KAR,29.6857,76.9905,0,0,0.31,-0.183,0.775732242,3.0,0.4666666666666667,0.5,0.0
1991,6,HR-KAR,29.6857,76.9905,0,0,0.63,0.263,1.4334286633333333,5.0,0.26666666666666666,0.4666666666666667,0.0
1991,7,HR-KAR,29.6857,76.9905,0,0,0.77,0.269,0.6487244419290323,6.0,0.0,1.0,0.0
1991,8,HR-KAR,29.6857,76.9905,0,0,0.67,0.058,1.2953001661290322,5.0,0.5161290322580645,0.3225806451612903,0.0
1991,9,HR-KAR,29.6857,76.9905,0,0,0.72,0.099,1.3728957676666669,8.0,0.4,0.5666666666666667,0.0
1992,6,HR-KAR,29.6857,76.9905,0,0,0.72,-0.861,1.0309609286666666,3.0,0.03333333333333333,0.8,0.0
1992,7,HR-KAR,29.6857,76.9905,0,0,0.35,-0.479,1.032042581935484,3.0,0.4838709677419355,0.3548387096774194,0.0
1992,8,HR-KAR,29.6857,76.9905,0,0,0.08,-0.768,0.7930089680645162,5.0,0.5806451612903226,0.0,0.0
1992,9,HR-KAR,29.6857,76.9905,0,0,-0.15,-0.833,1.1277177353333334,2.0,0.23333333333333334,0.5333333333333333,0.0
1993,6,HR-KAR,29.6857,76.9905,0,0,0.56,-0.108,1.5129156700000002,8.0,0.0,0.7333333333333333,0.0
1993,7,HR-KAR,29.6857,76.9905,0,0,0.28,-0.152,0.8503892948387097,5.0,0.5483870967741935,0.3548387096774194,0.0
1993,8,HR-KAR,29.6857,76.9905,0,0,0.22,-0.306,0.9336245306,1.0,0.0,1.0,0.0
1993,9,HR-KAR,29.6857,76.9905,0,0,0.2,-0.17,0.4647173026666666,2.0,0.3,0.5,0.0
1995,6,HR-KAR,29.6857,76.9905,0,0,-0.11,-0.078,0.8386585686666667,2.0,0.23333333333333334,0.7333333333333333,0.0
1995,7,HR-KAR,29.6857,76.9905,0,0,-0.3,-0.169,1.3968855583870967,2.0,0.3870967741935484,0.3225806451612903,0.0
1995,8,HR-KAR,29.6857,76.9905,0,0,-0.55,-0.144,1.3320209096774194,2.0,1.0,0.0,0.0
1995,9,HR-KAR,29.6857,76.9905,0,0,-0.81,-0.18,1.0134717556666666,5.0,0.5,0.4,0.03333333333333333
1996,6,HR-KAR,29.6857,76.9905,0,0,-0.24,-0.395,1.5769545686666668,3.0,0.1,0.5666666666666667,0.0
1996,7,HR-KAR,29.6857,76.9905,0,0,-0.22,-0.644,1.590457191935484,6.0,0.41935483870967744,0.2903225806451613,0.0
1996,8,HR-KAR,29.6857,76.9905,0,0,-0.27,-0.681,1.0089208741935485,3.0,0.9032258064516129,0.03225806451612903,0.03225806451612903
1996,9,HR-KAR,29.6857,76.9905,0,0,-0.3,-0.712,1.0609203293333334,5.0,0.4,0.4,0.0
1998,6,HR-KAR,29.6857,76.9905,0,0,-0.08,0.147,0.921335034,3.0,0.23333333333333334,0.5666666666666667,0.0
1998,7,HR-KAR,29.6857,76.9905,0,0,-0.63,-0.385,0.75393639,2.0,0.8064516129032258,0.0,0.0
1998,8,HR-KAR,29.6857,76.9905,0,0,-0.83,-0.58,1.00514719,2.0,0.5161290322580645,0.25806451612903225,0.0
1998,9,HR-KAR,29.6857,76.9905,0,0,-1.02,-0.496,1.4218518516666667,8.0,0.36666666666666664,0.3333333333333333,0.03333333333333333
2002,6,HR-KAR,29.6857,76.9905,0,0,0.45,-0.189,1.8803833166666664,2.0,0.0,0.7666666666666667,0.0
2002,7,HR-KAR,29.6857,76.9905,0,0,0.57,-0.261,1.7221574980645162,8.0,0.0,0.7741935483870968,0.0
2002,8,HR-KAR,29.6857,76.9905,0,0,0.63,-0.208,1.420236031935484,8.0,0.25806451612903225,0.4838709677419355,0.0
2002,9,HR-KAR,29.6857,76.9905,0,0,0.78,0.286,0.7018471730000001,2.0,0.5333333333333333,0.3333333333333333,0.03333333333333333
2003,6,HR-KAR,29.6857,76.9905,0,0,-0.13,0.139,1.65106069,1.0,0.03333333333333333,0.5666666666666667,0.0
2003,7,HR-KAR,29.6857,76.9905,0,0,0.09,0.131,0.992855799032258,2.0,0.5483870967741935,0.22580645161290322,0.0
2003,8,HR-KAR,29.6857,76.9905,0,0,0.14,0.108,0.6039936987096773,6.0,0.12903225806451613,0.16129032258064516,0.0
2003,9,HR-KAR,29.6857,76.9905,0,0,0.23,-0.06,0.7902776976666667,4.0,0.23333333333333334,0.6,0.0
2004,6,HR-KAR,29.6857,76.9905,0,0,0.22,-0.384,1.0188708323333333,7.0,0.2,0.5,0.0
2004,7,HR-KAR,29.6857,76.9905,0,0,0.39,-0.301,1.611224959354839,1.0,0.1935483870967742,0.22580645161290322,0.0
2004,8,HR-KAR,29.6857,76.9905,0,0,0.54,-0.133,1.2484562670967745,6.0,0.6774193548387096,0.0967741935483871,0.0
2004,9,HR-KAR,29.6857,76.9905,0,0,0.58,-0.106,1.438454236,2.0,0.23333333333333334,0.7333333333333333,0.0
2005,6,HR-KAR,29.6857,76.9905,0,0,0.09,-0.176,0.7345759723333334,2.0,0.06666666666666667,0.8666666666666667,0.0
2005,7,HR-KAR,29.6857,76.9905,0,0,-0.04,-0.384,1.029081502903226,2.0,0.3225806451612903,0.16129032258064516,0.0
2005,8,HR-KAR,29.6857,76.9905,0,0,-0.14,-0.345,0.939736100967742,1.0,0.22580645161290322,0.7096774193548387,0.0
2005,9,HR-KAR,29.6857,76.9905,0,0,-0.11,-0.534,1.522602815,8.0,0.6333333333333333,0.3,0.0
2007,6,HR-KAR,29.6857,76.9905,0,0,-0.41,0.031,1.3529915246666666,2.0,0.23333333333333334,0.7333333333333333,0.0
2007,7,HR-KAR,29.6857,76.9905,0,0,-0.49,0.045,1.3795319935483872,1.0,0.22580645161290322,0.3870967741935484,0.0
2007,8,HR-KAR,29.6857,76.9905,0,0,-0.77,0.237,0.8762567774193548,2.0,0.03225806451612903,0.25806451612903225,0.0
2007,9,HR-KAR,29.6857,76.9905,0,0,-1.05,0.235,1.1761283893333332,5.0,0.23333333333333334,0.3333333333333333,0.0
2008,6,HR-KAR,29.6857,76.9905,0,0,-0.56,0.215,0.953116955,3.0,0.23333333333333334,0.16666666666666666,0.0
2008,7,HR-KAR,29.6857,76.9905,0,0,-0.33,0.246,1.2312710548387096,1.0,0.45161290322580644,0.1935483870967742,0.0
2008,8,HR-KAR,29.6857,76.9905,0,0,-0.2,0.124,1.211697393548387,2.0,0.5483870967741935,0.41935483870967744,0.0
2008,9,HR-KAR,29.6857,76.9905,0,0,-0.25,0.086,1.446583400333333,5.0,0.23333333333333334,0.7,0.0
2009,6,HR-KAR,29.6857,76.9905,0,0,0.34,0.1,1.4584701413333332,8.0,0.0,0.9666666666666667,0.0
2009,7,HR-KAR,29.6857,76.9905,0,0,0.5,-0.192,0.6150665787096774,5.0,0.25806451612903225,0.45161290322580644,0.0
2009,8,HR-KAR,29.6857,76.9905,0,0,0.56,-0.104,1.12875141,1.0,0.25806451612903225,0.4838709677419355,0.0
2009,9,HR-KAR,29.6857,76.9905,0,0,0.66,-0.103,1.6812911126666668,4.0,0.4666666666666667,0.4,0.03333333333333333
2010,6,HR-KAR,29.6857,76.9905,0,0,-0.66,-0.14,1.285590429,2.0,0.0,0.8,0.0
2010,7,HR-KAR,29.6857,76.9905,0,0,-0.98,-0.001,1.663601914516129,1.0,0.7741935483870968,0.0,0.03225806451612903
2010,8,HR-KAR,29.6857,76.9905,0,0,-1.24,-0.061,0.747917844516129,1.0,0.6774193548387096,0.1935483870967742,0.0
2010,9,HR-KAR,29.6857,76.9905,0,0,-1.43,-0.267,0.8091414173333332,1.0,0.5,0.16666666666666666,0.0
2011,6,HR-KAR,29.6857,76.9905,0,0,-0.34,0.055,0.6791252076666666,2.0,0.16666666666666666,0.4666666666666667,0.0
2011,7,HR-KAR,29.6857,76.9905,0,0,-0.37,0.223,1.0109919648387098,1.0,0.41935483870967744,0.3870967741935484,0.0
2011,8,HR-KAR,29.6857,76.9905,0,0,-0.5,0.344,1.011544473516129,2.0,0.25806451612903225,0.22580645161290322,0.0
2011,9,HR-KAR,29.6857,76.9905,0,0,-0.76,0.202,0.9066917783333334,3.0,0.4666666666666667,0.5333333333333333,0.03333333333333333
2014,6,HR-KAR,29.6857,76.9905,0,0,0.22,-0.028,1.108679051,4.0,0.23333333333333334,0.7666666666666667,0.0
2014,7,HR-KAR,29.6857,76.9905,0,0,0.07,-0.363,1.1528067432258065,6.0,0.45161290322580644,0.5483870967741935,0.0
2014,8,HR-KAR,29.6857,76.9905,0,0,0.07,-0.372,1.2150309538709676,2.0,0.03225806451612903,0.6451612903225806,0.0
2014,9,HR-KAR,29.6857,76.9905,0,0,0.24,-0.145,0.649377995,4.0,0.3333333333333333,0.4,0.03333333333333333
2015,6,HR-KAR,29.6857,76.9905,0,0,1.19,0.296,1.992920383333333,4.0,0.2,0.6666666666666666,0.0
2015,7,HR-KAR,29.6857,76.9905,0,0,1.44,0.225,1.837990334516129,7.0,0.45161290322580644,0.3548387096774194,0.03225806451612903
2015,8,HR-KAR,29.6857,76.9905,0,0,1.73,0.568,0.8428048241935484,8.0,0.22580645161290322,0.5483870967741935,0.0
2015,9,HR-KAR,29.6857,76.9905,0,0,2.02,0.294,0.62977513528,1.0,0.16666666666666666,0.7,0.0
2016,6,HR-KAR,29.6857,76.9905,0,0,0.09,-0.443,1.5598082686666668,4.0,0.0,1.0,0.0
2016,7,HR-KAR,29.6857,76.9905,0,0,-0.19,-0.757,1.0086871877419354,2.0,0.5806451612903226,0.3548387096774194,0.0
2016,8,HR-KAR,29.6857,76.9905,0,0,-0.34,-0.443,1.3634238690322582,6.0,0.7419354838709677,0.06451612903225806,0.0
2016,9,HR-KAR,29.6857,76.9905,0,0,-0.42,-0.437,0.9987363606666668,5.0,0.06666666666666667,0.8,0.0
2017,6,HR-KAR,29.6857,76.9905,0,0,0.32,0.424,1.010765505,1.0,0.1,0.6,0.0
2017,7,HR-KAR,29.6857,76.9905,0,0,0.14,0.52,1.0194311058064516,3.0,0.1935483870967742,0.6129032258064516,0.0
2017,8,HR-KAR,29.6857,76.9905,0,0,-0.07,0.349,0.560064344016129,2.0,0.41935483870967744,0.22580645161290322,0.0
2017,9,HR-KAR,29.6857,76.9905,0,0,-0.23,0.035,0.5864452456666667,4.0,0.4666666666666667,0.5,0.03333333333333333
2018,6,HR-KAR,29.6857,76.9905,0,0,0.13,0.155,1.099695321,1.0,0.5,0.4,0.03333333333333333
2018,7,HR-KAR,29.6857,76.9905,0,0,0.2,0.053,1.4670566325806451,6.0,0.7741935483870968,0.0967741935483871,0.03225806451612903
2018,8,HR-KAR,29.6857,76.9905,0,0,0.3,0.121,1.1604823280645162,6.0,0.8709677419354839,0.0,0.0
2018,9,HR-KAR,29.6857,76.9905,0,0,0.52,0.604,1.0746740603333331,8.0,0.5333333333333333,0.26666666666666666,0.03333333333333333
2020,6,HR-KAR,29.6857,76.9905,0,0,-0.18,0.455,1.3547168013333333,1.0,0.4666666666666667,0.3,0.0
2020,7,HR-KAR,29.6857,76.9905,0,0,-0.29,0.319,1.5012130690322585,2.0,0.8387096774193549,0.16129032258064516,0.06451612903225806
2020,8,HR-KAR,29.6857,76.9905,0,0,-0.43,-0.183,1.5708076487096774,8.0,0.8387096774193549,0.12903225806451613,0.0
2020,9,HR-KAR,29.6857,76.9905,0,0,-0.77,-0.189,1.1078213236666663,4.0,0.13333333333333333,0.8666666666666667,0.0
2021,6,HR-KAR,29.6857,76.9905,0,0,-0.31,-0.002,1.2543668813333333,1.0,0.1,0.43333333333333335,0.0
2021,7,HR-KAR,29.6857,76.9905,0,0,-0.35,-0.229,1.2697446645161292,2.0,0.5806451612903226,0.41935483870967744,0.06451612903225806
2021,8,HR-KAR,29.6857,76.9905,0,0,-0.46,-0.099,1.3328496390322582,2.0,0.3870967741935484,0.3225806451612903,0.0
2021,9,HR-KAR,29.6857,76.9905,0,0,-0.64,-0.058,1.16716908,3.0,0.5666666666666667,0.2,0.03333333333333333
2022,6,HR-KAR,29.6857,76.9905,0,0,-0.73,-0.335,1.7460144566666669,1.0,0.2,0.7333333333333333,0.0
2022,7,HR-KAR,29.6857,76.9905,0,0,-0.7,-0.195,0.9906527754838708,4.0,0.5483870967741935,0.0967741935483871,0.03225806451612903
2022,8,HR-KAR,29.6857,76.9905,0,0,-0.78,-0.246,0.962351660967742,2.0,0.3870967741935484,0.5161290322580645,0.0
2022,9,HR-KAR,29.6857,76.9905,0,0,-0.87,-0.322,0.45954351401,4.0,0.4666666666666667,0.5,0.03333333333333333
2023,6,HR-KAR,29.6857,76.9905,0,0,0.73,0.665,1.1452140906,2.0,0.2,0.5333333333333333,0.0
2023,7,HR-KAR,29.6857,76.9905,0,0,1.0,0.498,0.7976125261290323,6.0,0.6451612903225806,0.12903225806451613,0.06451612903225806
2023,8,HR-KAR,29.6857,76.9905,0,0,1.25,0.826,0.9138732870967742,8.0,0.4838709677419355,0.3548387096774194,0.0
2023,9,HR-KAR,29.6857,76.9905,0,0,1.5,0.946,0.8482362092433333,4.0,0.0,0.7666666666666667,0.0
1990,6,HP-SML,31.1048,77.1734,0,0,0.25,-0.568,0.7040596286666666,6.0,0.13333333333333333,0.7333333333333333,0.0
1990,7,HP-SML,31.1048,77.1734,0,0,0.26,-0.246,0.7642434731967742,1.0,0.41935483870967744,0.03225806451612903,0.0
1990,8,HP-SML,31.1048,77.1734,0,0,0.32,-0.391,0.8801470647322581,6.0,0.45161290322580644,0.1935483870967742,0.0
1990,9,HP-SML,31.1048,77.1734,0,0,0.31,-0.183,0.775732242,3.0,0.36666666666666664,0.16666666666666666,0.0
1991,6,HP-SML,31.1048,77.1734,0,0,0.63,0.263,1.4334286633333333,5.0,0.0,0.7666666666666667,0.0
1991,7,HP-SML,31.1048,77.1734,0,0,0.77,0.269,0.6487244419290323,6.0,0.22580645161290322,0.3870967741935484,0.0
1991,8,HP-SML,31.1048,77.1734,0,0,0.67,0.058,1.2953001661290322,5.0,0.5161290322580645,0.0967741935483871,0.0
1991,9,HP-SML,31.1048,77.1734,0,0,0.72,0.099,1.3728957676666669,8.0,0.16666666666666666,0.4,0.0
1992,6,HP-SML,31.1048,77.1734,0,0,0.72,-0.861,1.0309609286666666,3.0,0.1,0.6,0.0
1992,7,HP-SML,31.1048,77.1734,0,0,0.35,-0.479,1.032042581935484,3.0,0.6774193548387096,0.25806451612903225,0.0
1992,8,HP-SML,31.1048,77.1734,0,0,0.08,-0.768,0.7930089680645162,5.0,0.9032258064516129,0.0,0.0
1992,9,HP-SML,31.1048,77.1734,0,0,-0.15,-0.833,1.1277177353333334,2.0,0.43333333333333335,0.3333333333333333,0.0
1993,6,HP-SML,31.1048,77.1734,0,0,0.56,-0.108,1.5129156700000002,8.0,0.23333333333333334,0.4666666666666667,0.0
1993,7,HP-SML,31.1048,77.1734,0,0,0.28,-0.152,0.8503892948387097,5.0,0.6451612903225806,0.06451612903225806,0.03225806451612903
1993,8,HP-SML,31.1048,77.1734,0,0,0.22,-0.306,0.9336245306,1.0,0.22580645161290322,0.6129032258064516,0.0
1993,9,HP-SML,31.1048,77.1734,0,0,0.2,-0.17,0.4647173026666666,2.0,0.5666666666666667,0.4,0.0
1995,6,HP-SML,31.1048,77.1734,0,0,-0.11,-0.078,0.8386585686666667,2.0,0.23333333333333334,0.6333333333333333,0.0
1995,7,HP-SML,31.1048,77.1734,0,0,-0.3,-0.169,1.3968855583870967,2.0,0.9354838709677419,0.06451612903225806,0.0
1995,8,HP-SML,31.1048,77.1734,0,0,-0.55,-0.144,1.3320209096774194,2.0,0.7419354838709677,0.06451612903225806,0.0
1995,9,HP-SML,31.1048,77.1734,0,0,-0.81,-0.18,1.0134717556666666,5.0,0.5,0.43333333333333335,0.03333333333333333
1996,6,HP-SML,31.1048,77.1734,0,0,-0.24,-0.395,1.5769545686666668,3.0,0.16666666666666666,0.16666666666666666,0.0
1996,7,HP-SML,31.1048,77.1734,0,0,-0.22,-0.644,1.590457191935484,6.0,0.12903225806451613,0.16129032258064516,0.0
1996,8,HP-SML,31.1048,77.1734,0,0,-0.27,-0.681,1.0089208741935485,3.0,0.6129032258064516,0.06451612903225806,0.0
1996,9,HP-SML,31.1048,77.1734,0,0,-0.3,-0.712,1.0609203293333334,5.0,0.3,0.5,0.0
1998,6,HP-SML,31.1048,77.1734,0,0,-0.08,0.147,0.921335034,3.0,0.4666666666666667,0.5333333333333333,0.0
1998,7,HP-SML,31.1048,77.1734,0,0,-0.63,-0.385,0.75393639,2.0,0.45161290322580644,0.3870967741935484,0.0
1998,8,HP-SML,31.1048,77.1734,0,0,-0.83,-0.58,1.00514719,2.0,0.3870967741935484,0.41935483870967744,0.0
1998,9,HP-SML,31.1048,77.1734,0,0,-1.02,-0.496,1.4218518516666667,8.0,0.4666666666666667,0.26666666666666666,0.0
2002,6,HP-SML,31.1048,77.1734,0,0,0.45,-0.189,1.8803833166666664,2.0,0.0,1.0,0.0
2002,7,HP-SML,31.1048,77.1734,0,0,0.57,-0.261,1.7221574980645162,8.0,0.0,0.9032258064516129,0.0
2002,8,HP-SML,31.1048,77.1734,0,0,0.63,-0.208,1.420236031935484,8.0,0.4838709677419355,0.22580645161290322,0.0
2002,9,HP-SML,31.1048,77.1734,0,0,0.78,0.286,0.7018471730000001,2.0,0.43333333333333335,0.3,0.0
2003,6,HP-SML,31.1048,77.1734,0,0,-0.13,0.139,1.65106069,1.0,0.13333333333333333,0.5666666666666667,0.0
2003,7,HP-SML,31.1048,77.1734,0,0,0.09,0.131,0.992855799032258,2.0,0.6129032258064516,0.0,0.0
2003,8,HP-SML,31.1048,77.1734,0,0,0.14,0.108,0.6039936987096773,6.0,0.6129032258064516,0.3548387096774194,0.0
2003,9,HP-SML,31.1048,77.1734,0,0,0.23,-0.06,0.7902776976666667,4.0,0.3,0.4,0.0
2004,6,HP-SML,31.1048,77.1734,0,0,0.22,-0.384,1.0188708323333333,7.0,0.0,0.26666666666666666,0.0
2004,7,HP-SML,31.1048,77.1734,0,0,0.39,-0.301,1.611224959354839,1.0,0.5161290322580645,0.2903225806451613,0.0
2004,8,HP-SML,31.1048,77.1734,0,0,0.54,-0.133,1.2484562670967745,6.0,0.8709677419354839,0.03225806451612903,0.06451612903225806
2004,9,HP-SML,31.1048,77.1734,0,0,0.58,-0.106,1.438454236,2.0,0.23333333333333334,0.7,0.0
2005,6,HP-SML,31.1048,77.1734,0,0,0.09,-0.176,0.7345759723333334,2.0,0.13333333333333333,0.8333333333333334,0.0
2005,7,HP-SML,31.1048,77.1734,0,0,-0.04,-0.384,1.029081502903226,2.0,0.7096774193548387,0.0,0.06451612903225806
2005,8,HP-SML,31.1048,77.1734,0,0,-0.14,-0.345,0.939736100967742,1.0,0.3548387096774194,0.3225806451612903,0.0
2005,9,HP-SML,31.1048,77.1734,0,0,-0.11,-0.534,1.522602815,8.0,0.5,0.36666666666666664,0.0
2007,6,HP-SML,31.1048,77.1734,0,0,-0.41,0.031,1.3529915246666666,2.0,0.26666666666666666,0.4666666666666667,0.0
2007,7,HP-SML,31.1048,77.1734,0,0,-0.49,0.045,1.3795319935483872,1.0,0.41935483870967744,0.16129032258064516,0.0
2007,8,HP-SML,31.1048,77.1734,0,0,-0.77,0.237,0.8762567774193548,2.0,0.5806451612903226,0.12903225806451613,0.06451612903225806
2007,9,HP-SML,31.1048,77.1734,0,0,-1.05,0.235,1.1761283893333332,5.0,0.2,0.6666666666666666,0.0
2008,6,HP-SML,31.1048,77.1734,0,0,-0.56,0.215,0.953116955,3.0,0.7,0.1,0.0
2008,7,HP-SML,31.1048,77.1734,0,0,-0.33,0.246,1.2312710548387096,1.0,0.45161290322580644,0.22580645161290322,0.0
2008,8,HP-SML,31.1048,77.1734,0,0,-0.2,0.124,1.211697393548387,2.0,0.5161290322580645,0.0967741935483871,0.0
2008,9,HP-SML,31.1048,77.1734,0,0,-0.25,0.086,1.446583400333333,5.0,0.3333333333333333,0.4,0.03333333333333333
2009,6,HP-SML,31.1048,77.1734,0,0,0.34,0.1,1.4584701413333332,8.0,0.03333333333333333,0.9333333333333333,0.0
2009,7,HP-SML,31.1048,77.1734,0,0,0.5,-0.192,0.6150665787096774,5.0,0.6451612903225806,0.1935483870967742,0.0
2009,8,HP-SML,31.1048,77.1734,0,0,0.56,-0.104,1.12875141,1.0,0.3548387096774194,0.22580645161290322,0.0
2009,9,HP-SML,31.1048,77.1734,0,0,0.66,-0.103,1.6812911126666668,4.0,0.5666666666666667,0.36666666666666664,0.1
2010,6,HP-SML,31.1048,77.1734,0,0,-0.66,-0.14,1.285590429,2.0,0.26666666666666666,0.3,0.0
2010,7,HP-SML,31.1048,77.1734,0,0,-0.98,-0.001,1.663601914516129,1.0,0.6451612903225806,0.3225806451612903,0.03225806451612903
2010,8,HP-SML,31.1048,77.1734,0,0,-1.24,-0.061,0.747917844516129,1.0,0.967741935483871,0.0,0.0
2010,9,HP-SML,31.1048,77.1734,0,0,-1.43,-0.267,0.8091414173333332,1.0,0.6333333333333333,0.06666666666666667,0.0
2011,6,HP-SML,31.1048,77.1734,0,0,-0.34,0.055,0.6791252076666666,2.0,0.8,0.06666666666666667,0.0
2011,7,HP-SML,31.1048,77.1734,0,0,-0.37,0.223,1.0109919648387098,1.0,0.967741935483871,0.0,0.0
2011,8,HP-SML,31.1048,77.1734,0,0,-0.5,0.344,1.011544473516129,2.0,1.0,0.0,0.03225806451612903
2011,9,HP-SML,31.1048,77.1734,0,0,-0.76,0.202,0.9066917783333334,3.0,0.5,0.3,0.0
2014,6,HP-SML,31.1048,77.1734,0,0,0.22,-0.028,1.108679051,4.0,0.06666666666666667,0.36666666666666664,0.0
2014,7,HP-SML,31.1048,77.1734,0,0,0.07,-0.363,1.1528067432258065,6.0,0.7096774193548387,0.16129032258064516,0.0
2014,8,HP-SML,31.1048,77.1734,0,0,0.07,-0.372,1.2150309538709676,2.0,0.3225806451612903,0.2903225806451613,0.0
2014,9,HP-SML,31.1048,77.1734,0,0,0.24,-0.145,0.649377995,4.0,0.16666666666666666,0.5666666666666667,0.0
2015,6,HP-SML,31.1048,77.1734,0,0,1.19,0.296,1.992920383333333,4.0,0.06666666666666667,0.6333333333333333,0.0
2015,7,HP-SML,31.1048,77.1734,0,0,1.44,0.225,1.837990334516129,7.0,0.7741935483870968,0.0967741935483871,0.0
2015,8,HP-SML,31.1048,77.1734,0,0,1.73,0.568,0.8428048241935484,8.0,0.45161290322580644,0.16129032258064516,0.0
2015,9,HP-SML,31.1048,77.1734,0,0,2.02,0.294,0.62977513528,1.0,0.0,0.7666666666666667,0.0
2016,6,HP-SML,31.1048,77.1734,0,0,0.09,-0.443,1.5598082686666668,4.0,0.06666666666666667,0.2,0.0
2016,7,HP-SML,31.1048,77.1734,0,0,-0.19,-0.757,1.0086871877419354,2.0,0.8387096774193549,0.03225806451612903,0.0
2016,8,HP-SML,31.1048,77.1734,0,0,-0.34,-0.443,1.3634238690322582,6.0,0.5806451612903226,0.0,0.0
2016,9,HP-SML,31.1048,77.1734,0,0,-0.42,-0.437,0.9987363606666668,5.0,0.0,0.8333333333333334,0.0
2017,6,HP-SML,31.1048,77.1734,0,0,0.32,0.424,1.010765505,1.0,0.6,0.06666666666666667,0.0
2017,7,HP-SML,31.1048,77.1734,0,0,0.14,0.52,1.0194311058064516,3.0,0.6451612903225806,0.06451612903225806,0.0
2017,8,HP-SML,31.1048,77.1734,0,0,-0.07,0.349,0.560064344016129,2.0,0.8064516129032258,0.12903225806451613,0.0
2017,9,HP-SML,31.1048,77.1734,0,0,-0.23,0.035,0.5864452456666667,4.0,0.4666666666666667,0.3,0.0
2018,6,HP-SML,31.1048,77.1734,0,0,0.13,0.155,1.099695321,1.0,0.43333333333333335,0.3,0.0
2018,7,HP-SML,31.1048,77.1734,0,0,0.2,0.053,1.4670566325806451,6.0,0.6774193548387096,0.0,0.0
2018,8,HP-SML,31.1048,77.1734,0,0,0.3,0.121,1.1604823280645162,6.0,0.5483870967741935,0.12903225806451613,0.03225806451612903
2018,9,HP-SML,31.1048,77.1734,0,0,0.52,0.604,1.0746740603333331,8.0,0.7333333333333333,0.16666666666666666,0.0
2020,6,HP-SML,31.1048,77.1734,0,0,-0.18,0.455,1.3547168013333333,1.0,0.3333333333333333,0.36666666666666664,0.0
2020,7,HP-SML,31.1048,77.1734,0,0,-0.29,0.319,1.5012130690322585,2.0,0.41935483870967744,0.12903225806451613,0.0
2020,8,HP-SML,31.1048,77.1734,0,0,-0.43,-0.183,1.5708076487096774,8.0,0.4838709677419355,0.03225806451612903,0.0
2020,9,HP-SML,31.1048,77.1734,0,0,-0.77,-0.189,1.1078213236666663,4.0,0.03333333333333333,0.8,0.0
2021,6,HP-SML,31.1048,77.1734,0,0,-0.31,-0.002,1.2543668813333333,1.0,0.2,0.36666666666666664,0.0
2021,7,HP-SML,31.1048,77.1734,0,0,-0.35,-0.229,1.2697446645161292,2.0,0.5161290322580645,0.3870967741935484,0.0
2021,8,HP-SML,31.1048,77.1734,0,0,-0.46,-0.099,1.3328496390322582,2.0,0.41935483870967744,0.25806451612903225,0.0
2021,9,HP-SML,31.1048,77.1734,0,0,-0.64,-0.058,1.16716908,3.0,0.7333333333333333,0.06666666666666667,0.0
2022,6,HP-SML,31.1048,77.1734,0,0,-0.73,-0.335,1.7460144566666669,1.0,0.06666666666666667,0.6333333333333333,0.0
2022,7,HP-SML,31.1048,77.1734,0,0,-0.7,-0.195,0.9906527754838708,4.0,0.8064516129032258,0.0,0.0
2022,8,HP-SML,31.1048,77.1734,0,0,-0.78,-0.246,0.962351660967742,2.0,0.8709677419354839,0.0,0.03225806451612903
2022,9,HP-SML,31.1048,77.1734,0,0,-0.87,-0.322,0.45954351401,4.0,0.5,0.36666666666666664,0.0
2023,6,HP-SML,31.1048,77.1734,0,0,0.73,0.665,1.1452140906,2.0,0.4666666666666667,0.4666666666666667,0.0
2023,7,HP-SML,31.1048,77.1734,0,0,1.0,0.498,0.7976125261290323,6.0,0.9032258064516129,0.0,0.06451612903225806
2023,8,HP-SML,31.1048,77.1734,0,0,1.25,0.826,0.9138732870967742,8.0,0.7096774193548387,0.0967741935483871,0.0
2023,9,HP-SML,31.1048,77.1734,0,0,1.5,0.946,0.8482362092433333,4.0,0.0,0.8333333333333334,0.0
1990,6,UK-DDN,30.3165,78.0322,0,0,0.25,-0.568,0.7040596286666666,6.0,0.36666666666666664,0.6333333333333333,0.0
1990,7,UK-DDN,30.3165,78.0322,0,0,0.26,-0.246,0.7642434731967742,1.0,1.0,0.0,0.0967741935483871
1990,8,UK-DDN,30.3165,78.0322,0,0,0.32,-0.391,0.8801470647322581,6.0,1.0,0.0,0.12903225806451613
1990,9,UK-DDN,30.3165,78.0322,0,0,0.31,-0.183,0.775732242,3.0,0.9666666666666667,0.0,0.0
1991,6,UK-DDN,30.3165,78.0322,0,0,0.63,0.263,1.4334286633333333,5.0,0.4666666666666667,0.26666666666666666,0.0
1991,7,UK-DDN,30.3165,78.0322,0,0,0.77,0.269,0.6487244419290323,6.0,0.45161290322580644,0.22580645161290322,0.0
1991,8,UK-DDN,30.3165,78.0322,0,0,0.67,0.058,1.2953001661290322,5.0,0.9354838709677419,0.0,0.0
1991,9,UK-DDN,30.3165,78.0322,0,0,0.72,0.099,1.3728957676666669,8.0,0.6666666666666666,0.1,0.03333333333333333
1992,6,UK-DDN,30.3165,78.0322,0,0,0.72,-0.861,1.0309609286666666,3.0,0.0,0.7666666666666667,0.0
1992,7,UK-DDN,30.3165,78.0322,0,0,0.35,-0.479,1.032042581935484,3.0,0.6774193548387096,0.06451612903225806,0.0
1992,8,UK-DDN,30.3165,78.0322,0,0,0.08,-0.768,0.7930089680645162,5.0,1.0,0.0,0.06451612903225806
1992,9,UK-DDN,30.3165,78.0322,0,0,-0.15,-0.833,1.1277177353333334,2.0,0.5333333333333333,0.3,0.0
1993,6,UK-DDN,30.3165,78.0322,0,0,0.56,-0.108,1.5129156700000002,8.0,0.5666666666666667,0.3,0.0
1993,7,UK-DDN,30.3165,78.0322,0,0,0.28,-0.152,0.8503892948387097,5.0,0.8709677419354839,0.03225806451612903,0.03225806451612903
1993,8,UK-DDN,30.3165,78.0322,0,0,0.22,-0.306,0.9336245306,1.0,1.0,0.0,0.03225806451612903
1993,9,UK-DDN,30.3165,78.0322,0,0,0.2,-0.17,0.4647173026666666,2.0,0.9333333333333333,0.0,0.03333333333333333
1995,6,UK-DDN,30.3165,78.0322,0,0,-0.11,-0.078,0.8386585686666667,2.0,0.3,0.6,0.0
1995,7,UK-DDN,30.3165,78.0322,0,0,-0.3,-0.169,1.3968855583870967,2.0,0.9354838709677419,0.0,0.0
1995,8,UK-DDN,30.3165,78.0322,0,0,-0.55,-0.144,1.3320209096774194,2.0,1.0,0.0,0.03225806451612903
1995,9,UK-DDN,30.3165,78.0322,0,0,-0.81,-0.18,1.0134717556666666,5.0,0.6,0.23333333333333334,0.03333333333333333
1996,6,UK-DDN,30.3165,78.0322,0,0,-0.24,-0.395,1.5769545686666668,3.0,0.4,0.5333333333333333,0.0
1996,7,UK-DDN,30.3165,78.0322,0,0,-0.22,-0.644,1.590457191935484,6.0,0.9354838709677419,0.0,0.0
1996,8,UK-DDN,30.3165,78.0322,0,0,-0.27,-0.681,1.0089208741935485,3.0,1.0,0.0,0.03225806451612903
1996,9,UK-DDN,30.3165,78.0322,0,0,-0.3,-0.712,1.0609203293333334,5.0,0.6,0.13333333333333333,0.0
1998,6,UK-DDN,30.3165,78.0322,0,0,-0.08,0.147,0.921335034,3.0,0.23333333333333334,0.6666666666666666,0.0
1998,7,UK-DDN,30.3165,78.0322,0,0,-0.63,-0.385,0.75393639,2.0,1.0,0.0,0.03225806451612903
1998,8,UK-DDN,30.3165,78.0322,0,0,-0.83,-0.58,1.00514719,2.0,0.9354838709677419,0.0,0.0
1998,9,UK-DDN,30.3165,78.0322,0,0,-1.02,-0.496,1.4218518516666667,8.0,0.3333333333333333,0.3,0.0
2002,6,UK-DDN,30.3165,78.0322,0,0,0.45,-0.189,1.8803833166666664,2.0,0.3,0.13333333333333333,0.0
2002,7,UK-DDN,30.3165,78.0322,0,0,0.57,-0.261,1.7221574980645162,8.0,0.6774193548387096,0.22580645161290322,0.0
2002,8,UK-DDN,30.3165,78.0322,0,0,0.63,-0.208,1.420236031935484,8.0,1.0,0.0,0.03225806451612903
2002,9,UK-DDN,30.3165,78.0322,0,0,0.78,0.286,0.7018471730000001,2.0,0.6333333333333333,0.1,0.03333333333333333
2003,6,UK-DDN,30.3165,78.0322,0,0,-0.13,0.139,1.65106069,1.0,0.4,0.3333333333333333,0.0
2003,7,UK-DDN,30.3165,78.0322,0,0,0.09,0.131,0.992855799032258,2.0,0.8709677419354839,0.0,0.03225806451612903
2003,8,UK-DDN,30.3165,78.0322,0,0,0.14,0.108,0.6039936987096773,6.0,1.0,0.0,0.0
2003,9,UK-DDN,30.3165,78.0322,0,0,0.23,-0.06,0.7902776976666667,4.0,0.9666666666666667,0.0,0.0
2004,6,UK-DDN,30.3165,78.0322,0,0,0.22,-0.384,1.0188708323333333,7.0,0.4666666666666667,0.3333333333333333,0.0
2004,7,UK-DDN,30.3165,78.0322,0,0,0.39,-0.301,1.611224959354839,1.0,0.7419354838709677,0.06451612903225806,0.0
2004,8,UK-DDN,30.3165,78.0322,0,0,0.54,-0.133,1.2484562670967745,6.0,0.7741935483870968,0.0,0.0
2004,9,UK-DDN,30.3165,78.0322,0,0,0.58,-0.106,1.438454236,2.0,0.13333333333333333,0.6666666666666666,0.0
2005,6,UK-DDN,30.3165,78.0322,0,0,0.09,-0.176,0.7345759723333334,2.0,0.16666666666666666,0.8333333333333334,0.0
2005,7,UK-DDN,30.3165,78.0322,0,0,-0.04,-0.384,1.029081502903226,2.0,1.0,0.0,0.12903225806451613
2005,8,UK-DDN,30.3165,78.0322,0,0,-0.14,-0.345,0.939736100967742,1.0,0.9032258064516129,0.06451612903225806,0.06451612903225806
2005,9,UK-DDN,30.3165,78.0322,0,0,-0.11,-0.534,1.522602815,8.0,0.9333333333333333,0.0,0.03333333333333333
2007,6,UK-DDN,30.3165,78.0322,0,0,-0.41,0.031,1.3529915246666666,2.0,0.1,0.6,0.0
2007,7,UK-DDN,30.3165,78.0322,0,0,-0.49,0.045,1.3795319935483872,1.0,0.9354838709677419,0.0,0.06451612903225806
2007,8,UK-DDN,30.3165,78.0322,0,0,-0.77,0.237,0.8762567774193548,2.0,1.0,0.0,0.22580645161290322
2007,9,UK-DDN,30.3165,78.0322,0,0,-1.05,0.235,1.1761283893333332,5.0,0.5333333333333333,0.4,0.03333333333333333
2008,6,UK-DDN,30.3165,78.0322,0,0,-0.56,0.215,0.953116955,3.0,0.7333333333333333,0.03333333333333333,0.03333333333333333
2008,7,UK-DDN,30.3165,78.0322,0,0,-0.33,0.246,1.2312710548387096,1.0,0.967741935483871,0.0,0.03225806451612903
2008,8,UK-DDN,30.3165,78.0322,0,0,-0.2,0.124,1.211697393548387,2.0,1.0,0.0,0.06451612903225806
2008,9,UK-DDN,30.3165,78.0322,0,0,-0.25,0.086,1.446583400333333,5.0,0.4666666666666667,0.16666666666666666,0.0
2009,6,UK-DDN,30.3165,78.0322,0,0,0.34,0.1,1.4584701413333332,8.0,0.26666666666666666,0.7,0.0
2009,7,UK-DDN,30.3165,78.0322,0,0,0.5,-0.192,0.6150665787096774,5.0,0.8064516129032258,0.03225806451612903,0.0
2009,8,UK-DDN,30.3165,78.0322,0,0,0.56,-0.104,1.12875141,1.0,0.8064516129032258,0.03225806451612903,0.03225806451612903
2009,9,UK-DDN,30.3165,78.0322,0,0,0.66,-0.103,1.6812911126666668,4.0,0.7666666666666667,0.1,0.03333333333333333
2010,6,UK-DDN,30.3165,78.0322,0,0,-0.66,-0.14,1.285590429,2.0,0.2,0.43333333333333335,0.0
2010,7,UK-DDN,30.3165,78.0322,0,0,-0.98,-0.001,1.663601914516129,1.0,0.967741935483871,0.0,0.03225806451612903
2010,8,UK-DDN,30.3165,78.0322,0,0,-1.24,-0.061,0.747917844516129,1.0,1.0,0.0,0.0967741935483871
2010,9,UK-DDN,30.3165,78.0322,0,0,-1.43,-0.267,0.8091414173333332,1.0,0.8666666666666667,0.03333333333333333,0.06666666666666667
2011,6,UK-DDN,30.3165,78.0322,0,0,-0.34,0.055,0.6791252076666666,2.0,0.8,0.0,0.0
2011,7,UK-DDN,30.3165,78.0322,0,0,-0.37,0.223,1.0109919648387098,1.0,1.0,0.0,0.0967741935483871
2011,8,UK-DDN,30.3165,78.0322,0,0,-0.5,0.344,1.011544473516129,2.0,1.0,0.0,0.0967741935483871
2011,9,UK-DDN,30.3165,78.0322,0,0,-0.76,0.202,0.9066917783333334,3.0,0.7333333333333333,0.26666666666666666,0.06666666666666667
2014,6,UK-DDN,30.3165,78.0322,0,0,0.22,-0.028,1.108679051,4.0,0.03333333333333333,0.5333333333333333,0.0
2014,7,UK-DDN,30.3165,78.0322,0,0,0.07,-0.363,1.1528067432258065,6.0,0.967741935483871,0.0,0.0
2014,8,UK-DDN,30.3165,78.0322,0,0,0.07,-0.372,1.2150309538709676,2.0,0.7096774193548387,0.16129032258064516,0.0967741935483871
2014,9,UK-DDN,30.3165,78.0322,0,0,0.24,-0.145,0.649377995,4.0,0.36666666666666664,0.36666666666666664,0.0
2015,6,UK-DDN,30.3165,78.0322,0,0,1.19,0.296,1.992920383333333,4.0,0.36666666666666664,0.6333333333333333,0.0
2015,7,UK-DDN,30.3165,78.0322,0,0,1.44,0.225,1.837990334516129,7.0,1.0,0.0,0.03225806451612903
2015,8,UK-DDN,30.3165,78.0322,0,0,1.73,0.568,0.8428048241935484,8.0,0.967741935483871,0.0,0.03225806451612903
2015,9,UK-DDN,30.3165,78.0322,0,0,2.02,0.294,0.62977513528,1.0,0.03333333333333333,0.4,0.0
2016,6,UK-DDN,30.3165,78.0322,0,0,0.09,-0.443,1.5598082686666668,4.0,0.36666666666666664,0.03333333333333333,0.0
2016,7,UK-DDN,30.3165,78.0322,0,0,-0.19,-0.757,1.0086871877419354,2.0,0.8064516129032258,0.0,0.0967741935483871
2016,8,UK-DDN,30.3165,78.0322,0,0,-0.34,-0.443,1.3634238690322582,6.0,0.9354838709677419,0.03225806451612903,0.0
2016,9,UK-DDN,30.3165,78.0322,0,0,-0.42,-0.437,0.9987363606666668,5.0,0.4,0.2,0.03333333333333333
2017,6,UK-DDN,30.3165,78.0322,0,0,0.32,0.424,1.010765505,1.0,0.5333333333333333,0.13333333333333333,0.06666666666666667
2017,7,UK-DDN,30.3165,78.0322,0,0,0.14,0.52,1.0194311058064516,3.0,0.8709677419354839,0.0,0.0967741935483871
2017,8,UK-DDN,30.3165,78.0322,0,0,-0.07,0.349,0.560064344016129,2.0,0.967741935483871,0.0,0.03225806451612903
2017,9,UK-DDN,30.3165,78.0322,0,0,-0.23,0.035,0.5864452456666667,4.0,0.5333333333333333,0.4666666666666667,0.06666666666666667
2018,6,UK-DDN,30.3165,78.0322,0,0,0.13,0.155,1.099695321,1.0,0.3,0.26666666666666666,0.03333333333333333
2018,7,UK-DDN,30.3165,78.0322,0,0,0.2,0.053,1.4670566325806451,6.0,0.9032258064516129,0.0,0.06451612903225806
2018,8,UK-DDN,30.3165,78.0322,0,0,0.3,0.121,1.1604823280645162,6.0,1.0,0.0,0.12903225806451613
2018,9,UK-DDN,30.3165,78.0322,0,0,0.52,0.604,1.0746740603333331,8.0,0.9,0.03333333333333333,0.0
2020,6,UK-DDN,30.3165,78.0322,0,0,-0.18,0.455,1.3547168013333333,1.0,0.26666666666666666,0.03333333333333333,0.0
2020,7,UK-DDN,30.3165,78.0322,0,0,-0.29,0.319,1.5012130690322585,2.0,0.967741935483871,0.0,0.03225806451612903
2020,8,UK-DDN,30.3165,78.0322,0,0,-0.43,-0.183,1.5708076487096774,8.0,0.9354838709677419,0.03225806451612903,0.03225806451612903
2020,9,UK-DDN,30.3165,78.0322,0,0,-0.77,-0.189,1.1078213236666663,4.0,0.3333333333333333,0.4,0.0
2021,6,UK-DDN,30.3165,78.0322,0,0,-0.31,-0.002,1.2543668813333333,1.0,0.7333333333333333,0.06666666666666667,0.0
2021,7,UK-DDN,30.3165,78.0322,0,0,-0.35,-0.229,1.2697446645161292,2.0,0.8709677419354839,0.06451612903225806,0.12903225806451613
2021,8,UK-DDN,30.3165,78.0322,0,0,-0.46,-0.099,1.3328496390322582,2.0,0.8709677419354839,0.03225806451612903,0.06451612903225806
2021,9,UK-DDN,30.3165,78.0322,0,0,-0.64,-0.058,1.16716908,3.0,0.7666666666666667,0.03333333333333333,0.0
2022,6,UK-DDN,30.3165,78.0322,0,0,-0.73,-0.335,1.7460144566666669,1.0,0.06666666666666667,0.6333333333333333,0.0
2022,7,UK-DDN,30.3165,78.0322,0,0,-0.7,-0.195,0.9906527754838708,4.0,0.967741935483871,0.0,0.0967741935483871
2022,8,UK-DDN,30.3165,78.0322,0,0,-0.78,-0.246,0.962351660967742,2.0,0.8709677419354839,0.0,0.06451612903225806
2022,9,UK-DDN,30.3165,78.0322,0,0,-0.87,-0.322,0.45954351401,4.0,1.0,0.0,0.03333333333333333
2023,6,UK-DDN,30.3165,78.0322,0,0,0.73,0.665,1.1452140906,2.0,0.4666666666666667,0.43333333333333335,0.06666666666666667
2023,7,UK-DDN,30.3165,78.0322,0,0,1.0,0.498,0.7976125261290323,6.0,1.0,0.0,0.12903225806451613
2023,8,UK-DDN,30.3165,78.0322,0,0,1.25,0.826,0.9138732870967742,8.0,1.0,0.0,0.16129032258064516
2023,9,UK-DDN,30.3165,78.0322,0,0,1.5,0.946,0.8482362092433333,4.0,0.4,0.3333333333333333,0.0
1990,6,AS-GUW,26.1445,91.7362,1,0,0.25,-0.568,0.7040596286666666,6.0,1.0,0.0,0.0
1990,7,AS-GUW,26.1445,91.7362,1,0,0.26,-0.246,0.7642434731967742,1.0,0.967741935483871,0.0,0.03225806451612903
1990,8,AS-GUW,26.1445,91.7362,1,0,0.32,-0.391,0.8801470647322581,6.0,0.7419354838709677,0.0,0.0
1990,9,AS-GUW,26.1445,91.7362,1,0,0.31,-0.183,0.775732242,3.0,0.7666666666666667,0.03333333333333333,0.03333333333333333
1991,6,AS-GUW,26.1445,91.7362,1,0,0.63,0.263,1.4334286633333333,5.0,0.8333333333333334,0.0,0.0
1991,7,AS-GUW,26.1445,91.7362,1,0,0.77,0.269,0.6487244419290323,6.0,0.9032258064516129,0.0,0.03225806451612903
1991,8,AS-GUW,26.1445,91.7362,1,0,0.67,0.058,1.2953001661290322,5.0,1.0,0.0,0.0
1991,9,AS-GUW,26.1445,91.7362,1,0,0.72,0.099,1.3728957676666669,8.0,1.0,0.0,0.0
1992,6,AS-GUW,26.1445,91.7362,1,0,0.72,-0.861,1.0309609286666666,3.0,0.7666666666666667,0.2,0.03333333333333333
1992,7,AS-GUW,26.1445,91.7362,1,0,0.35,-0.479,1.032042581935484,3.0,0.967741935483871,0.0,0.03225806451612903
1992,8,AS-GUW,26.1445,91.7362,1,0,0.08,-0.768,0.7930089680645162,5.0,0.7096774193548387,0.0,0.0
1992,9,AS-GUW,26.1445,91.7362,1,0,-0.15,-0.833,1.1277177353333334,2.0,0.5333333333333333,0.13333333333333333,0.03333333333333333
1993,6,AS-GUW,26.1445,91.7362,1,0,0.56,-0.108,1.5129156700000002,8.0,0.9333333333333333,0.0,0.1
1993,7,AS-GUW,26.1445,91.7362,1,0,0.28,-0.152,0.8503892948387097,5.0,0.8709677419354839,0.0,0.0
1993,8,AS-GUW,26.1445,91.7362,1,0,0.22,-0.306,0.9336245306,1.0,0.8709677419354839,0.06451612903225806,0.0
1993,9,AS-GUW,26.1445,91.7362,1,0,0.2,-0.17,0.4647173026666666,2.0,0.6333333333333333,0.03333333333333333,0.0
1995,6,AS-GUW,26.1445,91.7362,1,0,-0.11,-0.078,0.8386585686666667,2.0,0.9,0.0,0.0
1995,7,AS-GUW,26.1445,91.7362,1,0,-0.3,-0.169,1.3968855583870967,2.0,0.967741935483871,0.0,0.0
1995,8,AS-GUW,26.1445,91.7362,1,0,-0.55,-0.144,1.3320209096774194,2.0,0.967741935483871,0.0,0.0
1995,9,AS-GUW,26.1445,91.7362,1,0,-0.81,-0.18,1.0134717556666666,5.0,0.8333333333333334,0.03333333333333333,0.03333333333333333
1996,6,AS-GUW,26.1445,91.7362,1,0,-0.24,-0.395,1.5769545686666668,3.0,0.36666666666666664,0.03333333333333333,0.0
1996,7,AS-GUW,26.1445,91.7362,1,0,-0.22,-0.644,1.590457191935484,6.0,0.6774193548387096,0.06451612903225806,0.0
1996,8,AS-GUW,26.1445,91.7362,1,0,-0.27,-0.681,1.0089208741935485,3.0,0.9354838709677419,0.0,0.0
1996,9,AS-GUW,26.1445,91.7362,1,0,-0.3,-0.712,1.0609203293333334,5.0,0.36666666666666664,0.3333333333333333,0.0
1998,6,AS-GUW,26.1445,91.7362,1,0,-0.08,0.147,0.921335034,3.0,0.8,0.0,0.0
1998,7,AS-GUW,26.1445,91.7362,1,0,-0.63,-0.385,0.75393639,2.0,1.0,0.0,0.03225806451612903
1998,8,AS-GUW,26.1445,91.7362,1,0,-0.83,-0.58,1.00514719,2.0,0.8387096774193549,0.0,0.0
1998,9,AS-GUW,26.1445,91.7362,1,0,-1.02,-0.496,1.4218518516666667,8.0,0.6666666666666666,0.16666666666666666,0.0
2002,6,AS-GUW,26.1445,91.7362,1,0,0.45,-0.189,1.8803833166666664,2.0,0.8333333333333334,0.0,0.03333333333333333
2002,7,AS-GUW,26.1445,91.7362,1,0,0.57,-0.261,1.7221574980645162,8.0,0.9032258064516129,0.0,0.03225806451612903
2002,8,AS-GUW,26.1445,91.7362,1,0,0.63,-0.208,1.420236031935484,8.0,0.5483870967741935,0.03225806451612903,0.0
2002,9,AS-GUW,26.1445,91.7362,1,0,0.78,0.286,0.7018471730000001,2.0,0.2,0.4666666666666667,0.0
2003,6,AS-GUW,26.1445,91.7362,1,0,-0.13,0.139,1.65106069,1.0,0.6,0.06666666666666667,0.0
2003,7,AS-GUW,26.1445,91.7362,1,0,0.09,0.131,0.992855799032258,2.0,1.0,0.0,0.0
2003,8,AS-GUW,26.1445,91.7362,1,0,0.14,0.108,0.6039936987096773,6.0,0.8064516129032258,0.0,0.0
2003,9,AS-GUW,26.1445,91.7362,1,0,0.23,-0.06,0.7902776976666667,4.0,0.8666666666666667,0.0,0.0
2004,6,AS-GUW,26.1445,91.7362,1,0,0.22,-0.384,1.0188708323333333,7.0,0.9,0.0,0.0
2004,7,AS-GUW,26.1445,91.7362,1,0,0.39,-0.301,1.611224959354839,1.0,0.8064516129032258,0.0,0.0
2004,8,AS-GUW,26.1445,91.7362,1,0,0.54,-0.133,1.2484562670967745,6.0,0.6451612903225806,0.06451612903225806,0.0
2004,9,AS-GUW,26.1445,91.7362,1,0,0.58,-0.106,1.438454236,2.0,0.5666666666666667,0.03333333333333333,0.0
2005,6,AS-GUW,26.1445,91.7362,1,0,0.09,-0.176,0.7345759723333334,2.0,0.6333333333333333,0.0,0.0
2005,7,AS-GUW,26.1445,91.7362,1,0,-0.04,-0.384,1.029081502903226,2.0,1.0,0.0,0.0
2005,8,AS-GUW,26.1445,91.7362,1,0,-0.14,-0.345,0.939736100967742,1.0,0.9354838709677419,0.0,0.0
2005,9,AS-GUW,26.1445,91.7362,1,0,-0.11,-0.534,1.522602815,8.0,0.43333333333333335,0.3333333333333333,0.0
2007,6,AS-GUW,26.1445,91.7362,1,0,-0.41,0.031,1.3529915246666666,2.0,0.8333333333333334,0.0,0.0
2007,7,AS-GUW,26.1445,91.7362,1,0,-0.49,0.045,1.3795319935483872,1.0,1.0,0.0,0.0
2007,8,AS-GUW,26.1445,91.7362,1,0,-0.77,0.237,0.8762567774193548,2.0,0.7741935483870968,0.12903225806451613,0.0
2007,9,AS-GUW,26.1445,91.7362,1,0,-1.05,0.235,1.1761283893333332,5.0,0.7,0.3,0.03333333333333333
2008,6,AS-GUW,26.1445,91.7362,1,0,-0.56,0.215,0.953116955,3.0,0.8666666666666667,0.0,0.0
2008,7,AS-GUW,26.1445,91.7362,1,0,-0.33,0.246,1.2312710548387096,1.0,0.9032258064516129,0.0,0.03225806451612903
2008,8,AS-GUW,26.1445,91.7362,1,0,-0.2,0.124,1.211697393548387,2.0,1.0,0.0,0.0
2008,9,AS-GUW,26.1445,91.7362,1,0,-0.25,0.086,1.446583400333333,5.0,0.8,0.0,0.0
2009,6,AS-GUW,26.1445,91.7362,1,0,0.34,0.1,1.4584701413333332,8.0,0.36666666666666664,0.1,0.0
2009,7,AS-GUW,26.1445,91.7362,1,0,0.5,-0.192,0.6150665787096774,5.0,0.7096774193548387,0.12903225806451613,0.0
2009,8,AS-GUW,26.1445,91.7362,1,0,0.56,-0.104,1.12875141,1.0,1.0,0.0,0.0
2009,9,AS-GUW,26.1445,91.7362,1,0,0.66,-0.103,1.6812911126666668,4.0,0.8,0.0,0.0
2010,6,AS-GUW,26.1445,91.7362,1,0,-0.66,-0.14,1.285590429,2.0,0.9666666666666667,0.0,0.06666666666666667
2010,7,AS-GUW,26.1445,91.7362,1,0,-0.98,-0.001,1.663601914516129,1.0,0.6774193548387096,0.0967741935483871,0.0
2010,8,AS-GUW,26.1445,91.7362,1,0,-1.24,-0.061,0.747917844516129,1.0,0.7096774193548387,0.12903225806451613,0.0
2010,9,AS-GUW,26.1445,91.7362,1,0,-1.43,-0.267,0.8091414173333332,1.0,0.7333333333333333,0.13333333333333333,0.0
2011,6,AS-GUW,26.1445,91.7362,1,0,-0.34,0.055,0.6791252076666666,2.0,0.6,0.0,0.0
2011,7,AS-GUW,26.1445,91.7362,1,0,-0.37,0.223,1.0109919648387098,1.0,0.6774193548387096,0.03225806451612903,0.03225806451612903
2011,8,AS-GUW,26.1445,91.7362,1,0,-0.5,0.344,1.011544473516129,2.0,0.7741935483870968,0.03225806451612903,0.0
2011,9,AS-GUW,26.1445,91.7362,1,0,-0.76,0.202,0.9066917783333334,3.0,0.4,0.3,0.0
2014,6,AS-GUW,26.1445,91.7362,1,0,0.22,-0.028,1.108679051,4.0,0.6333333333333333,0.03333333333333333,0.0
2014,7,AS-GUW,26.1445,91.7362,1,0,0.07,-0.363,1.1528067432258065,6.0,0.6774193548387096,0.0967741935483871,0.0
2014,8,AS-GUW,26.1445,91.7362,1,0,0.07,-0.372,1.2150309538709676,2.0,0.8709677419354839,0.03225806451612903,0.0
2014,9,AS-GUW,26.1445,91.7362,1,0,0.24,-0.145,0.649377995,4.0,0.5666666666666667,0.0,0.06666666666666667
2015,6,AS-GUW,26.1445,91.7362,1,0,1.19,0.296,1.992920383333333,4.0,0.9,0.0,0.0
2015,7,AS-GUW,26.1445,91.7362,1,0,1.44,0.225,1.837990334516129,7.0,0.8709677419354839,0.0,0.0
2015,8,AS-GUW,26.1445,91.7362,1,0,1.73,0.568,0.8428048241935484,8.0,0.7096774193548387,0.16129032258064516,0.0
2015,9,AS-GUW,26.1445,91.7362,1,0,2.02,0.294,0.62977513528,1.0,0.5333333333333333,0.23333333333333334,0.0
2016,6,AS-GUW,26.1445,91.7362,1,0,0.09,-0.443,1.5598082686666668,4.0,0.5666666666666667,0.0,0.0
2016,7,AS-GUW,26.1445,91.7362,1,0,-0.19,-0.757,1.0086871877419354,2.0,0.9354838709677419,0.0,0.0
2016,8,AS-GUW,26.1445,91.7362,1,0,-0.34,-0.443,1.3634238690322582,6.0,0.03225806451612903,0.3870967741935484,0.0
2016,9,AS-GUW,26.1445,91.7362,1,0,-0.42,-0.437,0.9987363606666668,5.0,0.9,0.0,0.03333333333333333
2017,6,AS-GUW,26.1445,91.7362,1,0,0.32,0.424,1.010765505,1.0,0.8,0.03333333333333333,0.0
2017,7,AS-GUW,26.1445,91.7362,1,0,0.14,0.52,1.0194311058064516,3.0,0.5161290322580645,0.16129032258064516,0.0
2017,8,AS-GUW,26.1445,91.7362,1,0,-0.07,0.349,0.560064344016129,2.0,0.7741935483870968,0.03225806451612903,0.0
2017,9,AS-GUW,26.1445,91.7362,1,0,-0.23,0.035,0.5864452456666667,4.0,0.6,0.2,0.0
2018,6,AS-GUW,26.1445,91.7362,1,0,0.13,0.155,1.099695321,1.0,0.5666666666666667,0.06666666666666667,0.0
2018,7,AS-GUW,26.1445,91.7362,1,0,0.2,0.053,1.4670566325806451,6.0,0.7096774193548387,0.03225806451612903,0.0
2018,8,AS-GUW,26.1445,91.7362,1,0,0.3,0.121,1.1604823280645162,6.0,0.7419354838709677,0.06451612903225806,0.0
2018,9,AS-GUW,26.1445,91.7362,1,0,0.52,0.604,1.0746740603333331,8.0,0.4666666666666667,0.3333333333333333,0.0
2020,6,AS-GUW,26.1445,91.7362,1,0,-0.18,0.455,1.3547168013333333,1.0,0.9,0.0,0.0
2020,7,AS-GUW,26.1445,91.7362,1,0,-0.29,0.319,1.5012130690322585,2.0,0.4838709677419355,0.12903225806451613,0.0
2020,8,AS-GUW,26.1445,91.7362,1,0,-0.43,-0.183,1.5708076487096774,8.0,0.0,0.6774193548387096,0.0
2020,9,AS-GUW,26.1445,91.7362,1,0,-0.77,-0.189,1.1078213236666663,4.0,0.26666666666666666,0.03333333333333333,0.03333333333333333
2021,6,AS-GUW,26.1445,91.7362,1,0,-0.31,-0.002,1.2543668813333333,1.0,0.8333333333333334,0.0,0.0
2021,7,AS-GUW,26.1445,91.7362,1,0,-0.35,-0.229,1.2697446645161292,2.0,0.6129032258064516,0.03225806451612903,0.0
2021,8,AS-GUW,26.1445,91.7362,1,0,-0.46,-0.099,1.3328496390322582,2.0,0.6129032258064516,0.12903225806451613,0.0
2021,9,AS-GUW,26.1445,91.7362,1,0,-0.64,-0.058,1.16716908,3.0,0.5,0.16666666666666666,0.0
2022,6,AS-GUW,26.1445,91.7362,1,0,-0.73,-0.335,1.7460144566666669,1.0,0.8333333333333334,0.0,0.0
2022,7,AS-GUW,26.1445,91.7362,1,0,-0.7,-0.195,0.9906527754838708,4.0,0.8387096774193549,0.03225806451612903,0.0
2022,8,AS-GUW,26.1445,91.7362,1,0,-0.78,-0.246,0.962351660967742,2.0,0.22580645161290322,0.25806451612903225,0.0
2022,9,AS-GUW,26.1445,91.7362,1,0,-0.87,-0.322,0.45954351401,4.0,0.6666666666666666,0.1,0.0
2023,6,AS-GUW,26.1445,91.7362,1,0,0.73,0.665,1.1452140906,2.0,0.7,0.23333333333333334,0.0
2023,7,AS-GUW,26.1445,91.7362,1,0,1.0,0.498,0.7976125261290323,6.0,0.9032258064516129,0.0,0.0
2023,8,AS-GUW,26.1445,91.7362,1,0,1.25,0.826,0.9138732870967742,8.0,0.9032258064516129,0.0,0.0
2023,9,AS-GUW,26.1445,91.7362,1,0,1.5,0.946,0.8482362092433333,4.0,0.3333333333333333,0.36666666666666664,0.0
1990,6,AS-DIB,27.4728,94.912,1,0,0.25,-0.568,0.7040596286666666,6.0,0.9666666666666667,0.0,0.0
1990,7,AS-DIB,27.4728,94.912,1,0,0.26,-0.246,0.7642434731967742,1.0,1.0,0.0,0.0
1990,8,AS-DIB,27.4728,94.912,1,0,0.32,-0.391,0.8801470647322581,6.0,0.967741935483871,0.03225806451612903,0.0
1990,9,AS-DIB,27.4728,94.912,1,0,0.31,-0.183,0.775732242,3.0,0.8666666666666667,0.03333333333333333,0.0
1991,6,AS-DIB,27.4728,94.912,1,0,0.63,0.263,1.4334286633333333,5.0,0.9666666666666667,0.0,0.0
1991,7,AS-DIB,27.4728,94.912,1,0,0.77,0.269,0.6487244419290323,6.0,0.8709677419354839,0.0,0.03225806451612903
1991,8,AS-DIB,27.4728,94.912,1,0,0.67,0.058,1.2953001661290322,5.0,0.6774193548387096,0.0,0.0
1991,9,AS-DIB,27.4728,94.912,1,0,0.72,0.099,1.3728957676666669,8.0,0.4,0.16666666666666666,0.0
1992,6,AS-DIB,27.4728,94.912,1,0,0.72,-0.861,1.0309609286666666,3.0,0.8333333333333334,0.0,0.03333333333333333
1992,7,AS-DIB,27.4728,94.912,1,0,0.35,-0.479,1.032042581935484,3.0,1.0,0.0,0.0
1992,8,AS-DIB,27.4728,94.912,1,0,0.08,-0.768,0.7930089680645162,5.0,0.2903225806451613,0.3225806451612903,0.0
1992,9,AS-DIB,27.4728,94.912,1,0,-0.15,-0.833,1.1277177353333334,2.0,0.4666666666666667,0.23333333333333334,0.0
1993,6,AS-DIB,27.4728,94.912,1,0,0.56,-0.108,1.5129156700000002,8.0,0.8,0.0,0.0
1993,7,AS-DIB,27.4728,94.912,1,0,0.28,-0.152,0.8503892948387097,5.0,0.8064516129032258,0.0,0.0
1993,8,AS-DIB,27.4728,94.912,1,0,0.22,-0.306,0.9336245306,1.0,0.7741935483870968,0.0,0.0
1993,9,AS-DIB,27.4728,94.912,1,0,0.2,-0.17,0.4647173026666666,2.0,0.4666666666666667,0.13333333333333333,0.0
1995,6,AS-DIB,27.4728,94.912,1,0,-0.11,-0.078,0.8386585686666667,2.0,0.6,0.0,0.0
1995,7,AS-DIB,27.4728,94.912,1,0,-0.3,-0.169,1.3968855583870967,2.0,0.9032258064516129,0.0,0.0
1995,8,AS-DIB,27.4728,94.912,1,0,-0.55,-0.144,1.3320209096774194,2.0,0.7419354838709677,0.0,0.0
1995,9,AS-DIB,27.4728,94.912,1,0,-0.81,-0.18,1.0134717556666666,5.0,0.3333333333333333,0.16666666666666666,0.0
1996,6,AS-DIB,27.4728,94.912,1,0,-0.24,-0.395,1.5769545686666668,3.0,0.06666666666666667,0.7333333333333333,0.0
1996,7,AS-DIB,27.4728,94.912,1,0,-0.22,-0.644,1.590457191935484,6.0,0.8709677419354839,0.0,0.0
1996,8,AS-DIB,27.4728,94.912,1,0,-0.27,-0.681,1.0089208741935485,3.0,0.22580645161290322,0.0,0.0
1996,9,AS-DIB,27.4728,94.912,1,0,-0.3,-0.712,1.0609203293333334,5.0,0.16666666666666666,0.4,0.0
1998,6,AS-DIB,27.4728,94.912,1,0,-0.08,0.147,0.921335034,3.0,0.6333333333333333,0.0,0.0
1998,7,AS-DIB,27.4728,94.912,1,0,-0.63,-0.385,0.75393639,2.0,0.3870967741935484,0.12903225806451613,0.0
1998,8,AS-DIB,27.4728,94.912,1,0,-0.83,-0.58,1.00514719,2.0,0.16129032258064516,0.06451612903225806,0.0
1998,9,AS-DIB,27.4728,94.912,1,0,-1.02,-0.496,1.4218518516666667,8.0,0.23333333333333334,0.4,0.0
2002,6,AS-DIB,27.4728,94.912,1,0,0.45,-0.189,1.8803833166666664,2.0,0.8666666666666667,0.0,0.0
2002,7,AS-DIB,27.4728,94.912,1,0,0.57,-0.261,1.7221574980645162,8.0,0.967741935483871,0.0,0.03225806451612903
2002,8,AS-DIB,27.4728,94.912,1,0,0.63,-0.208,1.420236031935484,8.0,0.45161290322580644,0.1935483870967742,0.0
2002,9,AS-DIB,27.4728,94.912,1,0,0.78,0.286,0.7018471730000001,2.0,0.5,0.2,0.0
2003,6,AS-DIB,27.4728,94.912,1,0,-0.13,0.139,1.65106069,1.0,0.7666666666666667,0.0,0.0
2003,7,AS-DIB,27.4728,94.912,1,0,0.09,0.131,0.992855799032258,2.0,0.967741935483871,0.0,0.06451612903225806
2003,8,AS-DIB,27.4728,94.912,1,0,0.14,0.108,0.6039936987096773,6.0,0.8387096774193549,0.0,0.0
2003,9,AS-DIB,27.4728,94.912,1,0,0.23,-0.06,0.7902776976666667,4.0,0.7666666666666667,0.1,0.0
2004,6,AS-DIB,27.4728,94.912,1,0,0.22,-0.384,1.0188708323333333,7.0,0.7,0.0,0.0
2004,7,AS-DIB,27.4728,94.912,1,0,0.39,-0.301,1.611224959354839,1.0,1.0,0.0,0.03225806451612903
2004,8,AS-DIB,27.4728,94.912,1,0,0.54,-0.133,1.2484562670967745,6.0,0.967741935483871,0.0,0.06451612903225806
2004,9,AS-DIB,27.4728,94.912,1,0,0.58,-0.106,1.438454236,2.0,0.8666666666666667,0.1,0.03333333333333333
2005,6,AS-DIB,27.4728,94.912,1,0,0.09,-0.176,0.7345759723333334,2.0,0.8666666666666667,0.0,0.0
2005,7,AS-DIB,27.4728,94.912,1,0,-0.04,-0.384,1.029081502903226,2.0,1.0,0.0,0.0
2005,8,AS-DIB,27.4728,94.912,1,0,-0.14,-0.345,0.939736100967742,1.0,1.0,0.0,0.0
2005,9,AS-DIB,27.4728,94.912,1,0,-0.11,-0.534,1.522602815,8.0,0.23333333333333334,0.5333333333333333,0.0
2007,6,AS-DIB,27.4728,94.912,1,0,-0.41,0.031,1.3529915246666666,2.0,0.8333333333333334,0.0,0.06666666666666667
2007,7,AS-DIB,27.4728,94.912,1,0,-0.49,0.045,1.3795319935483872,1.0,1.0,0.0,0.0
2007,8,AS-DIB,27.4728,94.912,1,0,-0.77,0.237,0.8762567774193548,2.0,0.7741935483870968,0.16129032258064516,0.03225806451612903
2007,9,AS-DIB,27.4728,94.912,1,0,-1.05,0.235,1.1761283893333332,5.0,0.7,0.26666666666666666,0.0
2008,6,AS-DIB,27.4728,94.912,1,0,-0.56,0.215,0.953116955,3.0,0.9,0.0,0.03333333333333333
2008,7,AS-DIB,27.4728,94.912,1,0,-0.33,0.246,1.2312710548387096,1.0,1.0,0.0,0.0
2008,8,AS-DIB,27.4728,94.912,1,0,-0.2,0.124,1.211697393548387,2.0,1.0,0.0,0.0
2008,9,AS-DIB,27.4728,94.912,1,0,-0.25,0.086,1.446583400333333,5.0,0.36666666666666664,0.23333333333333334,0.0
2009,6,AS-DIB,27.4728,94.912,1,0,0.34,0.1,1.4584701413333332,8.0,0.9333333333333333,0.0,0.0
2009,7,AS-DIB,27.4728,94.912,1,0,0.5,-0.192,0.6150665787096774,5.0,1.0,0.0,0.0
2009,8,AS-DIB,27.4728,94.912,1,0,0.56,-0.104,1.12875141,1.0,0.9354838709677419,0.0,0.0
2009,9,AS-DIB,27.4728,94.912,1,0,0.66,-0.103,1.6812911126666668,4.0,0.7,0.03333333333333333,0.0
2010,6,AS-DIB,27.4728,94.912,1,0,-0.66,-0.14,1.285590429,2.0,1.0,0.0,0.0
2010,7,AS-DIB,27.4728,94.912,1,0,-0.98,-0.001,1.663601914516129,1.0,0.967741935483871,0.0,0.0
2010,8,AS-DIB,27.4728,94.912,1,0,-1.24,-0.061,0.747917844516129,1.0,1.0,0.0,0.0
2010,9,AS-DIB,27.4728,94.912,1,0,-1.43,-0.267,0.8091414173333332,1.0,1.0,0.0,0.0
2011,6,AS-DIB,27.4728,94.912,1,0,-0.34,0.055,0.6791252076666666,2.0,0.7666666666666667,0.13333333333333333,0.03333333333333333
2011,7,AS-DIB,27.4728,94.912,1,0,-0.37,0.223,1.0109919648387098,1.0,1.0,0.0,0.0
2011,8,AS-DIB,27.4728,94.912,1,0,-0.5,0.344,1.011544473516129,2.0,0.7419354838709677,0.22580645161290322,0.0
2011,9,AS-DIB,27.4728,94.912,1,0,-0.76,0.202,0.9066917783333334,3.0,0.6666666666666666,0.2,0.03333333333333333
2014,6,AS-DIB,27.4728,94.912,1,0,0.22,-0.028,1.108679051,4.0,0.8,0.0,0.0
2014,7,AS-DIB,27.4728,94.912,1,0,0.07,-0.363,1.1528067432258065,6.0,0.6774193548387096,0.0,0.0
2014,8,AS-DIB,27.4728,94.912,1,0,0.07,-0.372,1.2150309538709676,2.0,0.967741935483871,0.0,0.03225806451612903
2014,9,AS-DIB,27.4728,94.912,1,0,0.24,-0.145,0.649377995,4.0,0.8,0.03333333333333333,0.0
2015,6,AS-DIB,27.4728,94.912,1,0,1.19,0.296,1.992920383333333,4.0,1.0,0.0,0.03333333333333333
2015,7,AS-DIB,27.4728,94.912,1,0,1.44,0.225,1.837990334516129,7.0,0.8387096774193549,0.0,0.0
2015,8,AS-DIB,27.4728,94.912,1,0,1.73,0.568,0.8428048241935484,8.0,0.7741935483870968,0.06451612903225806,0.03225806451612903
2015,9,AS-DIB,27.4728,94.912,1,0,2.02,0.294,0.62977513528,1.0,0.6,0.0,0.0
2016,6,AS-DIB,27.4728,94.912,1,0,0.09,-0.443,1.5598082686666668,4.0,0.43333333333333335,0.2,0.0
2016,7,AS-DIB,27.4728,94.912,1,0,-0.19,-0.757,1.0086871877419354,2.0,0.8064516129032258,0.0,0.0
2016,8,AS-DIB,27.4728,94.912,1,0,-0.34,-0.443,1.3634238690322582,6.0,0.5483870967741935,0.2903225806451613,0.03225806451612903
2016,9,AS-DIB,27.4728,94.912,1,0,-0.42,-0.437,0.9987363606666668,5.0,0.7333333333333333,0.16666666666666666,0.03333333333333333
2017,6,AS-DIB,27.4728,94.912,1,0,0.32,0.424,1.010765505,1.0,0.7666666666666667,0.03333333333333333,0.0
2017,7,AS-DIB,27.4728,94.912,1,0,0.14,0.52,1.0194311058064516,3.0,1.0,0.0,0.0
2017,8,AS-DIB,27.4728,94.912,1,0,-0.07,0.349,0.560064344016129,2.0,0.8064516129032258,0.03225806451612903,0.03225806451612903
2017,9,AS-DIB,27.4728,94.912,1,0,-0.23,0.035,0.5864452456666667,4.0,0.8666666666666667,0.03333333333333333,0.0
2018,6,AS-DIB,27.4728,94.912,1,0,0.13,0.155,1.099695321,1.0,0.5333333333333333,0.13333333333333333,0.0
2018,7,AS-DIB,27.4728,94.912,1,0,0.2,0.053,1.4670566325806451,6.0,0.8064516129032258,0.0,0.0
2018,8,AS-DIB,27.4728,94.912,1,0,0.3,0.121,1.1604823280645162,6.0,0.7096774193548387,0.0,0.0
2018,9,AS-DIB,27.4728,94.912,1,0,0.52,0.604,1.0746740603333331,8.0,0.8,0.06666666666666667,0.0
2020,6,AS-DIB,27.4728,94.912,1,0,-0.18,0.455,1.3547168013333333,1.0,1.0,0.0,0.1
2020,7,AS-DIB,27.4728,94.912,1,0,-0.29,0.319,1.5012130690322585,2.0,0.967741935483871,0.0,0.0
2020,8,AS-DIB,27.4728,94.912,1,0,-0.43,-0.183,1.5708076487096774,8.0,0.8387096774193549,0.06451612903225806,0.0
2020,9,AS-DIB,27.4728,94.912,1,0,-0.77,-0.189,1.1078213236666663,4.0,0.6333333333333333,0.03333333333333333,0.0
2021,6,AS-DIB,27.4728,94.912,1,0,-0.31,-0.002,1.2543668813333333,1.0,0.9,0.03333333333333333,0.0
2021,7,AS-DIB,27.4728,94.912,1,0,-0.35,-0.229,1.2697446645161292,2.0,0.9032258064516129,0.0,0.03225806451612903
2021,8,AS-DIB,27.4728,94.912,1,0,-0.46,-0.099,1.3328496390322582,2.0,0.7741935483870968,0.0,0.03225806451612903
2021,9,AS-DIB,27.4728,94.912,1,0,-0.64,-0.058,1.16716908,3.0,0.06666666666666667,0.6333333333333333,0.03333333333333333
2022,6,AS-DIB,27.4728,94.912,1,0,-0.73,-0.335,1.7460144566666669,1.0,1.0,0.0,0.03333333333333333
2022,7,AS-DIB,27.4728,94.912,1,0,-0.7,-0.195,0.9906527754838708,4.0,1.0,0.0,0.0967741935483871
2022,8,AS-DIB,27.4728,94.912,1,0,-0.78,-0.246,0.962351660967742,2.0,0.8387096774193549,0.03225806451612903,0.03225806451612903
2022,9,AS-DIB,27.4728,94.912,1,0,-0.87,-0.322,0.45954351401,4.0,0.7,0.03333333333333333,0.0
2023,6,AS-DIB,27.4728,94.912,1,0,0.73,0.665,1.1452140906,2.0,0.7,0.06666666666666667,0.0
2023,7,AS-DIB,27.4728,94.912,1,0,1.0,0.498,0.7976125261290323,6.0,0.7741935483870968,0.12903225806451613,0.0
2023,8,AS-DIB,27.4728,94.912,1,0,1.25,0.826,0.9138732870967742,8.0,0.967741935483871,0.0,0.06451612903225806
2023,9,AS-DIB,27.4728,94.912,1,0,1.5,0.946,0.8482362092433333,4.0,0.4,0.4,0.03333333333333333
1990,6,AS-JOR,26.7509,94.2037,1,0,0.25,-0.568,0.7040596286666666,6.0,0.9,0.0,0.0
1990,7,AS-JOR,26.7509,94.2037,1,0,0.26,-0.246,0.7642434731967742,1.0,0.9032258064516129,0.0,0.0
1990,8,AS-JOR,26.7509,94.2037,1,0,0.32,-0.391,0.8801470647322581,6.0,0.9032258064516129,0.0,0.0
1990,9,AS-JOR,26.7509,94.2037,1,0,0.31,-0.183,0.775732242,3.0,0.9,0.03333333333333333,0.0
1991,6,AS-JOR,26.7509,94.2037,1,0,0.63,0.263,1.4334286633333333,5.0,0.9666666666666667,0.0,0.0
1991,7,AS-JOR,26.7509,94.2037,1,0,0.77,0.269,0.6487244419290323,6.0,0.8709677419354839,0.0,0.0
1991,8,AS-JOR,26.7509,94.2037,1,0,0.67,0.058,1.2953001661290322,5.0,0.4838709677419355,0.12903225806451613,0.0
1991,9,AS-JOR,26.7509,94.2037,1,0,0.72,0.099,1.3728957676666669,8.0,0.7,0.0,0.0
1992,6,AS-JOR,26.7509,94.2037,1,0,0.72,-0.861,1.0309609286666666,3.0,0.8,0.06666666666666667,0.0
1992,7,AS-JOR,26.7509,94.2037,1,0,0.35,-0.479,1.032042581935484,3.0,0.8709677419354839,0.0,0.0
1992,8,AS-JOR,26.7509,94.2037,1,0,0.08,-0.768,0.7930089680645162,5.0,0.9354838709677419,0.0,0.0
1992,9,AS-JOR,26.7509,94.2037,1,0,-0.15,-0.833,1.1277177353333334,2.0,0.6,0.03333333333333333,0.0
1993,6,AS-JOR,26.7509,94.2037,1,0,0.56,-0.108,1.5129156700000002,8.0,0.9333333333333333,0.0,0.0
1993,7,AS-JOR,26.7509,94.2037,1,0,0.28,-0.152,0.8503892948387097,5.0,1.0,0.0,0.0
1993,8,AS-JOR,26.7509,94.2037,1,0,0.22,-0.306,0.9336245306,1.0,0.8064516129032258,0.0,0.0
1993,9,AS-JOR,26.7509,94.2037,1,0,0.2,-0.17,0.4647173026666666,2.0,0.4,0.13333333333333333,0.0
1995,6,AS-JOR,26.7509,94.2037,1,0,-0.11,-0.078,0.8386585686666667,2.0,0.36666666666666664,0.0,0.0
1995,7,AS-JOR,26.7509,94.2037,1,0,-0.3,-0.169,1.3968855583870967,2.0,1.0,0.0,0.0
1995,8,AS-JOR,26.7509,94.2037,1,0,-0.55,-0.144,1.3320209096774194,2.0,0.7096774193548387,0.0967741935483871,0.0
1995,9,AS-JOR,26.7509,94.2037,1,0,-0.81,-0.18,1.0134717556666666,5.0,0.4666666666666667,0.06666666666666667,0.0
1996,6,AS-JOR,26.7509,94.2037,1,0,-0.24,-0.395,1.5769545686666668,3.0,0.6,0.13333333333333333,0.0
1996,7,AS-JOR,26.7509,94.2037,1,0,-0.22,-0.644,1.590457191935484,6.0,1.0,0.0,0.0
1996,8,AS-JOR,26.7509,94.2037,1,0,-0.27,-0.681,1.0089208741935485,3.0,1.0,0.0,0.03225806451612903
1996,9,AS-JOR,26.7509,94.2037,1,0,-0.3,-0.712,1.0609203293333334,5.0,0.4666666666666667,0.03333333333333333,0.0
1998,6,AS-JOR,26.7509,94.2037,1,0,-0.08,0.147,0.921335034,3.0,1.0,0.0,0.0
1998,7,AS-JOR,26.7509,94.2037,1,0,-0.63,-0.385,0.75393639,2.0,0.7741935483870968,0.03225806451612903,0.03225806451612903
1998,8,AS-JOR,26.7509,94.2037,1,0,-0.83,-0.58,1.00514719,2.0,0.9032258064516129,0.0,0.0
1998,9,AS-JOR,26.7509,94.2037,1,0,-1.02,-0.496,1.4218518516666667,8.0,0.6,0.26666666666666666,0.0
2002,6,AS-JOR,26.7509,94.2037,1,0,0.45,-0.189,1.8803833166666664,2.0,0.7666666666666667,0.0,0.0
2002,7,AS-JOR,26.7509,94.2037,1,0,0.57,-0.261,1.7221574980645162,8.0,1.0,0.0,0.0
2002,8,AS-JOR,26.7509,94.2037,1,0,0.63,-0.208,1.420236031935484,8.0,1.0,0.0,0.03225806451612903
2002,9,AS-JOR,26.7509,94.2037,1,0,0.78,0.286,0.7018471730000001,2.0,0.4666666666666667,0.2,0.0
2003,6,AS-JOR,26.7509,94.2037,1,0,-0.13,0.139,1.65106069,1.0,0.8,0.0,0.0
2003,7,AS-JOR,26.7509,94.2037,1,0,0.09,0.131,0.992855799032258,2.0,0.967741935483871,0.0,0.03225806451612903
2003,8,AS-JOR,26.7509,94.2037,1,0,0.14,0.108,0.6039936987096773,6.0,0.8387096774193549,0.0,0.0
2003,9,AS-JOR,26.7509,94.2037,1,0,0.23,-0.06,0.7902776976666667,4.0,1.0,0.0,0.03333333333333333
2004,6,AS-JOR,26.7509,94.2037,1,0,0.22,-0.384,1.0188708323333333,7.0,1.0,0.0,0.03333333333333333
2004,7,AS-JOR,26.7509,94.2037,1,0,0.39,-0.301,1.611224959354839,1.0,0.967741935483871,0.0,0.0
2004,8,AS-JOR,26.7509,94.2037,1,0,0.54,-0.133,1.2484562670967745,6.0,0.8387096774193549,0.03225806451612903,0.0
2004,9,AS-JOR,26.7509,94.2037,1,0,0.58,-0.106,1.438454236,2.0,0.9333333333333333,0.06666666666666667,0.0
2005,6,AS-JOR,26.7509,94.2037,1,0,0.09,-0.176,0.7345759723333334,2.0,0.8,0.03333333333333333,0.03333333333333333
2005,7,AS-JOR,26.7509,94.2037,1,0,-0.04,-0.384,1.029081502903226,2.0,1.0,0.0,0.0
2005,8,AS-JOR,26.7509,94.2037,1,0,-0.14,-0.345,0.939736100967742,1.0,1.0,0.0,0.0
2005,9,AS-JOR,26.7509,94.2037,1,0,-0.11,-0.534,1.522602815,8.0,0.16666666666666666,0.5666666666666667,0.0
2007,6,AS-JOR,26.7509,94.2037,1,0,-0.41,0.031,1.3529915246666666,2.0,0.8333333333333334,0.0,0.0
2007,7,AS-JOR,26.7509,94.2037,1,0,-0.49,0.045,1.3795319935483872,1.0,1.0,0.0,0.03225806451612903
2007,8,AS-JOR,26.7509,94.2037,1,0,-0.77,0.237,0.8762567774193548,2.0,0.7419354838709677,0.0,0.03225806451612903
2007,9,AS-JOR,26.7509,94.2037,1,0,-1.05,0.235,1.1761283893333332,5.0,1.0,0.0,0.0
2008,6,AS-JOR,26.7509,94.2037,1,0,-0.56,0.215,0.953116955,3.0,0.9666666666666667,0.0,0.0
2008,7,AS-JOR,26.7509,94.2037,1,0,-0.33,0.246,1.2312710548387096,1.0,1.0,0.0,0.06451612903225806
2008,8,AS-JOR,26.7509,94.2037,1,0,-0.2,0.124,1.211697393548387,2.0,1.0,0.0,0.03225806451612903
2008,9,AS-JOR,26.7509,94.2037,1,0,-0.25,0.086,1.446583400333333,5.0,0.8333333333333334,0.03333333333333333,0.0
2009,6,AS-JOR,26.7509,94.2037,1,0,0.34,0.1,1.4584701413333332,8.0,0.8333333333333334,0.03333333333333333,0.0
2009,7,AS-JOR,26.7509,94.2037,1,0,0.5,-0.192,0.6150665787096774,5.0,0.8064516129032258,0.0,0.0
2009,8,AS-JOR,26.7509,94.2037,1,0,0.56,-0.104,1.12875141,1.0,1.0,0.0,0.0
2009,9,AS-JOR,26.7509,94.2037,1,0,0.66,-0.103,1.6812911126666668,4.0,0.9,0.0,0.0
2010,6,AS-JOR,26.7509,94.2037,1,0,-0.66,-0.14,1.285590429,2.0,1.0,0.0,0.0
2010,7,AS-JOR,26.7509,94.2037,1,0,-0.98,-0.001,1.663601914516129,1.0,1.0,0.0,0.03225806451612903
2010,8,AS-JOR,26.7509,94.2037,1,0,-1.24,-0.061,0.747917844516129,1.0,0.9032258064516129,0.0,0.0
2010,9,AS-JOR,26.7509,94.2037,1,0,-1.43,-0.267,0.8091414173333332,1.0,1.0,0.0,0.03333333333333333
2011,6,AS-JOR,26.7509,94.2037,1,0,-0.34,0.055,0.6791252076666666,2.0,0.8,0.13333333333333333,0.0
2011,7,AS-JOR,26.7509,94.2037,1,0,-0.37,0.223,1.0109919648387098,1.0,1.0,0.0,0.03225806451612903
2011,8,AS-JOR,26.7509,94.2037,1,0,-0.5,0.344,1.011544473516129,2.0,0.7741935483870968,0.12903225806451613,0.0
2011,9,AS-JOR,26.7509,94.2037,1,0,-0.76,0.202,0.9066917783333334,3.0,0.9,0.0,0.03333333333333333
2014,6,AS-JOR,26.7509,94.2037,1,0,0.22,-0.028,1.108679051,4.0,0.5333333333333333,0.0,0.06666666666666667
2014,7,AS-JOR,26.7509,94.2037,1,0,0.07,-0.363,1.1528067432258065,6.0,0.7096774193548387,0.12903225806451613,0.06451612903225806
2014,8,AS-JOR,26.7509,94.2037,1,0,0.07,-0.372,1.2150309538709676,2.0,0.9032258064516129,0.06451612903225806,0.0
2014,9,AS-JOR,26.7509,94.2037,1,0,0.24,-0.145,0.649377995,4.0,0.26666666666666666,0.2,0.0
2015,6,AS-JOR,26.7509,94.2037,1,0,1.19,0.296,1.992920383333333,4.0,0.8333333333333334,0.0,0.03333333333333333
2015,7,AS-JOR,26.7509,94.2037,1,0,1.44,0.225,1.837990334516129,7.0,0.7419354838709677,0.0967741935483871,0.03225806451612903
2015,8,AS-JOR,26.7509,94.2037,1,0,1.73,0.568,0.8428048241935484,8.0,0.7419354838709677,0.12903225806451613,0.03225806451612903
2015,9,AS-JOR,26.7509,94.2037,1,0,2.02,0.294,0.62977513528,1.0,0.8,0.0,0.0
2016,6,AS-JOR,26.7509,94.2037,1,0,0.09,-0.443,1.5598082686666668,4.0,0.6,0.13333333333333333,0.0
2016,7,AS-JOR,26.7509,94.2037,1,0,-0.19,-0.757,1.0086871877419354,2.0,0.9354838709677419,0.0,0.03225806451612903
2016,8,AS-JOR,26.7509,94.2037,1,0,-0.34,-0.443,1.3634238690322582,6.0,0.45161290322580644,0.22580645161290322,0.03225806451612903
2016,9,AS-JOR,26.7509,94.2037,1,0,-0.42,-0.437,0.9987363606666668,5.0,0.8333333333333334,0.0,0.06666666666666667
2017,6,AS-JOR,26.7509,94.2037,1,0,0.32,0.424,1.010765505,1.0,0.8333333333333334,0.0,0.0
2017,7,AS-JOR,26.7509,94.2037,1,0,0.14,0.52,1.0194311058064516,3.0,0.967741935483871,0.0,0.0
2017,8,AS-JOR,26.7509,94.2037,1,0,-0.07,0.349,0.560064344016129,2.0,0.6451612903225806,0.0,0.0
2017,9,AS-JOR,26.7509,94.2037,1,0,-0.23,0.035,0.5864452456666667,4.0,0.6333333333333333,0.1,0.0
2018,6,AS-JOR,26.7509,94.2037,1,0,0.13,0.155,1.099695321,1.0,0.9333333333333333,0.0,0.03333333333333333
2018,7,AS-JOR,26.7509,94.2037,1,0,0.2,0.053,1.4670566325806451,6.0,0.9032258064516129,0.0,0.0
2018,8,AS-JOR,26.7509,94.2037,1,0,0.3,0.121,1.1604823280645162,6.0,0.6774193548387096,0.0967741935483871,0.0
2018,9,AS-JOR,26.7509,94.2037,1,0,0.52,0.604,1.0746740603333331,8.0,0.9,0.0,0.0
2020,6,AS-JOR,26.7509,94.2037,1,0,-0.18,0.455,1.3547168013333333,1.0,0.9333333333333333,0.0,0.0
2020,7,AS-JOR,26.7509,94.2037,1,0,-0.29,0.319,1.5012130690322585,2.0,0.9032258064516129,0.0,0.03225806451612903
2020,8,AS-JOR,26.7509,94.2037,1,0,-0.43,-0.183,1.5708076487096774,8.0,0.9032258064516129,0.03225806451612903,0.0
2020,9,AS-JOR,26.7509,94.2037,1,0,-0.77,-0.189,1.1078213236666663,4.0,0.8333333333333334,0.0,0.0
2021,6,AS-JOR,26.7509,94.2037,1,0,-0.31,-0.002,1.2543668813333333,1.0,0.7666666666666667,0.06666666666666667,0.0
2021,7,AS-JOR,26.7509,94.2037,1,0,-0.35,-0.229,1.2697446645161292,2.0,0.967741935483871,0.0,0.06451612903225806
2021,8,AS-JOR,26.7509,94.2037,1,0,-0.46,-0.099,1.3328496390322582,2.0,0.9032258064516129,0.0,0.0
2021,9,AS-JOR,26.7509,94.2037,1,0,-0.64,-0.058,1.16716908,3.0,0.4666666666666667,0.26666666666666666,0.0
2022,6,AS-JOR,26.7509,94.2037,1,0,-0.73,-0.335,1.7460144566666669,1.0,0.6333333333333333,0.03333333333333333,0.0
2022,7,AS-JOR,26.7509,94.2037,1,0,-0.7,-0.195,0.9906527754838708,4.0,1.0,0.0,0.03225806451612903
2022,8,AS-JOR,26.7509,94.2037,1,0,-0.78,-0.246,0.962351660967742,2.0,0.967741935483871,0.0,0.0
2022,9,AS-JOR,26.7509,94.2037,1,0,-0.87,-0.322,0.45954351401,4.0,0.8666666666666667,0.0,0.0
2023,6,AS-JOR,26.7509,94.2037,1,0,0.73,0.665,1.1452140906,2.0,0.7,0.23333333333333334,0.0
2023,7,AS-JOR,26.7509,94.2037,1,0,1.0,0.498,0.7976125261290323,6.0,1.0,0.0,0.0
2023,8,AS-JOR,26.7509,94.2037,1,0,1.25,0.826,0.9138732870967742,8.0,1.0,0.0,0.0
2023,9,AS-JOR,26.7509,94.2037,1,0,1.5,0.946,0.8482362092433333,4.0,0.6,0.3,0.03333333333333333
